"","x","y","1","2"
"270",-91.5,82.5,0,0
"271",-88.5,82.5,0,0
"272",-85.5,82.5,0,0
"273",-82.5,82.5,0,0
"274",-79.5,82.5,0,0
"275",-76.5,82.5,0,0
"276",-73.5,82.5,0,0
"277",-70.5,82.5,0,0
"278",-67.5,82.5,0,0
"279",-64.5,82.5,0,0
"280",-61.5,82.5,0,0
"281",-58.5,82.5,0,0
"282",-55.5,82.5,0,0
"283",-52.5,82.5,0,0
"284",-49.5,82.5,0,0
"285",-46.5,82.5,1,0
"286",-43.5,82.5,1,0
"287",-40.5,82.5,0,0
"288",-37.5,82.5,0,0
"289",-34.5,82.5,1,0
"290",-31.5,82.5,1,0
"291",-28.5,82.5,1,0
"292",-25.5,82.5,1,0
"293",-22.5,82.5,1,0
"294",-19.5,82.5,1,0
"295",-16.5,82.5,1,0
"296",-13.5,82.5,1,0
"320",58.5,82.5,0,0
"386",-103.5,79.5,0,0
"387",-100.5,79.5,0,0
"388",-97.5,79.5,0,0
"389",-94.5,79.5,0,0
"390",-91.5,79.5,0,0
"391",-88.5,79.5,0,0
"392",-85.5,79.5,0,0
"393",-82.5,79.5,0,0
"394",-79.5,79.5,0,0
"395",-76.5,79.5,0,0
"396",-73.5,79.5,0,0
"397",-70.5,79.5,0,0
"398",-67.5,79.5,0,0
"399",-64.5,79.5,0,0
"400",-61.5,79.5,0,0
"401",-58.5,79.5,0,0
"402",-55.5,79.5,0,0
"403",-52.5,79.5,0,0
"404",-49.5,79.5,0,0
"405",-46.5,79.5,0,0
"406",-43.5,79.5,0,0
"407",-40.5,79.5,0,0
"408",-37.5,79.5,0,0
"409",-34.5,79.5,0,0
"410",-31.5,79.5,0,0
"411",-28.5,79.5,0,0
"412",-25.5,79.5,0,0
"413",-22.5,79.5,1,0
"414",-19.5,79.5,1,0
"415",-16.5,79.5,0,0
"425",13.5,79.5,0,0
"426",16.5,79.5,0,0
"427",19.5,79.5,0,0
"428",22.5,79.5,0,0
"429",25.5,79.5,0,0
"437",49.5,79.5,0,0
"438",52.5,79.5,0,0
"439",55.5,79.5,0,0
"440",58.5,79.5,0,0
"451",91.5,79.5,0,0
"452",94.5,79.5,0,0
"453",97.5,79.5,0,0
"454",100.5,79.5,0,0
"455",103.5,79.5,0,0
"500",-121.5,76.5,0,0
"501",-118.5,76.5,0,0
"502",-115.5,76.5,0,0
"503",-112.5,76.5,0,0
"504",-109.5,76.5,0,0
"505",-106.5,76.5,0,0
"506",-103.5,76.5,0,0
"507",-100.5,76.5,0,0
"508",-97.5,76.5,0,0
"509",-94.5,76.5,0,0
"510",-91.5,76.5,0,0
"511",-88.5,76.5,0,0
"512",-85.5,76.5,0,0
"513",-82.5,76.5,0,0
"514",-79.5,76.5,0,0
"517",-70.5,76.5,0,0
"518",-67.5,76.5,0,0
"519",-64.5,76.5,0,0
"520",-61.5,76.5,0,0
"521",-58.5,76.5,0,0
"522",-55.5,76.5,0,0
"523",-52.5,76.5,0,0
"524",-49.5,76.5,0,0
"525",-46.5,76.5,0,0
"526",-43.5,76.5,0,0
"527",-40.5,76.5,0,0
"528",-37.5,76.5,0,0
"529",-34.5,76.5,0,0
"530",-31.5,76.5,1,0
"531",-28.5,76.5,0,0
"532",-25.5,76.5,0,0
"533",-22.5,76.5,1,0
"534",-19.5,76.5,1,0
"546",16.5,76.5,0,0
"548",22.5,76.5,0,0
"560",58.5,76.5,0,0
"561",61.5,76.5,0,0
"562",64.5,76.5,0,0
"563",67.5,76.5,0,0
"571",91.5,76.5,0,0
"572",94.5,76.5,0,0
"573",97.5,76.5,0,0
"574",100.5,76.5,0,0
"575",103.5,76.5,0,0
"576",106.5,76.5,0,0
"577",109.5,76.5,0,0
"578",112.5,76.5,0,0
"587",139.5,76.5,0,0
"588",142.5,76.5,0,0
"590",148.5,76.5,0,0
"619",-124.5,73.5,0,0
"620",-121.5,73.5,0,0
"621",-118.5,73.5,0,0
"622",-115.5,73.5,0,0
"623",-112.5,73.5,0,0
"624",-109.5,73.5,0,0
"625",-106.5,73.5,0,0
"627",-100.5,73.5,0,0
"628",-97.5,73.5,0,0
"629",-94.5,73.5,0,0
"630",-91.5,73.5,0,0
"631",-88.5,73.5,0,0
"632",-85.5,73.5,0,0
"633",-82.5,73.5,0,0
"634",-79.5,73.5,0,0
"635",-76.5,73.5,0,0
"642",-55.5,73.5,0,0
"643",-52.5,73.5,0,0
"644",-49.5,73.5,0,0
"645",-46.5,73.5,0,0
"646",-43.5,73.5,0,0
"647",-40.5,73.5,0,0
"648",-37.5,73.5,0,0
"649",-34.5,73.5,1,0
"650",-31.5,73.5,1,0
"651",-28.5,73.5,0,0
"652",-25.5,73.5,0,0
"653",-22.5,73.5,1,0
"654",-19.5,73.5,0,0
"678",52.5,73.5,1,0
"679",55.5,73.5,0,1
"680",58.5,73.5,0,0
"684",70.5,73.5,0,0
"687",79.5,73.5,0,0
"688",82.5,73.5,0,0
"689",85.5,73.5,0,0
"690",88.5,73.5,0,0
"691",91.5,73.5,0,0
"692",94.5,73.5,0,0
"693",97.5,73.5,0,0
"694",100.5,73.5,0,0
"695",103.5,73.5,0,0
"696",106.5,73.5,1,0
"697",109.5,73.5,0,0
"698",112.5,73.5,0,0
"699",115.5,73.5,0,0
"700",118.5,73.5,0,0
"701",121.5,73.5,0,0
"702",124.5,73.5,0,0
"703",127.5,73.5,0,0
"707",139.5,73.5,0,0
"708",142.5,73.5,0,0
"709",145.5,73.5,0,0
"710",148.5,73.5,0,0
"727",-160.5,70.5,0,0
"728",-157.5,70.5,0,0
"729",-154.5,70.5,0,0
"730",-151.5,70.5,0,0
"731",-148.5,70.5,0,0
"732",-145.5,70.5,0,0
"733",-142.5,70.5,0,0
"734",-139.5,70.5,0,0
"736",-133.5,70.5,0,0
"737",-130.5,70.5,0,0
"738",-127.5,70.5,0,0
"739",-124.5,70.5,0,0
"740",-121.5,70.5,0,0
"741",-118.5,70.5,0,0
"742",-115.5,70.5,0,0
"743",-112.5,70.5,0,0
"744",-109.5,70.5,0,0
"745",-106.5,70.5,0,0
"746",-103.5,70.5,0,0
"747",-100.5,70.5,0,0
"748",-97.5,70.5,0,0
"749",-94.5,70.5,0,0
"750",-91.5,70.5,0,0
"751",-88.5,70.5,0,0
"752",-85.5,70.5,0,0
"753",-82.5,70.5,0,0
"754",-79.5,70.5,0,0
"755",-76.5,70.5,0,0
"756",-73.5,70.5,0,0
"757",-70.5,70.5,0,0
"758",-67.5,70.5,0,0
"762",-55.5,70.5,0,0
"763",-52.5,70.5,0,0
"764",-49.5,70.5,0,0
"765",-46.5,70.5,0,0
"766",-43.5,70.5,0,0
"767",-40.5,70.5,0,0
"768",-37.5,70.5,0,0
"769",-34.5,70.5,0,0
"770",-31.5,70.5,0,0
"771",-28.5,70.5,1,0
"772",-25.5,70.5,1,0
"773",-22.5,70.5,1,0
"787",19.5,70.5,1,1
"788",22.5,70.5,1,0
"789",25.5,70.5,1,1
"790",28.5,70.5,1,0
"791",31.5,70.5,1,1
"792",34.5,70.5,1,1
"798",52.5,70.5,0,0
"799",55.5,70.5,1,1
"801",61.5,70.5,1,0
"803",67.5,70.5,0,0
"804",70.5,70.5,0,0
"805",73.5,70.5,0,0
"806",76.5,70.5,0,0
"807",79.5,70.5,0,0
"808",82.5,70.5,0,0
"809",85.5,70.5,0,0
"810",88.5,70.5,0,0
"811",91.5,70.5,0,0
"812",94.5,70.5,0,0
"813",97.5,70.5,0,0
"814",100.5,70.5,0,0
"815",103.5,70.5,0,0
"816",106.5,70.5,0,0
"817",109.5,70.5,0,0
"818",112.5,70.5,0,0
"819",115.5,70.5,0,0
"820",118.5,70.5,0,0
"821",121.5,70.5,0,0
"822",124.5,70.5,0,0
"823",127.5,70.5,0,0
"824",130.5,70.5,0,0
"825",133.5,70.5,0,0
"826",136.5,70.5,0,0
"827",139.5,70.5,0,0
"828",142.5,70.5,0,0
"829",145.5,70.5,0,0
"830",148.5,70.5,0,0
"831",151.5,70.5,0,0
"832",154.5,70.5,0,0
"833",157.5,70.5,0,0
"834",160.5,70.5,0,0
"835",163.5,70.5,0,0
"836",166.5,70.5,0,0
"838",172.5,70.5,0,0
"839",175.5,70.5,0,0
"840",178.5,70.5,0,0
"841",-178.5,67.5,0,0
"842",-175.5,67.5,0,0
"843",-172.5,67.5,1,0
"845",-166.5,67.5,1,0
"846",-163.5,67.5,0,0
"847",-160.5,67.5,0,0
"848",-157.5,67.5,0,0
"849",-154.5,67.5,0,0
"850",-151.5,67.5,0,0
"851",-148.5,67.5,0,0
"852",-145.5,67.5,0,0
"853",-142.5,67.5,0,0
"854",-139.5,67.5,0,0
"855",-136.5,67.5,0,0
"856",-133.5,67.5,0,0
"857",-130.5,67.5,1,0
"858",-127.5,67.5,1,0
"859",-124.5,67.5,0,0
"860",-121.5,67.5,0,0
"861",-118.5,67.5,0,0
"862",-115.5,67.5,0,0
"863",-112.5,67.5,0,0
"864",-109.5,67.5,0,0
"865",-106.5,67.5,0,0
"866",-103.5,67.5,0,0
"867",-100.5,67.5,0,0
"868",-97.5,67.5,0,0
"869",-94.5,67.5,0,0
"870",-91.5,67.5,0,0
"871",-88.5,67.5,0,0
"872",-85.5,67.5,0,0
"873",-82.5,67.5,1,0
"875",-76.5,67.5,0,0
"876",-73.5,67.5,0,0
"877",-70.5,67.5,0,0
"878",-67.5,67.5,0,0
"879",-64.5,67.5,0,0
"883",-52.5,67.5,0,0
"884",-49.5,67.5,0,0
"885",-46.5,67.5,0,0
"886",-43.5,67.5,0,0
"887",-40.5,67.5,0,0
"888",-37.5,67.5,0,0
"889",-34.5,67.5,0,0
"890",-31.5,67.5,0,0
"891",-28.5,67.5,0,0
"905",13.5,67.5,1,1
"906",16.5,67.5,1,1
"907",19.5,67.5,1,1
"908",22.5,67.5,1,1
"909",25.5,67.5,1,1
"910",28.5,67.5,1,1
"911",31.5,67.5,0,1
"912",34.5,67.5,1,1
"913",37.5,67.5,1,1
"914",40.5,67.5,1,1
"915",43.5,67.5,1,1
"916",46.5,67.5,1,1
"917",49.5,67.5,1,1
"918",52.5,67.5,1,1
"919",55.5,67.5,1,1
"920",58.5,67.5,1,1
"921",61.5,67.5,0,1
"922",64.5,67.5,0,0
"923",67.5,67.5,0,0
"924",70.5,67.5,0,0
"925",73.5,67.5,0,0
"926",76.5,67.5,0,0
"927",79.5,67.5,0,0
"928",82.5,67.5,0,0
"929",85.5,67.5,0,0
"930",88.5,67.5,0,0
"931",91.5,67.5,0,0
"932",94.5,67.5,0,0
"933",97.5,67.5,0,0
"934",100.5,67.5,0,0
"935",103.5,67.5,0,0
"936",106.5,67.5,0,0
"937",109.5,67.5,0,0
"938",112.5,67.5,0,0
"939",115.5,67.5,0,0
"940",118.5,67.5,0,0
"941",121.5,67.5,0,0
"942",124.5,67.5,0,0
"943",127.5,67.5,0,0
"944",130.5,67.5,0,0
"945",133.5,67.5,0,0
"946",136.5,67.5,0,0
"947",139.5,67.5,0,0
"948",142.5,67.5,0,0
"949",145.5,67.5,0,0
"950",148.5,67.5,0,0
"951",151.5,67.5,0,0
"952",154.5,67.5,0,0
"953",157.5,67.5,0,0
"954",160.5,67.5,1,0
"955",163.5,67.5,0,0
"956",166.5,67.5,0,0
"957",169.5,67.5,0,0
"958",172.5,67.5,0,0
"959",175.5,67.5,0,0
"960",178.5,67.5,0,0
"961",-178.5,64.5,0,0
"962",-175.5,64.5,0,0
"963",-172.5,64.5,0,0
"964",-169.5,64.5,1,0
"965",-166.5,64.5,1,1
"966",-163.5,64.5,1,1
"967",-160.5,64.5,1,1
"968",-157.5,64.5,1,1
"969",-154.5,64.5,0,0
"970",-151.5,64.5,0,0
"971",-148.5,64.5,0,0
"972",-145.5,64.5,0,1
"973",-142.5,64.5,0,0
"974",-139.5,64.5,1,0
"975",-136.5,64.5,0,0
"976",-133.5,64.5,0,0
"977",-130.5,64.5,0,0
"978",-127.5,64.5,0,0
"979",-124.5,64.5,0,0
"980",-121.5,64.5,0,0
"981",-118.5,64.5,1,0
"982",-115.5,64.5,0,0
"983",-112.5,64.5,0,0
"984",-109.5,64.5,0,0
"985",-106.5,64.5,0,0
"986",-103.5,64.5,0,0
"987",-100.5,64.5,0,0
"988",-97.5,64.5,0,0
"989",-94.5,64.5,0,0
"990",-91.5,64.5,0,0
"991",-88.5,64.5,0,0
"992",-85.5,64.5,0,0
"993",-82.5,64.5,0,0
"995",-76.5,64.5,0,0
"996",-73.5,64.5,0,0
"997",-70.5,64.5,0,0
"998",-67.5,64.5,0,0
"999",-64.5,64.5,0,0
"1003",-52.5,64.5,0,0
"1004",-49.5,64.5,0,0
"1005",-46.5,64.5,0,0
"1006",-43.5,64.5,0,0
"1007",-40.5,64.5,0,0
"1008",-37.5,64.5,0,0
"1013",-22.5,64.5,0,0
"1014",-19.5,64.5,1,0
"1015",-16.5,64.5,1,0
"1016",-13.5,64.5,0,0
"1024",10.5,64.5,1,1
"1025",13.5,64.5,1,1
"1026",16.5,64.5,1,1
"1027",19.5,64.5,1,1
"1028",22.5,64.5,1,1
"1029",25.5,64.5,1,1
"1030",28.5,64.5,1,1
"1031",31.5,64.5,1,1
"1032",34.5,64.5,1,1
"1033",37.5,64.5,1,1
"1034",40.5,64.5,1,1
"1035",43.5,64.5,1,1
"1036",46.5,64.5,1,1
"1037",49.5,64.5,1,1
"1038",52.5,64.5,1,1
"1039",55.5,64.5,0,0
"1040",58.5,64.5,0,1
"1041",61.5,64.5,0,0
"1042",64.5,64.5,1,0
"1043",67.5,64.5,1,1
"1044",70.5,64.5,1,1
"1045",73.5,64.5,1,0
"1046",76.5,64.5,1,0
"1047",79.5,64.5,1,1
"1048",82.5,64.5,1,0
"1049",85.5,64.5,1,0
"1050",88.5,64.5,0,0
"1051",91.5,64.5,0,0
"1052",94.5,64.5,0,0
"1053",97.5,64.5,0,0
"1054",100.5,64.5,0,0
"1055",103.5,64.5,0,0
"1056",106.5,64.5,0,0
"1057",109.5,64.5,0,0
"1058",112.5,64.5,0,0
"1059",115.5,64.5,0,0
"1060",118.5,64.5,0,0
"1061",121.5,64.5,0,0
"1062",124.5,64.5,0,0
"1063",127.5,64.5,0,0
"1064",130.5,64.5,0,0
"1065",133.5,64.5,0,0
"1066",136.5,64.5,0,0
"1067",139.5,64.5,0,0
"1068",142.5,64.5,0,0
"1069",145.5,64.5,0,0
"1070",148.5,64.5,0,0
"1071",151.5,64.5,0,0
"1072",154.5,64.5,0,1
"1073",157.5,64.5,0,0
"1074",160.5,64.5,0,0
"1075",163.5,64.5,0,0
"1076",166.5,64.5,0,0
"1077",169.5,64.5,1,0
"1078",172.5,64.5,0,0
"1079",175.5,64.5,1,0
"1080",178.5,64.5,1,0
"1085",-166.5,61.5,1,1
"1086",-163.5,61.5,1,1
"1087",-160.5,61.5,1,0
"1088",-157.5,61.5,0,1
"1089",-154.5,61.5,1,0
"1090",-151.5,61.5,0,0
"1091",-148.5,61.5,0,0
"1092",-145.5,61.5,1,0
"1093",-142.5,61.5,0,0
"1094",-139.5,61.5,0,0
"1095",-136.5,61.5,1,0
"1096",-133.5,61.5,1,0
"1097",-130.5,61.5,0,0
"1098",-127.5,61.5,0,0
"1099",-124.5,61.5,0,0
"1100",-121.5,61.5,1,1
"1101",-118.5,61.5,1,1
"1102",-115.5,61.5,0,1
"1103",-112.5,61.5,0,0
"1104",-109.5,61.5,0,0
"1105",-106.5,61.5,0,0
"1106",-103.5,61.5,0,0
"1107",-100.5,61.5,0,0
"1108",-97.5,61.5,0,0
"1109",-94.5,61.5,0,0
"1115",-76.5,61.5,0,0
"1116",-73.5,61.5,0,0
"1117",-70.5,61.5,0,0
"1118",-67.5,61.5,0,0
"1119",-64.5,61.5,0,0
"1124",-49.5,61.5,0,0
"1125",-46.5,61.5,0,0
"1126",-43.5,61.5,0,0
"1142",4.5,61.5,1,1
"1143",7.5,61.5,1,1
"1144",10.5,61.5,1,1
"1145",13.5,61.5,1,1
"1146",16.5,61.5,1,1
"1148",22.5,61.5,1,1
"1149",25.5,61.5,1,1
"1150",28.5,61.5,1,1
"1151",31.5,61.5,1,1
"1152",34.5,61.5,1,1
"1153",37.5,61.5,1,1
"1154",40.5,61.5,0,1
"1155",43.5,61.5,1,1
"1156",46.5,61.5,1,1
"1157",49.5,61.5,1,1
"1158",52.5,61.5,1,1
"1159",55.5,61.5,1,1
"1160",58.5,61.5,1,1
"1161",61.5,61.5,1,1
"1162",64.5,61.5,0,1
"1163",67.5,61.5,1,1
"1164",70.5,61.5,1,1
"1165",73.5,61.5,1,1
"1166",76.5,61.5,1,1
"1167",79.5,61.5,1,1
"1168",82.5,61.5,1,1
"1169",85.5,61.5,0,1
"1170",88.5,61.5,0,1
"1171",91.5,61.5,0,0
"1172",94.5,61.5,1,0
"1173",97.5,61.5,0,0
"1174",100.5,61.5,0,0
"1175",103.5,61.5,0,0
"1176",106.5,61.5,0,1
"1177",109.5,61.5,0,0
"1178",112.5,61.5,0,0
"1179",115.5,61.5,0,1
"1180",118.5,61.5,0,0
"1181",121.5,61.5,1,0
"1182",124.5,61.5,0,0
"1183",127.5,61.5,0,0
"1184",130.5,61.5,0,0
"1185",133.5,61.5,0,0
"1186",136.5,61.5,0,0
"1187",139.5,61.5,0,0
"1188",142.5,61.5,0,0
"1189",145.5,61.5,0,0
"1190",148.5,61.5,0,0
"1191",151.5,61.5,0,0
"1192",154.5,61.5,0,0
"1193",157.5,61.5,0,0
"1194",160.5,61.5,0,0
"1195",163.5,61.5,0,0
"1196",166.5,61.5,0,1
"1197",169.5,61.5,0,0
"1198",172.5,61.5,0,0
"1199",175.5,61.5,0,0
"1200",178.5,61.5,0,0
"1207",-160.5,58.5,1,0
"1208",-157.5,58.5,1,1
"1209",-154.5,58.5,1,1
"1210",-151.5,58.5,0,0
"1214",-139.5,58.5,0,0
"1215",-136.5,58.5,1,1
"1216",-133.5,58.5,1,1
"1217",-130.5,58.5,1,1
"1218",-127.5,58.5,1,1
"1219",-124.5,58.5,1,1
"1220",-121.5,58.5,1,1
"1221",-118.5,58.5,0,1
"1222",-115.5,58.5,1,0
"1223",-112.5,58.5,1,1
"1224",-109.5,58.5,1,1
"1225",-106.5,58.5,1,1
"1226",-103.5,58.5,1,1
"1227",-100.5,58.5,0,1
"1228",-97.5,58.5,0,0
"1229",-94.5,58.5,0,1
"1235",-76.5,58.5,1,0
"1236",-73.5,58.5,1,0
"1237",-70.5,58.5,1,0
"1238",-67.5,58.5,1,1
"1239",-64.5,58.5,0,0
"1240",-61.5,58.5,1,1
"1258",-7.5,58.5,0,0
"1259",-4.5,58.5,1,1
"1263",7.5,58.5,1,1
"1264",10.5,58.5,1,1
"1265",13.5,58.5,1,1
"1266",16.5,58.5,1,1
"1268",22.5,58.5,1,1
"1269",25.5,58.5,1,1
"1270",28.5,58.5,1,1
"1271",31.5,58.5,1,1
"1272",34.5,58.5,1,1
"1273",37.5,58.5,1,1
"1274",40.5,58.5,1,1
"1275",43.5,58.5,1,1
"1276",46.5,58.5,1,1
"1277",49.5,58.5,1,1
"1278",52.5,58.5,1,1
"1279",55.5,58.5,1,1
"1280",58.5,58.5,1,1
"1281",61.5,58.5,1,1
"1282",64.5,58.5,1,1
"1283",67.5,58.5,1,1
"1284",70.5,58.5,0,1
"1285",73.5,58.5,1,1
"1286",76.5,58.5,1,1
"1287",79.5,58.5,1,1
"1288",82.5,58.5,1,1
"1289",85.5,58.5,1,1
"1290",88.5,58.5,1,1
"1291",91.5,58.5,1,1
"1292",94.5,58.5,1,1
"1293",97.5,58.5,1,1
"1294",100.5,58.5,1,1
"1295",103.5,58.5,1,0
"1296",106.5,58.5,1,0
"1297",109.5,58.5,0,0
"1298",112.5,58.5,0,0
"1299",115.5,58.5,0,0
"1300",118.5,58.5,0,0
"1301",121.5,58.5,0,0
"1302",124.5,58.5,1,0
"1303",127.5,58.5,0,0
"1304",130.5,58.5,0,0
"1305",133.5,58.5,0,0
"1306",136.5,58.5,0,0
"1307",139.5,58.5,0,0
"1308",142.5,58.5,0,0
"1309",145.5,58.5,0,0
"1310",148.5,58.5,0,0
"1311",151.5,58.5,0,0
"1314",160.5,58.5,0,0
"1315",163.5,58.5,0,1
"1326",-163.5,55.5,1,1
"1327",-160.5,55.5,1,1
"1336",-133.5,55.5,1,1
"1337",-130.5,55.5,1,1
"1338",-127.5,55.5,1,1
"1339",-124.5,55.5,1,1
"1340",-121.5,55.5,1,1
"1341",-118.5,55.5,1,1
"1342",-115.5,55.5,0,1
"1343",-112.5,55.5,1,1
"1344",-109.5,55.5,1,0
"1345",-106.5,55.5,1,1
"1346",-103.5,55.5,0,1
"1347",-100.5,55.5,1,1
"1348",-97.5,55.5,1,1
"1349",-94.5,55.5,1,1
"1350",-91.5,55.5,1,1
"1351",-88.5,55.5,1,1
"1352",-85.5,55.5,1,1
"1353",-82.5,55.5,1,1
"1354",-79.5,55.5,1,1
"1355",-76.5,55.5,1,1
"1356",-73.5,55.5,1,1
"1357",-70.5,55.5,1,1
"1358",-67.5,55.5,1,1
"1359",-64.5,55.5,1,1
"1360",-61.5,55.5,1,1
"1361",-58.5,55.5,1,1
"1378",-7.5,55.5,1,1
"1379",-4.5,55.5,1,1
"1380",-1.5,55.5,1,1
"1383",7.5,55.5,1,1
"1384",10.5,55.5,1,1
"1385",13.5,55.5,1,1
"1386",16.5,55.5,1,1
"1387",19.5,55.5,1,1
"1388",22.5,55.5,1,1
"1389",25.5,55.5,1,1
"1390",28.5,55.5,1,1
"1391",31.5,55.5,1,1
"1392",34.5,55.5,1,1
"1393",37.5,55.5,1,1
"1394",40.5,55.5,1,1
"1395",43.5,55.5,1,1
"1396",46.5,55.5,1,1
"1397",49.5,55.5,1,1
"1398",52.5,55.5,1,1
"1399",55.5,55.5,1,1
"1400",58.5,55.5,1,1
"1401",61.5,55.5,0,1
"1402",64.5,55.5,1,1
"1403",67.5,55.5,1,1
"1404",70.5,55.5,1,1
"1405",73.5,55.5,1,1
"1406",76.5,55.5,1,1
"1407",79.5,55.5,1,1
"1408",82.5,55.5,1,1
"1409",85.5,55.5,1,1
"1410",88.5,55.5,1,1
"1411",91.5,55.5,1,1
"1412",94.5,55.5,0,1
"1413",97.5,55.5,0,0
"1414",100.5,55.5,1,1
"1415",103.5,55.5,1,1
"1416",106.5,55.5,0,1
"1417",109.5,55.5,0,0
"1418",112.5,55.5,0,0
"1419",115.5,55.5,0,0
"1420",118.5,55.5,0,0
"1421",121.5,55.5,0,0
"1422",124.5,55.5,0,0
"1423",127.5,55.5,0,0
"1424",130.5,55.5,0,0
"1425",133.5,55.5,0,0
"1426",136.5,55.5,0,0
"1433",157.5,55.5,0,0
"1434",160.5,55.5,0,0
"1457",-130.5,52.5,0,0
"1458",-127.5,52.5,1,1
"1459",-124.5,52.5,1,1
"1460",-121.5,52.5,1,1
"1461",-118.5,52.5,1,1
"1462",-115.5,52.5,1,1
"1463",-112.5,52.5,1,1
"1464",-109.5,52.5,1,0
"1465",-106.5,52.5,1,1
"1466",-103.5,52.5,1,1
"1467",-100.5,52.5,1,1
"1468",-97.5,52.5,1,1
"1469",-94.5,52.5,1,1
"1470",-91.5,52.5,1,1
"1471",-88.5,52.5,1,1
"1472",-85.5,52.5,1,1
"1473",-82.5,52.5,1,0
"1474",-79.5,52.5,1,1
"1475",-76.5,52.5,1,1
"1476",-73.5,52.5,1,1
"1477",-70.5,52.5,1,1
"1478",-67.5,52.5,0,1
"1479",-64.5,52.5,0,0
"1480",-61.5,52.5,1,1
"1481",-58.5,52.5,1,1
"1482",-55.5,52.5,1,1
"1497",-10.5,52.5,0,0
"1498",-7.5,52.5,1,1
"1499",-4.5,52.5,1,1
"1500",-1.5,52.5,1,1
"1501",1.5,52.5,1,1
"1502",4.5,52.5,1,1
"1503",7.5,52.5,1,1
"1504",10.5,52.5,1,1
"1505",13.5,52.5,1,1
"1506",16.5,52.5,1,1
"1507",19.5,52.5,1,1
"1508",22.5,52.5,1,1
"1509",25.5,52.5,1,0
"1510",28.5,52.5,1,1
"1511",31.5,52.5,1,1
"1512",34.5,52.5,1,1
"1513",37.5,52.5,1,1
"1514",40.5,52.5,1,1
"1515",43.5,52.5,1,1
"1516",46.5,52.5,1,1
"1517",49.5,52.5,1,1
"1518",52.5,52.5,1,1
"1519",55.5,52.5,1,1
"1520",58.5,52.5,1,1
"1521",61.5,52.5,1,1
"1522",64.5,52.5,1,0
"1523",67.5,52.5,1,1
"1524",70.5,52.5,1,1
"1525",73.5,52.5,1,1
"1526",76.5,52.5,1,1
"1527",79.5,52.5,1,1
"1528",82.5,52.5,1,0
"1529",85.5,52.5,0,1
"1530",88.5,52.5,1,0
"1531",91.5,52.5,1,0
"1532",94.5,52.5,0,1
"1533",97.5,52.5,0,0
"1534",100.5,52.5,0,0
"1535",103.5,52.5,1,0
"1536",106.5,52.5,0,1
"1537",109.5,52.5,0,0
"1538",112.5,52.5,0,0
"1539",115.5,52.5,1,0
"1540",118.5,52.5,0,0
"1541",121.5,52.5,1,0
"1542",124.5,52.5,1,1
"1543",127.5,52.5,0,1
"1544",130.5,52.5,0,0
"1545",133.5,52.5,0,0
"1546",136.5,52.5,0,0
"1547",139.5,52.5,1,1
"1548",142.5,52.5,1,1
"1553",157.5,52.5,1,0
"1578",-127.5,49.5,0,0
"1579",-124.5,49.5,0,1
"1580",-121.5,49.5,1,0
"1581",-118.5,49.5,1,1
"1582",-115.5,49.5,1,1
"1583",-112.5,49.5,1,1
"1584",-109.5,49.5,1,1
"1585",-106.5,49.5,1,1
"1586",-103.5,49.5,1,1
"1587",-100.5,49.5,1,1
"1588",-97.5,49.5,1,0
"1589",-94.5,49.5,1,1
"1590",-91.5,49.5,1,1
"1591",-88.5,49.5,1,1
"1592",-85.5,49.5,1,1
"1593",-82.5,49.5,1,1
"1594",-79.5,49.5,1,1
"1595",-76.5,49.5,1,1
"1596",-73.5,49.5,1,1
"1597",-70.5,49.5,1,1
"1598",-67.5,49.5,1,1
"1599",-64.5,49.5,1,1
"1600",-61.5,49.5,0,0
"1601",-58.5,49.5,0,1
"1602",-55.5,49.5,1,1
"1619",-4.5,49.5,0,0
"1620",-1.5,49.5,1,1
"1621",1.5,49.5,1,1
"1622",4.5,49.5,1,1
"1623",7.5,49.5,1,1
"1624",10.5,49.5,1,1
"1625",13.5,49.5,1,1
"1626",16.5,49.5,1,1
"1627",19.5,49.5,1,1
"1628",22.5,49.5,1,1
"1629",25.5,49.5,1,1
"1630",28.5,49.5,1,1
"1631",31.5,49.5,1,1
"1632",34.5,49.5,1,1
"1633",37.5,49.5,1,1
"1634",40.5,49.5,1,1
"1635",43.5,49.5,1,1
"1636",46.5,49.5,1,1
"1637",49.5,49.5,1,1
"1638",52.5,49.5,1,1
"1639",55.5,49.5,1,1
"1640",58.5,49.5,1,1
"1641",61.5,49.5,1,1
"1642",64.5,49.5,1,1
"1643",67.5,49.5,1,1
"1644",70.5,49.5,1,1
"1645",73.5,49.5,1,1
"1646",76.5,49.5,1,1
"1647",79.5,49.5,1,1
"1648",82.5,49.5,1,1
"1649",85.5,49.5,1,1
"1650",88.5,49.5,1,0
"1651",91.5,49.5,0,0
"1652",94.5,49.5,0,0
"1653",97.5,49.5,0,0
"1654",100.5,49.5,0,0
"1655",103.5,49.5,1,1
"1656",106.5,49.5,1,1
"1657",109.5,49.5,1,1
"1658",112.5,49.5,1,0
"1659",115.5,49.5,1,1
"1660",118.5,49.5,1,1
"1661",121.5,49.5,1,1
"1662",124.5,49.5,1,0
"1663",127.5,49.5,0,1
"1664",130.5,49.5,1,1
"1665",133.5,49.5,0,0
"1666",136.5,49.5,1,0
"1667",139.5,49.5,1,1
"1668",142.5,49.5,0,0
"1699",-124.5,46.5,1,1
"1700",-121.5,46.5,1,1
"1701",-118.5,46.5,1,1
"1702",-115.5,46.5,1,0
"1703",-112.5,46.5,1,1
"1704",-109.5,46.5,1,1
"1705",-106.5,46.5,1,1
"1706",-103.5,46.5,1,1
"1707",-100.5,46.5,1,1
"1708",-97.5,46.5,1,1
"1709",-94.5,46.5,1,1
"1710",-91.5,46.5,1,1
"1711",-88.5,46.5,1,1
"1712",-85.5,46.5,1,1
"1713",-82.5,46.5,1,1
"1714",-79.5,46.5,1,1
"1715",-76.5,46.5,1,1
"1716",-73.5,46.5,1,1
"1717",-70.5,46.5,0,1
"1718",-67.5,46.5,1,1
"1719",-64.5,46.5,1,1
"1720",-61.5,46.5,1,1
"1722",-55.5,46.5,0,0
"1723",-52.5,46.5,0,0
"1740",-1.5,46.5,1,1
"1741",1.5,46.5,1,1
"1742",4.5,46.5,1,1
"1743",7.5,46.5,1,1
"1744",10.5,46.5,1,0
"1745",13.5,46.5,1,1
"1746",16.5,46.5,1,1
"1747",19.5,46.5,1,1
"1748",22.5,46.5,1,1
"1749",25.5,46.5,1,1
"1750",28.5,46.5,1,1
"1751",31.5,46.5,1,1
"1752",34.5,46.5,1,1
"1753",37.5,46.5,1,1
"1754",40.5,46.5,1,1
"1755",43.5,46.5,1,1
"1756",46.5,46.5,1,1
"1757",49.5,46.5,1,1
"1758",52.5,46.5,1,1
"1759",55.5,46.5,1,1
"1760",58.5,46.5,1,1
"1761",61.5,46.5,1,1
"1762",64.5,46.5,1,1
"1763",67.5,46.5,1,1
"1764",70.5,46.5,1,1
"1765",73.5,46.5,1,1
"1766",76.5,46.5,1,1
"1767",79.5,46.5,1,0
"1768",82.5,46.5,1,1
"1769",85.5,46.5,1,1
"1770",88.5,46.5,1,1
"1771",91.5,46.5,0,1
"1772",94.5,46.5,1,1
"1773",97.5,46.5,0,0
"1774",100.5,46.5,0,1
"1775",103.5,46.5,1,1
"1776",106.5,46.5,1,1
"1777",109.5,46.5,1,1
"1778",112.5,46.5,1,1
"1779",115.5,46.5,1,1
"1780",118.5,46.5,1,1
"1781",121.5,46.5,1,1
"1782",124.5,46.5,1,1
"1783",127.5,46.5,0,1
"1784",130.5,46.5,1,1
"1785",133.5,46.5,1,1
"1786",136.5,46.5,0,1
"1788",142.5,46.5,0,0
"1819",-124.5,43.5,1,1
"1820",-121.5,43.5,1,1
"1821",-118.5,43.5,1,1
"1822",-115.5,43.5,1,0
"1823",-112.5,43.5,1,0
"1824",-109.5,43.5,1,1
"1825",-106.5,43.5,1,1
"1826",-103.5,43.5,1,1
"1827",-100.5,43.5,1,1
"1828",-97.5,43.5,1,1
"1829",-94.5,43.5,1,1
"1830",-91.5,43.5,1,1
"1831",-88.5,43.5,1,1
"1832",-85.5,43.5,1,1
"1833",-82.5,43.5,1,1
"1834",-79.5,43.5,1,1
"1835",-76.5,43.5,1,1
"1836",-73.5,43.5,1,1
"1837",-70.5,43.5,1,1
"1838",-67.5,43.5,0,0
"1839",-64.5,43.5,0,0
"1858",-7.5,43.5,1,1
"1859",-4.5,43.5,1,1
"1860",-1.5,43.5,1,1
"1861",1.5,43.5,1,1
"1862",4.5,43.5,1,1
"1863",7.5,43.5,0,0
"1864",10.5,43.5,1,1
"1865",13.5,43.5,1,1
"1866",16.5,43.5,1,1
"1867",19.5,43.5,1,1
"1868",22.5,43.5,1,1
"1869",25.5,43.5,1,1
"1870",28.5,43.5,1,1
"1874",40.5,43.5,0,0
"1875",43.5,43.5,1,1
"1876",46.5,43.5,1,0
"1877",49.5,43.5,1,1
"1878",52.5,43.5,1,1
"1879",55.5,43.5,1,1
"1880",58.5,43.5,1,1
"1881",61.5,43.5,1,1
"1882",64.5,43.5,1,1
"1883",67.5,43.5,1,1
"1884",70.5,43.5,1,1
"1885",73.5,43.5,1,1
"1886",76.5,43.5,1,0
"1887",79.5,43.5,0,0
"1888",82.5,43.5,0,0
"1889",85.5,43.5,0,0
"1890",88.5,43.5,1,1
"1891",91.5,43.5,1,1
"1892",94.5,43.5,0,1
"1893",97.5,43.5,0,0
"1894",100.5,43.5,1,1
"1895",103.5,43.5,1,1
"1896",106.5,43.5,1,1
"1897",109.5,43.5,1,1
"1898",112.5,43.5,1,1
"1899",115.5,43.5,0,1
"1900",118.5,43.5,1,1
"1901",121.5,43.5,1,1
"1902",124.5,43.5,1,1
"1903",127.5,43.5,1,1
"1904",130.5,43.5,1,1
"1905",133.5,43.5,1,1
"1908",142.5,43.5,1,1
"1909",145.5,43.5,1,1
"1939",-124.5,40.5,1,1
"1940",-121.5,40.5,1,1
"1941",-118.5,40.5,1,1
"1942",-115.5,40.5,1,1
"1943",-112.5,40.5,1,1
"1944",-109.5,40.5,1,1
"1945",-106.5,40.5,1,1
"1946",-103.5,40.5,1,1
"1947",-100.5,40.5,1,1
"1948",-97.5,40.5,1,1
"1949",-94.5,40.5,1,1
"1950",-91.5,40.5,1,1
"1951",-88.5,40.5,1,1
"1952",-85.5,40.5,1,1
"1953",-82.5,40.5,1,1
"1954",-79.5,40.5,1,1
"1955",-76.5,40.5,1,1
"1956",-73.5,40.5,1,1
"1978",-7.5,40.5,1,1
"1979",-4.5,40.5,1,1
"1980",-1.5,40.5,1,1
"1981",1.5,40.5,0,0
"1984",10.5,40.5,0,0
"1985",13.5,40.5,0,0
"1986",16.5,40.5,1,1
"1987",19.5,40.5,0,0
"1988",22.5,40.5,1,1
"1989",25.5,40.5,0,0
"1990",28.5,40.5,1,1
"1991",31.5,40.5,1,1
"1992",34.5,40.5,1,1
"1993",37.5,40.5,1,1
"1994",40.5,40.5,1,0
"1995",43.5,40.5,1,1
"1996",46.5,40.5,1,1
"1997",49.5,40.5,1,1
"1998",52.5,40.5,1,1
"1999",55.5,40.5,1,1
"2000",58.5,40.5,1,1
"2001",61.5,40.5,1,1
"2002",64.5,40.5,1,1
"2003",67.5,40.5,1,1
"2004",70.5,40.5,1,0
"2005",73.5,40.5,0,0
"2006",76.5,40.5,1,1
"2007",79.5,40.5,0,0
"2008",82.5,40.5,1,1
"2009",85.5,40.5,1,1
"2010",88.5,40.5,1,1
"2011",91.5,40.5,0,1
"2012",94.5,40.5,1,0
"2013",97.5,40.5,0,1
"2014",100.5,40.5,1,1
"2015",103.5,40.5,1,1
"2016",106.5,40.5,1,1
"2017",109.5,40.5,1,1
"2018",112.5,40.5,1,1
"2019",115.5,40.5,1,0
"2020",118.5,40.5,1,1
"2021",121.5,40.5,1,1
"2022",124.5,40.5,1,1
"2023",127.5,40.5,0,1
"2027",139.5,40.5,0,0
"2060",-121.5,37.5,1,1
"2061",-118.5,37.5,1,1
"2062",-115.5,37.5,1,1
"2063",-112.5,37.5,1,1
"2064",-109.5,37.5,1,1
"2065",-106.5,37.5,1,1
"2066",-103.5,37.5,1,1
"2067",-100.5,37.5,1,1
"2068",-97.5,37.5,1,1
"2069",-94.5,37.5,1,1
"2070",-91.5,37.5,1,1
"2071",-88.5,37.5,1,1
"2072",-85.5,37.5,1,1
"2073",-82.5,37.5,1,1
"2074",-79.5,37.5,1,1
"2075",-76.5,37.5,1,1
"2098",-7.5,37.5,0,0
"2099",-4.5,37.5,1,1
"2100",-1.5,37.5,1,1
"2101",1.5,37.5,1,1
"2102",4.5,37.5,1,1
"2103",7.5,37.5,1,1
"2104",10.5,37.5,1,1
"2105",13.5,37.5,0,1
"2106",16.5,37.5,0,0
"2108",22.5,37.5,1,1
"2109",25.5,37.5,0,0
"2110",28.5,37.5,1,1
"2111",31.5,37.5,1,1
"2112",34.5,37.5,1,1
"2113",37.5,37.5,1,1
"2114",40.5,37.5,1,1
"2115",43.5,37.5,1,1
"2116",46.5,37.5,1,1
"2117",49.5,37.5,1,1
"2118",52.5,37.5,1,1
"2119",55.5,37.5,1,1
"2120",58.5,37.5,1,1
"2121",61.5,37.5,1,1
"2122",64.5,37.5,1,1
"2123",67.5,37.5,1,1
"2124",70.5,37.5,1,0
"2125",73.5,37.5,0,0
"2126",76.5,37.5,0,1
"2127",79.5,37.5,1,0
"2128",82.5,37.5,1,0
"2129",85.5,37.5,0,0
"2130",88.5,37.5,0,0
"2131",91.5,37.5,0,0
"2132",94.5,37.5,1,0
"2133",97.5,37.5,0,0
"2134",100.5,37.5,1,1
"2135",103.5,37.5,1,1
"2136",106.5,37.5,1,1
"2137",109.5,37.5,1,1
"2138",112.5,37.5,1,1
"2139",115.5,37.5,1,1
"2140",118.5,37.5,1,1
"2141",121.5,37.5,1,1
"2143",127.5,37.5,1,1
"2147",139.5,37.5,1,1
"2181",-118.5,34.5,1,1
"2182",-115.5,34.5,1,1
"2183",-112.5,34.5,1,1
"2184",-109.5,34.5,1,1
"2185",-106.5,34.5,1,1
"2186",-103.5,34.5,1,1
"2187",-100.5,34.5,1,1
"2188",-97.5,34.5,1,1
"2189",-94.5,34.5,1,1
"2190",-91.5,34.5,1,1
"2191",-88.5,34.5,1,1
"2192",-85.5,34.5,1,1
"2193",-82.5,34.5,1,1
"2194",-79.5,34.5,1,1
"2195",-76.5,34.5,1,1
"2218",-7.5,34.5,1,1
"2219",-4.5,34.5,1,1
"2220",-1.5,34.5,1,1
"2221",1.5,34.5,1,1
"2222",4.5,34.5,1,1
"2223",7.5,34.5,1,1
"2224",10.5,34.5,1,1
"2233",37.5,34.5,1,1
"2234",40.5,34.5,1,1
"2235",43.5,34.5,1,1
"2236",46.5,34.5,1,1
"2237",49.5,34.5,1,1
"2238",52.5,34.5,1,1
"2239",55.5,34.5,1,1
"2240",58.5,34.5,1,1
"2241",61.5,34.5,1,1
"2242",64.5,34.5,0,1
"2243",67.5,34.5,0,1
"2244",70.5,34.5,1,1
"2245",73.5,34.5,1,1
"2246",76.5,34.5,0,0
"2247",79.5,34.5,0,0
"2248",82.5,34.5,0,0
"2249",85.5,34.5,0,0
"2250",88.5,34.5,0,0
"2251",91.5,34.5,0,0
"2252",94.5,34.5,1,1
"2253",97.5,34.5,1,1
"2254",100.5,34.5,1,1
"2255",103.5,34.5,1,1
"2256",106.5,34.5,1,1
"2257",109.5,34.5,1,1
"2258",112.5,34.5,1,1
"2259",115.5,34.5,1,1
"2260",118.5,34.5,1,1
"2263",127.5,34.5,1,1
"2264",130.5,34.5,1,1
"2265",133.5,34.5,1,1
"2266",136.5,34.5,1,1
"2267",139.5,34.5,0,0
"2302",-115.5,31.5,1,1
"2303",-112.5,31.5,1,1
"2304",-109.5,31.5,1,1
"2305",-106.5,31.5,1,1
"2306",-103.5,31.5,1,1
"2307",-100.5,31.5,1,1
"2308",-97.5,31.5,1,1
"2309",-94.5,31.5,1,1
"2310",-91.5,31.5,1,1
"2311",-88.5,31.5,1,1
"2312",-85.5,31.5,1,1
"2313",-82.5,31.5,1,1
"2338",-7.5,31.5,1,1
"2339",-4.5,31.5,1,1
"2340",-1.5,31.5,1,1
"2341",1.5,31.5,1,1
"2342",4.5,31.5,1,1
"2343",7.5,31.5,1,1
"2344",10.5,31.5,1,1
"2345",13.5,31.5,1,1
"2346",16.5,31.5,1,1
"2347",19.5,31.5,1,1
"2348",22.5,31.5,1,1
"2349",25.5,31.5,1,1
"2350",28.5,31.5,1,1
"2351",31.5,31.5,1,1
"2352",34.5,31.5,1,1
"2353",37.5,31.5,1,1
"2354",40.5,31.5,1,1
"2355",43.5,31.5,1,1
"2356",46.5,31.5,1,1
"2357",49.5,31.5,1,1
"2358",52.5,31.5,1,1
"2359",55.5,31.5,1,1
"2360",58.5,31.5,1,1
"2361",61.5,31.5,1,1
"2362",64.5,31.5,1,1
"2363",67.5,31.5,1,1
"2364",70.5,31.5,1,1
"2365",73.5,31.5,1,1
"2366",76.5,31.5,1,0
"2367",79.5,31.5,1,1
"2368",82.5,31.5,0,0
"2369",85.5,31.5,1,1
"2370",88.5,31.5,1,1
"2371",91.5,31.5,1,1
"2372",94.5,31.5,1,1
"2373",97.5,31.5,0,1
"2374",100.5,31.5,1,1
"2375",103.5,31.5,1,1
"2376",106.5,31.5,1,1
"2377",109.5,31.5,1,1
"2378",112.5,31.5,1,1
"2379",115.5,31.5,1,1
"2380",118.5,31.5,1,1
"2381",121.5,31.5,1,1
"2384",130.5,31.5,0,0
"2422",-115.5,28.5,0,0
"2423",-112.5,28.5,1,1
"2424",-109.5,28.5,1,1
"2425",-106.5,28.5,1,1
"2426",-103.5,28.5,1,1
"2427",-100.5,28.5,1,1
"2428",-97.5,28.5,1,1
"2429",-94.5,28.5,1,1
"2430",-91.5,28.5,1,1
"2433",-82.5,28.5,1,1
"2457",-10.5,28.5,1,1
"2458",-7.5,28.5,1,1
"2459",-4.5,28.5,1,1
"2460",-1.5,28.5,1,1
"2461",1.5,28.5,1,1
"2462",4.5,28.5,1,1
"2463",7.5,28.5,1,1
"2464",10.5,28.5,1,1
"2465",13.5,28.5,1,1
"2466",16.5,28.5,1,1
"2467",19.5,28.5,1,1
"2468",22.5,28.5,1,1
"2469",25.5,28.5,1,1
"2470",28.5,28.5,1,1
"2471",31.5,28.5,1,1
"2472",34.5,28.5,1,1
"2473",37.5,28.5,1,1
"2474",40.5,28.5,1,1
"2475",43.5,28.5,1,1
"2476",46.5,28.5,1,1
"2477",49.5,28.5,1,1
"2478",52.5,28.5,1,1
"2479",55.5,28.5,1,1
"2480",58.5,28.5,1,1
"2481",61.5,28.5,1,1
"2482",64.5,28.5,1,1
"2483",67.5,28.5,1,1
"2484",70.5,28.5,1,1
"2485",73.5,28.5,1,1
"2486",76.5,28.5,1,1
"2487",79.5,28.5,1,1
"2488",82.5,28.5,1,1
"2489",85.5,28.5,0,1
"2490",88.5,28.5,1,1
"2491",91.5,28.5,1,0
"2492",94.5,28.5,1,1
"2493",97.5,28.5,1,1
"2494",100.5,28.5,1,1
"2495",103.5,28.5,1,1
"2496",106.5,28.5,1,1
"2497",109.5,28.5,1,1
"2498",112.5,28.5,1,1
"2499",115.5,28.5,1,1
"2500",118.5,28.5,1,1
"2501",121.5,28.5,1,1
"2543",-112.5,25.5,0,0
"2544",-109.5,25.5,1,1
"2545",-106.5,25.5,1,1
"2546",-103.5,25.5,1,1
"2547",-100.5,25.5,1,1
"2548",-97.5,25.5,1,1
"2554",-79.5,25.5,1,1
"2555",-76.5,25.5,0,0
"2576",-13.5,25.5,1,1
"2577",-10.5,25.5,1,1
"2578",-7.5,25.5,1,1
"2579",-4.5,25.5,1,1
"2580",-1.5,25.5,1,1
"2581",1.5,25.5,1,1
"2582",4.5,25.5,1,1
"2583",7.5,25.5,1,1
"2584",10.5,25.5,1,1
"2585",13.5,25.5,1,1
"2586",16.5,25.5,1,1
"2587",19.5,25.5,1,1
"2588",22.5,25.5,1,1
"2589",25.5,25.5,1,1
"2590",28.5,25.5,1,1
"2591",31.5,25.5,1,1
"2592",34.5,25.5,1,1
"2593",37.5,25.5,1,1
"2594",40.5,25.5,1,1
"2595",43.5,25.5,1,1
"2596",46.5,25.5,1,1
"2597",49.5,25.5,1,1
"2598",52.5,25.5,1,1
"2599",55.5,25.5,1,1
"2600",58.5,25.5,1,1
"2601",61.5,25.5,1,1
"2602",64.5,25.5,1,1
"2603",67.5,25.5,1,1
"2604",70.5,25.5,1,1
"2605",73.5,25.5,1,1
"2606",76.5,25.5,1,1
"2607",79.5,25.5,1,1
"2608",82.5,25.5,1,1
"2609",85.5,25.5,1,1
"2610",88.5,25.5,1,1
"2611",91.5,25.5,1,1
"2612",94.5,25.5,1,1
"2613",97.5,25.5,1,1
"2614",100.5,25.5,1,1
"2615",103.5,25.5,1,1
"2616",106.5,25.5,1,1
"2617",109.5,25.5,1,1
"2618",112.5,25.5,1,1
"2619",115.5,25.5,1,1
"2620",118.5,25.5,1,1
"2621",121.5,25.5,1,1
"2665",-106.5,22.5,0,0
"2666",-103.5,22.5,1,1
"2667",-100.5,22.5,1,1
"2668",-97.5,22.5,1,1
"2671",-88.5,22.5,1,1
"2673",-82.5,22.5,1,1
"2674",-79.5,22.5,1,1
"2675",-76.5,22.5,1,1
"2695",-16.5,22.5,1,1
"2696",-13.5,22.5,1,1
"2697",-10.5,22.5,1,1
"2698",-7.5,22.5,1,1
"2699",-4.5,22.5,1,1
"2700",-1.5,22.5,1,1
"2701",1.5,22.5,1,1
"2702",4.5,22.5,1,1
"2703",7.5,22.5,1,1
"2704",10.5,22.5,1,1
"2705",13.5,22.5,1,1
"2706",16.5,22.5,1,1
"2707",19.5,22.5,1,1
"2708",22.5,22.5,1,1
"2709",25.5,22.5,1,1
"2710",28.5,22.5,1,1
"2711",31.5,22.5,1,1
"2712",34.5,22.5,1,1
"2713",37.5,22.5,1,1
"2714",40.5,22.5,1,1
"2715",43.5,22.5,1,1
"2716",46.5,22.5,1,1
"2717",49.5,22.5,1,1
"2718",52.5,22.5,1,1
"2719",55.5,22.5,1,1
"2720",58.5,22.5,1,1
"2724",70.5,22.5,1,1
"2725",73.5,22.5,1,1
"2726",76.5,22.5,1,1
"2727",79.5,22.5,1,1
"2728",82.5,22.5,1,1
"2729",85.5,22.5,1,1
"2730",88.5,22.5,1,1
"2731",91.5,22.5,1,1
"2732",94.5,22.5,1,1
"2733",97.5,22.5,1,1
"2734",100.5,22.5,1,1
"2735",103.5,22.5,1,1
"2736",106.5,22.5,1,1
"2737",109.5,22.5,1,1
"2738",112.5,22.5,1,1
"2739",115.5,22.5,1,1
"2741",121.5,22.5,0,0
"2786",-103.5,19.5,1,1
"2787",-100.5,19.5,1,1
"2788",-97.5,19.5,1,1
"2789",-94.5,19.5,1,1
"2790",-91.5,19.5,1,1
"2791",-88.5,19.5,1,1
"2795",-76.5,19.5,0,0
"2796",-73.5,19.5,0,0
"2797",-70.5,19.5,1,1
"2815",-16.5,19.5,1,1
"2816",-13.5,19.5,1,1
"2817",-10.5,19.5,1,1
"2818",-7.5,19.5,1,1
"2819",-4.5,19.5,1,1
"2820",-1.5,19.5,1,1
"2821",1.5,19.5,1,1
"2822",4.5,19.5,1,1
"2823",7.5,19.5,1,1
"2824",10.5,19.5,1,1
"2825",13.5,19.5,1,1
"2826",16.5,19.5,1,1
"2827",19.5,19.5,1,1
"2828",22.5,19.5,1,1
"2829",25.5,19.5,1,1
"2830",28.5,19.5,1,1
"2831",31.5,19.5,1,1
"2832",34.5,19.5,1,1
"2833",37.5,19.5,1,1
"2834",40.5,19.5,1,1
"2835",43.5,19.5,1,1
"2836",46.5,19.5,1,1
"2837",49.5,19.5,1,1
"2838",52.5,19.5,1,1
"2839",55.5,19.5,1,1
"2840",58.5,19.5,1,1
"2845",73.5,19.5,1,1
"2846",76.5,19.5,1,1
"2847",79.5,19.5,1,1
"2848",82.5,19.5,1,1
"2849",85.5,19.5,1,1
"2852",94.5,19.5,1,1
"2853",97.5,19.5,1,1
"2854",100.5,19.5,1,1
"2855",103.5,19.5,1,1
"2856",106.5,19.5,1,1
"2857",109.5,19.5,1,1
"2907",-100.5,16.5,0,0
"2908",-97.5,16.5,1,1
"2909",-94.5,16.5,1,1
"2910",-91.5,16.5,1,1
"2911",-88.5,16.5,1,1
"2912",-85.5,16.5,1,1
"2935",-16.5,16.5,1,1
"2936",-13.5,16.5,1,1
"2937",-10.5,16.5,1,1
"2938",-7.5,16.5,1,1
"2939",-4.5,16.5,1,1
"2940",-1.5,16.5,1,1
"2941",1.5,16.5,1,1
"2942",4.5,16.5,1,1
"2943",7.5,16.5,1,1
"2944",10.5,16.5,1,1
"2945",13.5,16.5,1,1
"2946",16.5,16.5,1,1
"2947",19.5,16.5,1,1
"2948",22.5,16.5,1,1
"2949",25.5,16.5,1,1
"2950",28.5,16.5,1,1
"2951",31.5,16.5,1,1
"2952",34.5,16.5,1,1
"2953",37.5,16.5,1,1
"2954",40.5,16.5,1,1
"2955",43.5,16.5,1,1
"2956",46.5,16.5,1,1
"2957",49.5,16.5,1,1
"2958",52.5,16.5,1,1
"2965",73.5,16.5,1,1
"2966",76.5,16.5,1,1
"2967",79.5,16.5,1,1
"2968",82.5,16.5,1,1
"2972",94.5,16.5,0,0
"2973",97.5,16.5,1,1
"2974",100.5,16.5,1,1
"2975",103.5,16.5,1,1
"2976",106.5,16.5,1,1
"2981",121.5,16.5,0,0
"3030",-91.5,13.5,0,0
"3031",-88.5,13.5,1,1
"3032",-85.5,13.5,1,1
"3033",-82.5,13.5,1,1
"3055",-16.5,13.5,1,1
"3056",-13.5,13.5,1,1
"3057",-10.5,13.5,1,1
"3058",-7.5,13.5,1,1
"3059",-4.5,13.5,1,1
"3060",-1.5,13.5,1,1
"3061",1.5,13.5,1,1
"3062",4.5,13.5,1,1
"3063",7.5,13.5,1,1
"3064",10.5,13.5,1,1
"3065",13.5,13.5,1,1
"3066",16.5,13.5,1,1
"3067",19.5,13.5,1,1
"3068",22.5,13.5,1,1
"3069",25.5,13.5,1,1
"3070",28.5,13.5,1,1
"3071",31.5,13.5,1,1
"3072",34.5,13.5,1,1
"3073",37.5,13.5,1,1
"3074",40.5,13.5,1,1
"3075",43.5,13.5,1,1
"3076",46.5,13.5,1,1
"3086",76.5,13.5,1,1
"3087",79.5,13.5,1,1
"3093",97.5,13.5,0,0
"3094",100.5,13.5,1,1
"3095",103.5,13.5,1,1
"3096",106.5,13.5,1,1
"3097",109.5,13.5,1,1
"3101",121.5,13.5,0,0
"3102",124.5,13.5,0,0
"3152",-85.5,10.5,1,1
"3156",-73.5,10.5,0,0
"3157",-70.5,10.5,0,0
"3158",-67.5,10.5,0,0
"3159",-64.5,10.5,0,0
"3176",-13.5,10.5,1,1
"3177",-10.5,10.5,1,1
"3178",-7.5,10.5,1,1
"3179",-4.5,10.5,1,1
"3180",-1.5,10.5,1,1
"3181",1.5,10.5,1,1
"3182",4.5,10.5,1,1
"3183",7.5,10.5,1,1
"3184",10.5,10.5,1,1
"3185",13.5,10.5,1,1
"3186",16.5,10.5,1,1
"3187",19.5,10.5,1,1
"3188",22.5,10.5,1,1
"3189",25.5,10.5,1,1
"3190",28.5,10.5,1,1
"3191",31.5,10.5,1,1
"3192",34.5,10.5,1,1
"3193",37.5,10.5,1,1
"3194",40.5,10.5,1,1
"3195",43.5,10.5,1,1
"3196",46.5,10.5,1,1
"3197",49.5,10.5,1,1
"3206",76.5,10.5,0,0
"3207",79.5,10.5,1,1
"3215",103.5,10.5,1,1
"3216",106.5,10.5,1,1
"3221",121.5,10.5,0,0
"3222",124.5,10.5,0,0
