"","model","simID","dispersal","density","environment","speciationRate","fission","dispersalGlobal","scenario"
"1","fh",1,1.99451952520758,0.310591692570597,0.636831599054858,4.96005525044166,2,FALSE,2
"2","fh",2,4.95785270165652,0.324520057067275,0.0921394417528063,1.8600379411364,3,FALSE,3
"3","fh",3,3.86848760955036,0.870254177832976,0.792304021771997,2.45191553945187,2,FALSE,2
"4","fh",4,0,0.328673779498786,0.9423444038257,1.22234410152305,1,TRUE,1
"5","fh",5,0,0.125701236305758,0.302694621495903,4.20362020109314,3,TRUE,3
"6","fh",6,1.34717101883143,0.356221430702135,0.563008054392412,1.43640748457983,3,FALSE,3
"7","fh",7,2.1867051217705,0.930699186166748,0.00354843097738922,1.78234684339259,2,FALSE,2
"8","fh",8,0,0.875178548740223,0.597468746127561,2.95794000569731,3,TRUE,3
"9","fh",9,4.12259325198829,0.820216695778072,0.136330611305311,3.15070431795903,1,FALSE,1
"10","fh",10,2.08736613020301,0.0217720207292587,0.803776788059622,2.49013930198271,3,FALSE,3
"11","fh",11,0,0.631236867746338,0.104653178481385,4.42030921322294,1,TRUE,1
"12","fh",12,4.79061872325838,0.780916299670935,0.422321367543191,1.02261709212326,2,FALSE,2
"13","fh",13,2.96102341543883,0.717244555940852,0.261993774678558,4.62326354556717,2,FALSE,2
"14","fh",14,4.89183649607003,0.185785830020905,0.789900857256725,0.976844575023279,2,FALSE,2
"15","fh",15,4.38360174652189,0.580674635712057,0.347929610637948,2.33580662868917,1,FALSE,1
"16","fh",16,0,0.413788636680692,0.394019677070901,4.07878092001192,2,TRUE,2
"17","fh",17,1.45595865882933,0.32742266333662,0.839991263113916,0.746275846846402,3,FALSE,3
"18","fh",18,2.25592605117708,0.420827073976398,0.757210219278932,4.07434424874373,3,FALSE,3
"19","fh",19,4.77870692498982,0.365601419704035,0.0773652303032577,2.22219818318263,3,FALSE,3
"20","fh",20,0,0.870706968009472,0.0713470440823585,2.30523013113998,1,TRUE,1
"21","fh",21,0,0.272976407315582,0.270596699556336,2.261382851284,2,TRUE,2
"22","fh",22,4.88804803043604,0.393322388408706,0.182323472341523,0.587820422369987,1,FALSE,1
"23","fh",23,3.92220528703183,0.892266595270485,0.230009140213951,2.69556665723212,2,FALSE,2
"24","fh",24,0,0.823059925576672,0.390509605407715,1.39089278958272,2,TRUE,2
"25","fh",25,3.65384948626161,0.725577592849731,0.923508180771023,4.37899702845607,3,FALSE,3
"26","fh",26,2.02892926707864,0.439830737188458,0.469349069986492,3.08374973409809,2,FALSE,2
"27","fh",27,2.23919387627393,0.456706836121157,0.0679040302056819,1.20806106296368,1,FALSE,1
"28","fh",28,4.36182552948594,0.480434829834849,0.137242946075276,4.27778405044228,2,FALSE,2
"29","fh",29,3.75309252552688,0.127381406724453,0.0610850830562413,0.730774758500047,2,FALSE,2
"30","fh",30,4.09972847346216,0.286083202576265,0.532165037002414,4.19815796939656,2,FALSE,2
"31","fh",31,0,0.625460998388007,0.850726940436289,4.01179678784683,2,TRUE,2
"32","fh",32,0,0.688293327810243,0.620737686054781,3.65631590422709,1,TRUE,1
"33","fh",33,3.4535665102303,0.15707598044537,0.513620178448036,2.69936601573136,1,FALSE,1
"34","fh",34,1.90621834993362,0.8000876493752,0.473671182291582,0.84321907395497,2,FALSE,2
"35","fh",35,1.98463686835021,0.197214724496007,0.280117511749268,3.37629865063354,3,FALSE,3
"36","fh",36,4.51103202719241,0.539300952339545,0.0046770793851465,3.88599477394018,2,FALSE,2
"37","fh",37,4.13907890301198,0.979264308931306,0.235341641353443,0.915149632259272,3,FALSE,3
"38","fh",38,1.1026446390897,0.417024365160614,0.691676759626716,4.53314880351536,3,FALSE,3
"39","fh",39,4.02133242879063,0.0813599277753383,0.00487042614258826,1.58247073879465,1,FALSE,1
"40","fh",40,4.59086356684566,0.169817736838013,0.454538109013811,2.69858504657168,3,FALSE,3
"41","fh",41,4.57226362358779,0.188619487220421,0.60689261322841,2.35782718542032,3,FALSE,3
"42","fh",42,1.4777430491522,0.0289958510547876,0.480334463529289,0.614830841310322,2,FALSE,2
"43","fh",43,4.90508845075965,0.280685564968735,0.443542786175385,4.91827216092497,1,FALSE,1
"44","fh",44,4.64020867366344,0.363969549071044,0.0959626706317067,1.75089150224812,3,FALSE,3
"45","fh",45,2.0359864924103,0.275669225025922,0.865185492206365,4.81202272255905,3,FALSE,3
"46","fh",46,4.55585606303066,0.1193430905696,0.532484551426023,2.97400936717167,1,FALSE,1
"47","fh",47,4.33210107591003,0.130183234112337,0.317003108561039,2.81428019935265,2,FALSE,2
"48","fh",48,2.75714092422277,0.872117399703711,0.853955999715254,1.22837992047425,1,FALSE,1
"49","fh",49,1.30700563639402,0.425545925740153,0.843524557771161,4.35445779154543,2,FALSE,2
"50","fh",50,0,0.100239850347862,0.169602813431993,4.93710022361483,2,TRUE,2
"51","fh",51,2.29464676603675,0.149625236866996,0.599655613070354,1.78291221742984,1,FALSE,1
"52","fh",52,1.92837367858738,0.890795360319316,0.167802247451618,2.34997934254352,2,FALSE,2
"53","fh",53,4.31115865148604,0.910276643233374,0.770668445387855,2.08815286296885,2,FALSE,2
"54","fh",54,4.96622641570866,0.842328519793227,0.408510090783238,1.09076978208032,2,FALSE,2
"55","fh",55,1.92055602651089,0.549149531405419,0.0362493165303022,2.59008690598421,1,FALSE,1
"56","fh",56,1.35525772441179,0.264874405460432,0.614883276633918,1.34122500300873,1,FALSE,1
"57","fh",57,3.54077447671443,0.804594574961811,0.839331163326278,0.851894215913489,1,FALSE,1
"58","fh",58,4.42620377056301,0.0664289579726756,0.451466672122478,0.63530265702866,1,FALSE,1
"59","fh",59,0,0.0799470371566713,0.783182838698849,2.73686479288153,3,TRUE,3
"60","fh",60,3.02189939748496,0.278302276739851,0.914398956345394,3.31925228203181,3,FALSE,3
"61","fh",61,2.4222423909232,0.49423264968209,0.905501472530887,3.16434652963653,1,FALSE,1
"62","fh",62,4.29798353649676,0.856036163168028,0.201834730571136,3.13698622700758,1,FALSE,1
"63","fh",63,2.93491558916867,0.707321176305413,0.47776586166583,1.09218022483401,3,FALSE,3
"64","fh",64,1.92765170987695,0.415783402742818,0.826526144752279,3.54511362023186,3,FALSE,3
"65","fh",65,0,0.53907835483551,0.13899699295871,0.818404223304242,3,TRUE,3
"66","fh",66,4.29197400342673,0.143262583995238,0.250207225093618,2.21895579062402,2,FALSE,2
"67","fh",67,0,0.507019681856036,0.443549999268726,4.9945912710391,2,TRUE,2
"68","fh",68,0,0.112534018000588,0.335625321604311,0.70914574561175,2,TRUE,2
"69","fh",69,3.38413845654577,0.150502610020339,0.774798502214253,1.92580213444307,1,FALSE,1
"70","fh",70,3.11495861038566,0.897295942762867,0.367429153993726,0.735808058874682,2,FALSE,2
"71","fh",71,3.73028363380581,0.264767128042877,0.810994898667559,3.53353105904534,3,FALSE,3
"72","fh",72,3.03125163074583,0.750382491620257,0.52297620032914,1.14864522148855,2,FALSE,2
"73","fh",73,3.21748718153685,0.342774988152087,0.908184495987371,1.86095882311929,3,FALSE,3
"74","fh",74,4.3649604190141,0.635654747020453,0.422481214860454,0.817967904382385,3,FALSE,3
"75","fh",75,2.25004064105451,0.211169130634516,0.473544058622792,4.72712090925779,3,FALSE,3
"76","fh",76,1.14379248116165,0.722116349032149,0.136948328698054,4.97950119979214,2,FALSE,2
"77","fh",77,4.26397624239326,0.777508907718584,0.9427858623676,2.09060654777568,2,FALSE,2
"78","fh",78,4.11430715769529,0.959701522719115,0.298161708749831,3.55634296592325,1,FALSE,1
"79","fh",79,4.43751796521246,0.960763274459168,0.215227487962693,3.55471711768769,2,FALSE,2
"80","fh",80,1.26287742611021,0.46608136058785,0.405801330460235,4.71398474974558,1,FALSE,1
"81","fh",81,1.0352244740352,0.905775301391259,0.00368730002082884,3.9791984767653,1,FALSE,1
"82","fh",82,3.36672350205481,0.674273487413302,0.541304097278044,1.17636779730674,2,FALSE,2
"83","fh",83,4.47846152167767,0.663794083287939,0.590493069496006,1.83097646106035,2,FALSE,2
"84","fh",84,2.78516754321754,0.651105367345735,0.686163289705291,2.07808637642302,2,FALSE,2
"85","fh",85,1.15030001848936,0.452911928994581,0.485849604941905,1.68385343777481,1,FALSE,1
"86","fh",86,2.64116233307868,0.514129447285086,0.764897568849847,1.30480846471619,2,FALSE,2
"87","fh",87,0,0.717694347258657,0.0961112515069544,4.35493355046492,1,TRUE,1
"88","fh",88,0,0.403353698318824,0.2503730005119,3.16890361742117,2,TRUE,2
"89","fh",89,0,0.215168761089444,0.55483487341553,4.58165220438968,3,TRUE,3
"90","fh",90,2.91782502643764,0.412299627671018,0.601106703979895,4.59325840987731,1,FALSE,1
"91","fh",91,2.05725076701492,0.604463339550421,0.10821129498072,3.13881150062662,1,FALSE,1
"92","fh",92,2.95973176602274,0.468270623125136,0.149292714660987,3.72220942925196,2,FALSE,2
"93","fh",93,4.62424481846392,0.566104956902564,0.201737553579733,0.969219446647912,2,FALSE,2
"94","fh",94,3.00398937705904,0.402056829771027,0.151194724719971,2.48553909768816,2,FALSE,2
"95","fh",95,3.81402723956853,0.00951294996775687,0.919133194256574,4.07925205002539,3,FALSE,3
"96","fh",96,1.23164011072367,0.197230107150972,0.89902937412262,0.868170655448921,2,FALSE,2
"97","fh",97,3.75724367052317,0.971062069060281,0.00111363991163671,1.5236480217427,3,FALSE,3
"98","fh",98,4.19518110342324,0.703580646077171,0.447809716453776,2.18439676484559,2,FALSE,2
"99","fh",99,1.07542013004422,0.0915021740365773,0.625454469351098,2.45678766421042,2,FALSE,2
"100","fh",100,1.1472582872957,0.677886995486915,0.235855489503592,3.62572786584496,1,FALSE,1
"101","fh",101,3.31128892861307,0.00432129274122417,0.32388740638271,4.6112734049093,3,FALSE,3
"102","fh",102,4.16014343779534,0.259078462375328,0.746848706854507,1.74201224208809,1,FALSE,1
"103","fh",103,3.94104413315654,0.49986337358132,0.266919340472668,0.72545869986061,2,FALSE,2
"104","fh",104,0,0.285923813469708,0.657464366871864,2.57728032395244,2,TRUE,2
"105","fh",105,4.22146569751203,0.542769045336172,0.551959490636364,3.97384551155847,2,FALSE,2
"106","fh",106,0,0.640123347984627,0.779854369116947,2.78408234065864,1,TRUE,1
"107","fh",107,0,0.496806326322258,0.314654315821826,3.26865213445853,3,TRUE,3
"108","fh",108,3.41619027778506,0.750709094572812,0.744725415250286,3.84286692540627,2,FALSE,2
"109","fh",109,4.30304142460227,0.555893041426316,0.296693366253749,3.22921567189042,3,FALSE,3
"110","fh",110,4.12380370963365,0.868219665484503,0.63080207281746,3.07025508163497,1,FALSE,1
"111","fh",111,0,0.118023085407913,0.0826641796156764,3.21544115711004,2,TRUE,2
"112","fh",112,1.28303347341716,0.81491573038511,0.0598777486011386,1.92983932630159,2,FALSE,2
"113","fh",113,4.83584007062018,0.723241115687415,0.945114572532475,2.21540222095791,2,FALSE,2
"114","fh",114,0,0.967646546894684,0.402678378392011,0.849720478290692,2,TRUE,2
"115","fh",115,1.84900500904769,0.916312485234812,0.817367875948548,3.02267970412504,3,FALSE,3
"116","fh",116,2.75681437179446,0.115442443173379,0.514014015905559,4.54993284167722,1,FALSE,1
"117","fh",117,4.11148595437407,0.20081081497483,0.102295216871426,2.1551976937335,3,FALSE,3
"118","fh",118,0,0.65562906046398,0.518432131502777,3.59046378056519,3,TRUE,3
"119","fh",119,3.49889561533928,0.620149794267491,0.376904418924823,3.19061924470589,1,FALSE,1
"120","fh",120,2.55216364003718,0.983089281478897,0.417393412208185,4.86999206233304,2,FALSE,2
"121","fh",121,1.57501940336078,0.393233844777569,0.745177150238305,1.70868632104248,3,FALSE,3
"122","fh",122,4.52669121697545,0.967434913851321,0.829506913665682,3.27679658564739,2,FALSE,2
"123","fh",123,4.49496725015342,0.475764855975285,0.286586066940799,3.30515306803863,2,FALSE,2
"124","fh",124,2.35449476819485,0.309784615878016,0.773060162784532,1.12102414947003,2,FALSE,2
"125","fh",125,3.05325185414404,0.835395517293364,0.517893447773531,4.68413695914205,3,FALSE,3
"126","fh",126,0,0.595860096625984,0.606896210927516,4.53114167822059,1,TRUE,1
"127","fh",127,4.17375122569501,0.609404850518331,0.54660204378888,1.27773608884308,3,FALSE,3
"128","fh",128,4.67366047669202,0.642330644885078,0.183640228584409,2.43220883747563,2,FALSE,2
"129","fh",129,3.34544107504189,0.973310435656458,0.948508796980605,1.92926277709194,1,FALSE,1
"130","fh",130,4.29392157681286,0.513508536852896,0.127906692447141,1.60897056153044,2,FALSE,2
"131","fh",131,4.22975564002991,0.369834919227287,0.216229169396684,1.78980201191735,1,FALSE,1
"132","fh",132,0,0.178394773276523,0.737993184942752,2.73551912547555,3,TRUE,3
"133","fh",133,3.03459439706057,0.930822308640927,0.778451593359932,4.45452938904054,1,FALSE,1
"134","fh",134,2.18091776128858,0.336247141240165,0.382882872130722,0.911675998708233,3,FALSE,3
"135","fh",135,4.47049507778138,0.324318835278973,0.276449631899595,2.16280696878675,3,FALSE,3
"136","fh",136,3.8534695636481,0.878356537781656,0.972452679183334,3.46771380933933,1,FALSE,1
"137","fh",137,0,0.408532171742991,0.391087936237454,4.26992400665767,1,TRUE,1
"138","fh",138,4.98812103550881,0.979399472940713,0.66525725251995,1.73117010679562,3,FALSE,3
"139","fh",139,0,0.371789456577972,0.480144257191569,2.65167306107469,3,TRUE,3
"140","fh",140,1.94991557579488,0.616113951662555,0.434530618600547,1.28590262949001,3,FALSE,3
"141","fh",141,3.5899878628552,0.613289139699191,0.622541620628908,1.67185142624658,1,FALSE,1
"142","fh",142,2.37580909021199,0.10683329263702,0.905752122169361,2.7387182317907,3,FALSE,3
"143","fh",143,4.20250447373837,0.679583422839642,0.542601812398061,4.08959465008229,2,FALSE,2
"144","fh",144,2.30011146049947,0.0010459441691637,0.315448764013126,3.30267319921404,1,FALSE,1
"145","fh",145,0,0.557708151871338,0.315108237788081,1.66597242327407,2,TRUE,2
"146","fh",146,1.2791244937107,0.5394503462594,0.638006266206503,4.37623443070333,3,FALSE,3
"147","fh",147,3.2820694828406,0.725522023160011,0.494929626816884,1.92529079853557,2,FALSE,2
"148","fh",148,1.01668336708099,0.337948680622503,0.786753110354766,3.34423295292072,3,FALSE,3
"149","fh",149,2.12360660545528,0.217127172509208,0.599917867686599,1.92951887042727,2,FALSE,2
"150","fh",150,2.12034879438579,0.204931898508221,0.30788911296986,2.24278363550548,1,FALSE,1
"151","fh",151,0,0.40559989400208,0.662044652272016,4.23705730808433,1,TRUE,1
"152","fh",152,1.4693372445181,0.0453822093550116,0.929706959053874,3.76442257431336,1,FALSE,1
"153","fh",153,2.04865829274058,0.742843064945191,0.0898600425571203,4.92196770431474,3,FALSE,3
"154","fh",154,2.75693124718964,0.903254716889933,0.626665232470259,4.05832554644439,1,FALSE,1
"155","fh",155,4.83353785425425,0.850383263314143,0.412595624802634,0.900399815989658,3,FALSE,3
"156","fh",156,2.27050077263266,0.289522457867861,0.990021938690916,3.70797664334532,3,FALSE,3
"157","fh",157,4.14137845300138,0.63244692934677,0.964195298263803,1.37338964070659,2,FALSE,2
"158","fh",158,1.52611822634935,0.176594594726339,0.0320681999437511,2.97097862500232,1,FALSE,1
"159","fh",159,2.97812592238188,0.760958698345348,0.284943351056427,1.17471592640504,3,FALSE,3
"160","fh",160,3.10084227472544,0.823950197314844,0.450261674122885,3.31319222785532,3,FALSE,3
"161","fh",161,4.54451650939882,0.799562945961952,0.520736146485433,0.952656074659899,2,FALSE,2
"162","fh",162,2.4467355357483,0.769632112002,0.306710321456194,1.97461990173906,1,FALSE,1
"163","fh",163,2.86517320666462,0.728840173687786,0.84030842455104,3.07726607844234,2,FALSE,2
"164","fh",164,2.76031108573079,0.634078066330403,0.340451303869486,1.27947248809505,3,FALSE,3
"165","fh",165,3.8534874105826,0.411488499958068,0.11124748387374,3.01471452089027,3,FALSE,3
"166","fh",166,1.20474367123097,0.413757973350585,0.897230722242966,3.00944934459403,1,FALSE,1
"167","fh",167,3.80527117382735,0.434730206849054,0.0935463733039796,2.09529056691099,3,FALSE,3
"168","fh",168,3.65390520822257,0.399387929355726,0.40750833763741,1.53965229354799,3,FALSE,3
"169","fh",169,3.65546555258334,0.733027039095759,0.879037244478241,1.8762436688412,1,FALSE,1
"170","fh",170,2.99961466062814,0.633963945088908,0.64075746294111,3.86946484469809,3,FALSE,3
"171","fh",171,2.10132959578186,0.324416566640139,0.735097350319847,3.81010024179704,3,FALSE,3
"172","fh",172,2.49275173898786,0.338994399411604,0.83725417079404,3.46403019339778,1,FALSE,1
"173","fh",173,0,0.447498570196331,0.134603820275515,0.592873987043276,2,TRUE,2
"174","fh",174,2.01984851621091,0.295229556504637,0.0323803166393191,3.76699069200549,1,FALSE,1
"175","fh",175,1.18529259227216,0.463425687281415,0.93025926919654,4.57049396971706,3,FALSE,3
"176","fh",176,2.87843210529536,0.929401997942477,0.00187188177369535,3.74946501362137,1,FALSE,1
"177","fh",177,2.29635378345847,0.0562779600732028,0.843261905713007,2.94490107626189,1,FALSE,1
"178","fh",178,1.83994932938367,0.14309153566137,0.225798591738567,1.73842955788132,3,FALSE,3
"179","fh",179,0,0.630881488323212,0.959900131449103,4.11509255040437,2,TRUE,2
"180","fh",180,1.9755021110177,0.15808983379975,0.7914099174086,3.29759188729804,1,FALSE,1
"181","fh",181,0,0.715663473820314,0.113212988711894,2.60515864915214,2,TRUE,2
"182","fh",182,3.81358993425965,0.148344194050878,0.182554463623092,2.11379148077685,2,FALSE,2
"183","fh",183,1.45768111199141,0.475638445466757,0.851227020611987,2.79787019314244,1,FALSE,1
"184","fh",184,1.53902415279299,0.279983914457262,0.281453024363145,2.09751865174621,2,FALSE,2
"185","fh",185,4.93790720868856,0.963598777074367,0.539098019478843,2.24277446884662,1,FALSE,1
"186","fh",186,4.90709109324962,0.716208991128951,0.338632210856304,4.57837205345277,3,FALSE,3
"187","fh",187,4.03465343359858,0.43023246130906,0.0278985796030611,1.79455122654326,1,FALSE,1
"188","fh",188,1.12023791205138,0.381410992704332,0.151930989697576,3.83958960755263,3,FALSE,3
"189","fh",189,0,0.718637682264671,0.198945552110672,4.29445297888014,2,TRUE,2
"190","fh",190,0,0.249644230818376,0.953698201337829,2.27558943640906,3,TRUE,3
"191","fh",191,4.54976815637201,0.702844105428085,0.769967774860561,2.90361043717712,3,FALSE,3
"192","fh",192,1.88781242165715,0.367277061101049,0.93978904094547,2.43522001733072,2,FALSE,2
"193","fh",193,0,0.78367911442183,0.778509610099718,1.00207448599394,3,TRUE,3
"194","fh",194,3.42902009934187,0.671467681415379,0.243568250676617,3.39755174249876,3,FALSE,3
"195","fh",195,0,0.661921182181686,0.0701660427730531,3.46961080271285,3,TRUE,3
"196","fh",196,4.02787716500461,0.290861689951271,0.129211919847876,3.64617457566783,2,FALSE,2
"197","fh",197,1.2993496581912,0.424152882304043,0.50505918241106,1.3344473374309,3,FALSE,3
"198","fh",198,4.56251569464803,0.86664532427676,0.700807453365996,2.06279544858262,1,FALSE,1
"199","fh",199,4.0819744663313,0.713402821449563,0.0311571813654155,0.569350222940557,2,FALSE,2
"200","fh",200,4.53079372923821,0.305461932905018,0.486746930982918,1.55884957383387,2,FALSE,2
"201","fh",201,4.79110291320831,0.60006769746542,0.812002077465877,2.53549214138184,3,FALSE,3
"202","fh",202,0,0.375764804892242,0.043961334740743,2.65054082835559,3,TRUE,3
"203","fh",203,1.71463887393475,0.596199531108141,0.688792394008487,2.57150635670405,3,FALSE,3
"204","fh",204,1.59940022882074,0.627933208830655,0.4190653138794,3.32237036782317,3,FALSE,3
"205","fh",205,1.45857391320169,0.764111342839897,0.959687751950696,3.54017854528502,1,FALSE,1
"206","fh",206,0,0.199875713791698,0.311561680398881,1.16118585830554,3,TRUE,3
"207","fh",207,4.24517951160669,0.780159788671881,0.39666099473834,4.61594742757734,3,FALSE,3
"208","fh",208,4.46696971170604,0.216001468012109,0.735001659253612,4.05683617130853,1,FALSE,1
"209","fh",209,1.25879651680589,0.496599911944941,0.691376046976075,4.18524777865969,2,FALSE,2
"210","fh",210,3.9278259286657,0.679221771191806,0.845761624164879,2.83378430025186,3,FALSE,3
"211","fh",211,4.89069069642574,0.348612498259172,0.245443490333855,1.49610040767584,2,FALSE,2
"212","fh",212,2.244468790479,0.039995685685426,0.200797515455633,1.87869267654605,2,FALSE,2
"213","fh",213,3.8655400024727,0.907949486514553,0.162907101213932,3.71389420621563,2,FALSE,2
"214","fh",214,3.38080747704953,0.0932653029449284,0.324731747852638,1.14104164403398,2,FALSE,2
"215","fh",215,1.17272894084454,0.521139041986316,0.836629768367857,2.88677888095845,3,FALSE,3
"216","fh",216,2.79654748085886,0.825614430941641,0.960408816579729,3.58925195958,2,FALSE,2
"217","fh",217,3.55469929706305,0.353359889471903,0.822078849654645,3.61127793625928,2,FALSE,2
"218","fh",218,4.20270038582385,0.548588742967695,0.330246558878571,4.9949649614282,1,FALSE,1
"219","fh",219,0,0.172013518633321,0.629559646826237,2.06700764829293,3,TRUE,3
"220","fh",220,0,0.266030317405239,0.368981620529667,4.41572225443088,1,TRUE,1
"221","fh",221,1.02714270167053,0.606415825197473,0.676043183077127,1.62688313284889,2,FALSE,2
"222","fh",222,0,0.632451553363353,0.401910625165328,1.54117771191522,3,TRUE,3
"223","fh",223,2.93322373460978,0.650677634868771,0.624356132000685,4.31523162988015,3,FALSE,3
"224","fh",224,4.17308022547513,0.914745999965817,0.667521246243268,4.3438465106301,1,FALSE,1
"225","fh",225,2.1140571674332,0.127549259923398,0.658784081926569,2.94861612643581,3,FALSE,3
"226","fh",226,3.36220120731741,0.787774158176035,0.438070479314774,3.67644530558027,3,FALSE,3
"227","fh",227,1.74983804486692,0.088772198650986,0.575087525648996,3.87645580770914,2,FALSE,2
"228","fh",228,4.22912699449807,0.605889646103606,0.781922213733196,1.16603607591242,1,FALSE,1
"229","fh",229,3.37734964489937,0.573070591082796,0.093516141641885,1.67218473472167,2,FALSE,2
"230","fh",230,0,0.634108478901908,0.189018292818218,2.14375413488597,3,TRUE,3
"231","fh",231,4.21033941209316,0.206421834882349,0.0226848844904453,0.512697734637186,1,FALSE,1
"232","fh",232,3.41962661687285,0.474818139569834,0.236788349924609,4.91663348628208,1,FALSE,1
"233","fh",233,4.83166785445064,0.911269719945267,0.0937263809610158,1.93903923302423,3,FALSE,3
"234","fh",234,1.71443709824234,0.163077965844423,0.338123330380768,4.35004843480419,1,FALSE,1
"235","fh",235,1.01695143245161,0.134103862568736,0.893718535313383,3.00678037374746,3,FALSE,3
"236","fh",236,2.48704417701811,0.750932991504669,0.374811562243849,1.50090431317221,3,FALSE,3
"237","fh",237,4.0857766950503,0.0607025052886456,0.131403144448996,4.89990878780372,3,FALSE,3
"238","fh",238,0,0.449091545073316,0.0493354636710137,4.00549086730462,3,TRUE,3
"239","fh",239,1.68183789867908,0.472157346783206,0.725784564390779,2.69435711507685,3,FALSE,3
"240","fh",240,0,0.0799446385353804,0.697683091973886,2.51572595513426,1,TRUE,1
"241","fh",241,4.50490773841739,0.680109525797889,0.787629096768796,0.550978427054361,2,FALSE,2
"242","fh",242,1.58239006344229,0.274023004807532,0.466836815699935,4.5588094657287,3,FALSE,3
"243","fh",243,3.54110665619373,0.562330738874152,0.572946513537318,1.91824784781784,1,FALSE,1
"244","fh",244,2.78495079278946,0.350126837613061,0.0370315599720925,1.83635535149369,3,FALSE,3
"245","fh",245,4.7030601715669,0.451901105232537,0.626956401392817,1.22620371857192,3,FALSE,3
"246","fh",246,3.44759915210307,0.763514511752874,0.190166006563231,4.30020055361092,3,FALSE,3
"247","fh",247,1.27627566829324,0.647582107922062,0.742313553579152,3.61679287650622,1,FALSE,1
"248","fh",248,0,0.870152777293697,0.00927180447615683,1.49748339026701,3,TRUE,3
"249","fh",249,0,0.221129054902121,0.943286937661469,2.29661501094233,3,TRUE,3
"250","fh",250,2.93962143361568,0.140784705989063,0.450164470123127,4.16465017886367,3,FALSE,3
"251","fh",251,3.46425568591803,0.589784987736493,0.499220814323053,3.82841002731584,1,FALSE,1
"252","fh",252,2.91650312021375,0.725424921605736,0.813380609964952,2.76615498156752,2,FALSE,2
"253","fh",253,4.41059585288167,0.202228615991771,0.378728548064828,4.17378506611567,1,FALSE,1
"254","fh",254,2.07063385099173,0.596117344684899,0.176978724310175,2.86739797622431,2,FALSE,2
"255","fh",255,2.63436776772141,0.210584486601874,0.266601953655481,1.29639390879311,2,FALSE,2
"256","fh",256,4.19846749678254,0.247981849126518,0.264613650739193,3.84380090620834,3,FALSE,3
"257","fh",257,4.49476669356227,0.542492646258324,0.825917850481346,4.34618138195947,1,FALSE,1
"258","fh",258,3.155581635423,0.233397482894361,0.211554072797298,3.21478560951073,3,FALSE,3
"259","fh",259,2.3126960657537,0.659634166164324,0.540891153505072,1.55845256499015,1,FALSE,1
"260","fh",260,0,0.111067677848041,0.654002656694502,0.831130007980391,3,TRUE,3
"261","fh",261,0,0.192390315700322,0.861698046326637,2.42333550436888,1,TRUE,1
"262","fh",262,0,0.810696758097038,0.245669656200334,1.77194773883093,2,TRUE,2
"263","fh",263,3.04049517959356,0.0604535297024995,0.0883156857453287,2.11856350989547,3,FALSE,3
"264","fh",264,0,0.682127225445583,0.992580796359107,1.64757688564714,1,TRUE,1
"265","fh",265,1.56991211138666,0.15236332709901,0.324273724574596,0.579797479440458,1,FALSE,1
"266","fh",266,1.68770944699645,0.149643359705806,0.223472207551822,3.43284408736508,1,FALSE,1
"267","fh",267,2.29595794994384,0.0227391787339002,0.400970599148422,2.12167834455613,3,FALSE,3
"268","fh",268,2.41429120581597,0.359740831889212,0.767219419358298,3.70688339695334,3,FALSE,3
"269","fh",269,4.46600524149835,0.551327979192138,0.69334246776998,0.585969880456105,1,FALSE,1
"270","fh",270,2.42575727310032,0.150513091357425,0.773954121395946,2.12946755497251,1,FALSE,1
"271","fh",271,0,0.72064839839004,0.743451279355213,0.802296782843769,3,TRUE,3
"272","fh",272,2.92969019152224,0.542462412500754,0.198470532428473,1.24521207180806,2,FALSE,2
"273","fh",273,4.46966010332108,0.964221718953922,0.414742431137711,3.1073174738558,3,FALSE,3
"274","fh",274,2.27049444057047,0.94616508577019,0.156521495897323,4.95154155546334,1,FALSE,1
"275","fh",275,2.34186993073672,0.185466149123386,0.589687946252525,3.34021495876368,3,FALSE,3
"276","fh",276,1.64561087731272,0.485443534096703,0.133131576236337,3.38870415335987,2,FALSE,2
"277","fh",277,0,0.318271477008238,0.123566918773577,3.88670245907269,3,TRUE,3
"278","fh",278,1.7336366251111,0.826274614082649,0.368681826861575,1.01442321599461,3,FALSE,3
"279","fh",279,3.15691302157938,0.456796044483781,0.978963648434728,1.6417994000949,3,FALSE,3
"280","fh",280,1.78468357119709,0.969677683664486,0.565067745279521,0.877082422724925,2,FALSE,2
"281","fh",281,1.41604081727564,0.59389773895964,0.397964013274759,3.60735725390259,1,FALSE,1
"282","fh",282,2.32105754688382,0.988822599872947,0.752934105228633,0.819687642506324,1,FALSE,1
"283","fh",283,3.40627265255898,0.212334195850417,0.460894635645673,4.4347397753736,1,FALSE,1
"284","fh",284,3.76163560897112,0.0948050196748227,0.465918232453987,2.02779185818508,3,FALSE,3
"285","fh",285,1.81954583432525,0.823641523486003,0.361983779584989,1.95383069582749,1,FALSE,1
"286","fh",286,2.66010191291571,0.282807688927278,0.0821604090742767,2.77873031422496,1,FALSE,1
"287","fh",287,1.5777214448899,0.352088081184775,0.160329282283783,3.71338802203536,1,FALSE,1
"288","fh",288,1.8302303403616,0.664772466756403,0.758558778325096,4.3205645539565,3,FALSE,3
"289","fh",289,4.06371600087732,0.837729855906218,0.807555420091376,0.714162129210308,3,FALSE,3
"290","fh",290,2.9265086883679,0.694432708900422,0.264086932409555,3.20247726875823,1,FALSE,1
"291","fh",291,1.95797510258853,0.0516334038693458,0.0346557248849422,2.07876527810004,3,FALSE,3
"292","fh",292,4.18560528289527,0.493444882566109,0.544562506023794,0.799387481878512,1,FALSE,1
"293","fh",293,2.77092394977808,0.435560529120266,0.374920966802165,2.7347878892906,3,FALSE,3
"294","fh",294,0,0.904122951673344,0.964859815314412,4.28379393368959,1,TRUE,1
"295","fh",295,1.66039554774761,0.635243992786855,0.549675205722451,3.62771578610409,1,FALSE,1
"296","fh",296,0,0.269931097747758,0.61253528832458,2.75348210765515,2,TRUE,2
"297","fh",297,0,0.311292187310755,0.0709174855146557,1.29049337795004,3,TRUE,3
"298","fh",298,3.09013309143484,0.46415829542093,0.779085358604789,1.58749337005429,2,FALSE,2
"299","fh",299,3.75505124032497,0.316080735763535,0.857354419538751,2.29287730867509,3,FALSE,3
"300","fh",300,4.15232075378299,0.735404399922118,0.867679997580126,2.73257323959842,2,FALSE,2
"301","fh",301,3.76943192072213,0.261823340086266,0.314839107450098,2.96103206987027,3,FALSE,3
"302","fh",302,4.51772086136043,0.812440410489216,0.0439719862770289,2.96346493612509,2,FALSE,2
"303","fh",303,1.56451850105077,0.541185455629602,0.7452496830374,4.17655734182335,2,FALSE,2
"304","fh",304,2.06098108645529,0.96301497798413,0.126448072725907,2.42589860549197,2,FALSE,2
"305","fh",305,4.58324703853577,0.896579273277894,0.0345599127467722,4.04050717933569,1,FALSE,1
"306","fh",306,2.41564182750881,0.471959596034139,0.4640001966618,1.24630497035105,3,FALSE,3
"307","fh",307,4.7291108276695,0.152847007382661,0.390282383887097,2.45571513578761,3,FALSE,3
"308","fh",308,2.30849916860461,0.249414514517412,0.803186427103356,1.91447779245209,2,FALSE,2
"309","fh",309,3.58156978338957,0.460567762609571,0.527001810260117,3.26665266184136,1,FALSE,1
"310","fh",310,3.08537144772708,0.583919574972242,0.300256908172742,2.15394424612168,1,FALSE,1
"311","fh",311,3.2502661626786,0.314701657276601,0.0883972514420748,3.26069337071385,3,FALSE,3
"312","fh",312,2.99525164719671,0.215133650228381,0.737258519977331,1.36035470943898,1,FALSE,1
"313","fh",313,3.12329846806824,0.921202006284148,0.821076245978475,1.47594247432426,1,FALSE,1
"314","fh",314,2.53254813048989,0.837326242122799,0.156610439764336,4.9125349734677,2,FALSE,2
"315","fh",315,3.40648530237377,0.973055533831939,0.607391867786646,4.96124196238816,2,FALSE,2
"316","fh",316,0,0.136268893256783,0.703707057749853,0.58563492493704,1,TRUE,1
"317","fh",317,0,0.69172051618807,0.462309843394905,3.1228701811051,3,TRUE,3
"318","fh",318,3.66422248538584,0.986852121306583,0.770266400417313,1.35508564498741,2,FALSE,2
"319","fh",319,3.21765956562012,0.526434834580868,0.570757788838819,3.58126886002719,1,FALSE,1
"320","fh",320,0,0.816209159558639,0.750408326508477,0.936996892094612,3,TRUE,3
"321","fh",321,0,0.914069717517123,0.478503251448274,0.91188813210465,1,TRUE,1
"322","fh",322,4.38819907791913,0.343941838480532,0.883528985315934,2.69102715677582,1,FALSE,1
"323","fh",323,2.47409082017839,0.32217867532745,0.748662333469838,2.32982108858414,1,FALSE,1
"324","fh",324,2.76497398503125,0.193515371298417,0.30548605369404,1.36229576542974,2,FALSE,2
"325","fh",325,4.48249528836459,0.477344137616456,0.57226291927509,2.43123735813424,2,FALSE,2
"326","fh",326,2.63539056945592,0.817415210884064,0.47345829079859,4.11344765953254,2,FALSE,2
"327","fh",327,0,0.853193477960303,0.938050394644961,4.05570828041527,1,TRUE,1
"328","fh",328,3.0148476306349,0.910735940560699,0.536845059599727,3.50890863069799,1,FALSE,1
"329","fh",329,1.1582813449204,0.542095263488591,0.338502855505794,3.59725424530916,3,FALSE,3
"330","fh",330,0,0.0125545866321772,0.349895840045065,3.71690516395029,2,TRUE,2
"331","fh",331,2.8411326482892,0.31724636699073,0.809027220821008,2.38454537768848,3,FALSE,3
"332","fh",332,3.22771622799337,0.971457023406401,0.797449653968215,2.38056991330814,3,FALSE,3
"333","fh",333,3.69027941208333,0.573380132904276,0.556058567715809,3.58315303537529,2,FALSE,2
"334","fh",334,0,0.297080456512049,0.447446685982868,1.51205343042966,3,TRUE,3
"335","fh",335,4.5626295087859,0.327208747388795,0.984682715963572,3.41657699155621,1,FALSE,1
"336","fh",336,3.66414833813906,0.137024744413793,0.309403700986877,0.876687208656222,3,FALSE,3
"337","fh",337,3.09602394606918,0.9692524287384,0.511017083656043,4.33216697396711,3,FALSE,3
"338","fh",338,2.24411233142018,0.53920571343042,0.425391997443512,1.99660942342598,1,FALSE,1
"339","fh",339,1.10474257916212,0.350776991806924,0.551061176462099,4.42333534744103,1,FALSE,1
"340","fh",340,0,0.347899306565523,0.197074462659657,1.98252368019894,1,TRUE,1
"341","fh",341,3.0077103395015,0.826586725190282,0.362193316454068,3.61993403558154,2,FALSE,2
"342","fh",342,3.04369542468339,0.901497561717406,0.993493887828663,1.8497714571422,2,FALSE,2
"343","fh",343,1.4608911043033,0.50045494409278,0.0184495893772691,1.06179123360198,1,FALSE,1
"344","fh",344,2.02453523501754,0.745865917997435,0.0452502479311079,3.17807481298223,1,FALSE,1
"345","fh",345,1.65802418999374,0.908298684749752,0.0241985209286213,2.20326892787125,2,FALSE,2
"346","fh",346,2.11758526973426,0.247833653585985,0.190435176249593,3.49986619898118,3,FALSE,3
"347","fh",347,0,0.824001911561936,0.44589614472352,2.10660924692638,2,TRUE,2
"348","fh",348,2.71563205309212,0.767409594729543,0.0872932430356741,0.863642274634913,1,FALSE,1
"349","fh",349,1.8483176836744,0.258247752441093,0.536727517610416,4.71718528831843,1,FALSE,1
"350","fh",350,1.31198251619935,0.398103346815333,0.586828256258741,4.40162647387479,1,FALSE,1
"351","fh",351,4.48903135675937,0.611050323350355,0.245014232117683,2.37302981095854,3,FALSE,3
"352","fh",352,0,0.48189510917291,0.0963790623936802,1.68957787111867,3,TRUE,3
"353","fh",353,1.81134983804077,0.442033155355603,0.730947666801512,1.65901240624953,3,FALSE,3
"354","fh",354,2.26621550414711,0.546723519219086,0.413931695744395,4.1310963727301,2,FALSE,2
"355","fh",355,2.3212321056053,0.692441525869071,0.913373594172299,4.89167263440322,3,FALSE,3
"356","fh",356,0,0.468678994337097,0.12802903004922,0.616654365207069,1,TRUE,1
"357","fh",357,3.29224524833262,0.481511299964041,0.956656261114404,4.73773068771698,1,FALSE,1
"358","fh",358,1.64847231097519,0.1421881809365,0.586279450682923,3.31962258508429,1,FALSE,1
"359","fh",359,4.25347582250834,0.680942022241652,0.0146453885827214,2.54615515121259,1,FALSE,1
"360","fh",360,0,0.956017523538321,0.804332783678547,1.89874904428143,3,TRUE,3
"361","fh",361,2.0099211614579,0.45343831111677,0.790986169595271,3.62849394942168,2,FALSE,2
"362","fh",362,4.00573104433715,0.240169007098302,0.916695159859955,1.0930675289128,2,FALSE,2
"363","fh",363,0,0.830373539356515,0.828090563882142,1.07151610939763,1,TRUE,1
"364","fh",364,4.31697329785675,0.186648215632886,0.57882029004395,0.537418004940264,2,FALSE,2
"365","fh",365,2.20805748458952,0.622923085466027,0.755814280593768,3.74336988851428,2,FALSE,2
"366","fh",366,4.06643439643085,0.0790208813268691,0.104715321445838,2.58909414813388,2,FALSE,2
"367","fh",367,1.48262002132833,0.0941096083261073,0.870309820398688,1.78979330416769,1,FALSE,1
"368","fh",368,4.37860551383346,0.678361119935289,0.301225181203336,0.831062446697615,2,FALSE,2
"369","fh",369,4.28488933201879,0.491730650654063,0.441409238846973,2.49182523274794,2,FALSE,2
"370","fh",370,4.41555922944099,0.18374661449343,0.203872179379687,3.166470564669,2,FALSE,2
"371","fh",371,1.05822524894029,0.368185519473627,0.386691467370838,1.40530669793952,1,FALSE,1
"372","fh",372,1.15170432906598,0.322330984519795,0.60950997332111,1.06527124368586,2,FALSE,2
"373","fh",373,0,0.867882383288816,0.845976324984804,0.574936567572877,2,TRUE,2
"374","fh",374,2.30676201544702,0.553667143220082,0.890049321576953,1.01693604141474,2,FALSE,2
"375","fh",375,1.29909025132656,0.124728490365669,0.24932445329614,0.86404802580364,2,FALSE,2
"376","fh",376,0,0.351662527536973,0.567368536023423,3.15730312210508,2,TRUE,2
"377","fh",377,1.100745533593,0.0204276754520833,0.814024879364297,4.10087746498175,1,FALSE,1
"378","fh",378,4.29624186083674,0.410879565170035,0.305342288920656,2.13548640056979,3,FALSE,3
"379","fh",379,3.04572560079396,0.679991604294628,0.211367330048233,0.898629663861357,3,FALSE,3
"380","fh",380,0,0.552689579315484,0.596469403943047,1.66061402764171,1,TRUE,1
"381","fh",381,4.75201800372452,0.826893965015188,0.278542060405016,1.7367758534383,1,FALSE,1
"382","fh",382,3.167844010517,0.775988703593612,0.41004609153606,2.38923636742402,3,FALSE,3
"383","fh",383,4.79575106780976,0.674693353008479,0.242146281059831,1.26310311735142,2,FALSE,2
"384","fh",384,2.26777866762131,0.975864616921172,0.44363207067363,2.33056721522007,1,FALSE,1
"385","fh",385,2.14717455115169,0.91193746146746,0.811324472771958,2.49073908897117,2,FALSE,2
"386","fh",386,0,0.163611387833953,0.806075124070048,4.08983545901719,2,TRUE,2
"387","fh",387,1.97166101634502,0.816459792666137,0.476122303167358,3.75610852474347,3,FALSE,3
"388","fh",388,4.19893840607256,0.859669117256999,0.962663716403767,4.58642202068586,3,FALSE,3
"389","fh",389,2.18084162753075,0.176105264341459,0.704760396387428,2.15241370641161,2,FALSE,2
"390","fh",390,3.78714240901172,0.797458485234529,0.409005490131676,1.53743496688548,3,FALSE,3
"391","fh",391,0,0.82395033724606,0.991250310558826,1.25894597102888,1,TRUE,1
"392","fh",392,2.09492118563503,0.00203329999931157,0.291609204141423,2.59913940436672,3,FALSE,3
"393","fh",393,1.02083244081587,0.27800556155853,0.160085167037323,3.75664638308808,3,FALSE,3
"394","fh",394,2.68839975073934,0.476405991706997,0.735972906928509,2.57275462849066,2,FALSE,2
"395","fh",395,3.3912676749751,0.865439175395295,0.907777024200186,2.9547062915517,2,FALSE,2
"396","fh",396,2.76866948883981,0.705959764309227,0.413700285600498,2.31762251304463,3,FALSE,3
"397","fh",397,2.37016067281365,0.839616243494675,0.73360728402622,4.65896692220122,3,FALSE,3
"398","fh",398,3.06658556684852,0.951312744757161,0.110958848148584,1.27579422085546,3,FALSE,3
"399","fh",399,1.91382736060768,0.480145650915802,0.506149690598249,2.59301048971247,2,FALSE,2
"400","fh",400,0,0.0806195777840912,0.10150006506592,4.55623817862943,3,TRUE,3
"401","fh",401,0,0.857225574320182,0.118757474934682,4.29461084469222,1,TRUE,1
"402","fh",402,3.11346608027816,0.418109521036968,0.130246593151242,1.91430134500843,3,FALSE,3
"403","fh",403,0,0.394389106892049,0.997782663907856,2.08115000498947,3,TRUE,3
"404","fh",404,4.89919186476618,0.0181946086231619,0.86676882347092,0.809832751867361,1,FALSE,1
"405","fh",405,1.19827200658619,0.843993124552071,0.048600756097585,4.21308086148929,2,FALSE,2
"406","fh",406,3.55400489922613,0.686711071524769,0.606661672238261,3.2551473545609,1,FALSE,1
"407","fh",407,2.97557315137237,0.0105431794654578,0.222227622754872,2.93678529851604,2,FALSE,2
"408","fh",408,1.01882501225919,0.887299437774345,0.443608878646046,2.11097284161951,3,FALSE,3
"409","fh",409,1.7416792884469,0.146539232693613,0.869900215417147,1.83368874329608,3,FALSE,3
"410","fh",410,3.53700362704694,0.540757401613519,0.843682867474854,2.54984085215256,3,FALSE,3
"411","fh",411,3.07388916052878,0.558653972344473,0.0601077999453992,2.87696407467593,3,FALSE,3
"412","fh",412,0,0.761184068862349,0.474174696719274,2.93086507334374,1,TRUE,1
"413","fh",413,3.71040865685791,0.30479469592683,0.670104316202924,3.1770740567008,2,FALSE,2
"414","fh",414,3.05507196113467,0.178416669601575,0.874055057531223,1.55166818969883,3,FALSE,3
"415","fh",415,2.22888992354274,0.0038156823720783,0.0586073265876621,4.79503550915979,2,FALSE,2
"416","fh",416,2.58955728076398,0.863625099882483,0.353854565415531,4.57348032761365,3,FALSE,3
"417","fh",417,0,0.201793933752924,0.674780051456764,4.31202915089671,1,TRUE,1
"418","fh",418,2.51923579163849,0.482437176629901,0.430335796903819,1.87205922580324,3,FALSE,3
"419","fh",419,2.08141662646085,0.946731794625521,0.985248970799148,2.01802118995693,3,FALSE,3
"420","fh",420,4.78115903772414,0.577535270247608,0.953377718804404,0.90374800702557,2,FALSE,2
"421","fh",421,2.00904160737991,0.113373900996521,0.5785998031497,2.68361509533133,1,FALSE,1
"422","fh",422,3.9429257651791,0.526401259936392,0.0572992584202439,3.0903706329409,3,FALSE,3
"423","fh",423,1.27073000743985,0.566290599992499,0.684815545333549,4.00035758968443,3,FALSE,3
"424","fh",424,2.48323597479612,0.679320747731254,0.632415217114612,3.76673112960998,1,FALSE,1
"425","fh",425,0,0.310688881902024,0.766243782592937,0.800151392817497,2,TRUE,2
"426","fh",426,4.51592688262463,0.683495019096881,0.47472987533547,2.98199678654782,1,FALSE,1
"427","fh",427,2.69328339397907,0.507306615822017,0.213045654585585,3.13129423372447,3,FALSE,3
"428","fh",428,2.28414222877473,0.79817168158479,0.574821538990363,2.85222086100839,1,FALSE,1
"429","fh",429,2.65044445171952,0.429610867518932,0.168422349030152,3.18503318610601,2,FALSE,2
"430","fh",430,0,0.791878195013851,0.774456104263663,1.52590813068673,1,TRUE,1
"431","fh",431,0,0.445944536244497,0.297610667068511,4.46174493676517,3,TRUE,3
"432","fh",432,4.07758642174304,0.940393729833886,0.773707959102467,1.54324826830998,3,FALSE,3
"433","fh",433,4.60719962604344,0.451248292112723,0.639337713830173,3.8153317469405,1,FALSE,1
"434","fh",434,0,0.767858613282442,0.528250737581402,1.9971892562462,2,TRUE,2
"435","fh",435,3.52274437993765,0.0147405243478715,0.141810924513265,4.01233253919054,1,FALSE,1
"436","fh",436,3.64825671818107,0.489723021397367,0.89767997013405,1.42195258976426,2,FALSE,2
"437","fh",437,4.71999779809266,0.500223243841901,0.469809795962647,3.45719123410527,1,FALSE,1
"438","fh",438,4.96898536849767,0.0279640024527907,0.303249584045261,2.41684171499219,1,FALSE,1
"439","fh",439,2.03406569268554,0.551064775325358,0.788026157766581,4.15242620091885,2,FALSE,2
"440","fh",440,2.16337279602885,0.541510060196742,0.606054265983403,3.86745750671253,2,FALSE,2
"441","fh",441,4.64639665093273,0.659953670343384,0.291821615304798,4.97322943340987,3,FALSE,3
"442","fh",442,2.4932289076969,0.0638601740356535,0.322152495849878,1.79928553395439,2,FALSE,2
"443","fh",443,3.89418493770063,0.914224819513038,0.47734731179662,2.98117617098615,2,FALSE,2
"444","fh",444,4.35988896619529,0.856282053515315,0.0689774916972965,4.9041923583718,1,FALSE,1
"445","fh",445,0,0.51466187578626,0.569357636384666,4.22356610477436,3,TRUE,3
"446","fh",446,4.37818191200495,0.143665303476155,0.507276074029505,3.38270531536546,2,FALSE,2
"447","fh",447,3.6248836806044,0.606716765090823,0.0535779243800789,4.44070124789141,1,FALSE,1
"448","fh",448,1.0371227171272,0.307829644531012,0.752959639532492,4.46933838992845,3,FALSE,3
"449","fh",449,1.43165996484458,0.0766954026184976,0.434156683506444,0.970190429361537,3,FALSE,3
"450","fh",450,2.70866866409779,0.828912309370935,0.506043253000826,1.83721635944676,2,FALSE,2
"451","fh",451,4.31295749731362,0.539659004891291,0.114116373937577,2.61513303744141,2,FALSE,2
"452","fh",452,2.34106920380145,0.170253618154675,0.111786324065179,4.29142998158932,2,FALSE,2
"453","fh",453,2.17874422483146,0.0599192443769425,0.399680261034518,2.08735914598219,1,FALSE,1
"454","fh",454,4.62708265054971,0.715699372580275,0.349581330083311,0.659436590154655,3,FALSE,3
"455","fh",455,2.6266943430528,0.977168186567724,0.693624764680862,1.44119437795598,1,FALSE,1
"456","fh",456,0,0.108745811274275,0.546812245389447,1.77860175666865,3,TRUE,3
"457","fh",457,0,0.3605374568142,0.734660224290565,1.46588827774394,1,TRUE,1
"458","fh",458,1.53706404473633,0.0809776140376925,0.820789751596749,0.96289730607532,1,FALSE,1
"459","fh",459,1.78823029529303,0.637641191482544,0.186884587164968,1.69149485637899,3,FALSE,3
"460","fh",460,3.12045699264854,0.756188548868522,0.109247627202421,0.57407548208721,1,FALSE,1
"461","fh",461,0,0.670515040867031,0.114323291229084,1.67798171343748,2,TRUE,2
"462","fh",462,2.67987322993577,0.697741294978186,0.945856216596439,2.2485715104267,2,FALSE,2
"463","fh",463,4.35741422418505,0.0955226686783135,0.962232955964282,4.19526192126796,2,FALSE,2
"464","fh",464,1.31879598274827,0.534055081196129,0.0960761301685125,2.13757328176871,2,FALSE,2
"465","fh",465,4.00091920327395,0.679707437753677,0.027526407269761,3.88295277801808,2,FALSE,2
"466","fh",466,2.06428202893585,0.189186234259978,0.265332716749981,1.847199406242,3,FALSE,3
"467","fh",467,3.11737444251776,0.141658001113683,0.133527992991731,2.61376385774929,2,FALSE,2
"468","fh",468,1.1802861103788,0.635212170192972,0.435148166259751,1.22235253476538,2,FALSE,2
"469","fh",469,4.07694484945387,0.676705399760976,0.372650455217808,2.77443569316529,2,FALSE,2
"470","fh",470,0,0.870862604118884,0.69568181829527,1.63403267413378,3,TRUE,3
"471","fh",471,3.98368937149644,0.268022385425866,0.471014632144943,4.86080321343616,3,FALSE,3
"472","fh",472,0,0.437765474896878,0.548280611168593,3.75725845166016,1,TRUE,1
"473","fh",473,4.78236046712846,0.248272049240768,0.264642044436187,0.909612477873452,2,FALSE,2
"474","fh",474,1.7141124792397,0.782216947292909,0.00618606945499778,1.00668199826032,1,FALSE,1
"475","fh",475,4.20939403772354,0.660638440633193,0.0879726344719529,3.07581464084797,2,FALSE,2
"476","fh",476,3.68507272936404,0.801641817903146,0.714457210619003,0.679155307589099,2,FALSE,2
"477","fh",477,2.67328653018922,0.642976870760322,0.462589095113799,3.84151608322281,1,FALSE,1
"478","fh",478,4.01403175201267,0.490059094736353,0.432830811012536,3.24103861977346,3,FALSE,3
"479","fh",479,2.65970158111304,0.401716492138803,0.0995144918560982,3.21096438472159,3,FALSE,3
"480","fh",480,3.37612617760897,0.587360467761755,0.38276554364711,3.43074007565156,2,FALSE,2
"481","fh",481,2.27946538385004,0.230765124550089,0.30926789296791,1.97740678396076,3,FALSE,3
"482","fh",482,0,0.337147919461131,0.603717323858291,4.79473660839722,3,TRUE,3
"483","fh",483,2.43210646882653,0.57691431697458,0.663688281085342,3.54445357050281,1,FALSE,1
"484","fh",484,4.48738351464272,0.251577485585585,0.962928059976548,4.56526340963319,1,FALSE,1
"485","fh",485,0,0.480557757429779,0.848539476050064,2.40915615414269,3,TRUE,3
"486","fh",486,2.8233196483925,0.388331778580323,0.78459068806842,1.57924331631511,1,FALSE,1
"487","fh",487,4.55725050438195,0.831346662482247,0.86457233177498,1.71813378413208,2,FALSE,2
"488","fh",488,3.60833161789924,0.0172495415899903,0.397103009512648,0.992610830115154,3,FALSE,3
"489","fh",489,1.03978603985161,0.263666014652699,0.818596936529502,2.73279551090673,3,FALSE,3
"490","fh",490,0,0.586978126782924,0.431284547550604,1.93363887339365,3,TRUE,3
"491","fh",491,0,0.451026827096939,0.391486729495227,3.07399717811495,2,TRUE,2
"492","fh",492,4.8621951630339,0.887708496535197,0.496624570107087,3.69098949071486,3,FALSE,3
"493","fh",493,2.78857543319464,0.988419946748763,0.0395454470999539,2.79846458847169,2,FALSE,2
"494","fh",494,3.67452431470156,0.70125009957701,0.110684202751145,3.75382326694671,2,FALSE,2
"495","fh",495,1.39880312420428,0.0995855934452266,0.0591599722392857,4.46645769116003,2,FALSE,2
"496","fh",496,0,0.928290502168238,0.54554058611393,3.63279020704795,2,TRUE,2
"497","fh",497,4.78914876654744,0.624473579460755,0.753417135216296,4.20224859693553,1,FALSE,1
"498","fh",498,3.27212827652693,0.495538118528202,0.279763322556391,3.92546130658593,1,FALSE,1
"499","fh",499,2.63005023449659,0.659335592063144,0.0111151586752385,4.09922954195645,1,FALSE,1
"500","fh",500,3.31918204203248,0.0251859091222286,0.379642622312531,1.01079209172167,3,FALSE,3
"501","fh",501,1.52805866952986,0.326755329733714,0.770856500137597,1.64205455884803,2,FALSE,2
"502","fh",502,2.99187023658305,0.30437474604696,0.690961854532361,1.73354471253697,3,FALSE,3
"503","fh",503,1.74519996251911,0.238952521234751,0.508005108917132,4.16775915876497,3,FALSE,3
"504","fh",504,1.96198930218816,0.284486937103793,0.539489514194429,1.026182487607,1,FALSE,1
"505","fh",505,4.23401430528611,0.072530024452135,0.972198866074905,2.84493242320605,2,FALSE,2
"506","fh",506,3.71422304026783,0.834401873871684,0.322013954399154,3.36066956957802,3,FALSE,3
"507","fh",507,4.87675698567182,0.0781543073244393,0.495750045171008,4.10527732502669,1,FALSE,1
"508","fh",508,1.55377061385661,0.732935446547344,0.753996697254479,4.42949888040312,3,FALSE,3
"509","fh",509,0,0.395881982520223,0.0160316431429237,3.37433166312985,2,TRUE,2
"510","fh",510,2.95827982667834,0.95411223731935,0.686882479349151,1.45441588200629,3,FALSE,3
"511","fh",511,3.17046774737537,0.894858350045979,0.795132606523111,1.97901839134283,3,FALSE,3
"512","fh",512,2.82533326465636,0.385312066413462,0.646662392886356,3.23175735305995,3,FALSE,3
"513","fh",513,0,0.521415963768959,0.863106854259968,3.10113383585121,2,TRUE,2
"514","fh",514,3.8593611009419,0.795062476303428,0.869872541399673,3.68824845226482,1,FALSE,1
"515","fh",515,4.6240845285356,0.938913865014911,0.34081718698144,1.81043468264397,1,FALSE,1
"516","fh",516,2.16115770116448,0.366397281410173,0.311583183240145,1.25877681479324,3,FALSE,3
"517","fh",517,4.06021862197667,0.273508432554081,0.384000102290884,2.18466108292341,3,FALSE,3
"518","fh",518,4.71825990267098,0.284519776934758,0.066110500600189,0.595678428304382,2,FALSE,2
"519","fh",519,1.03969127126038,0.718571322737262,0.656872181221843,4.79920873406809,3,FALSE,3
"520","fh",520,0,0.658985770773143,0.711889637634158,0.636014235555194,1,TRUE,1
"521","fh",521,2.03755300585181,0.549500162247568,0.600809252122417,4.64332150900736,2,FALSE,2
"522","fh",522,2.84854825865477,0.201637226389721,0.928780004382133,0.633386618923396,3,FALSE,3
"523","fh",523,2.62978750839829,0.641566853737459,0.494275523349643,2.02040993073024,2,FALSE,2
"524","fh",524,4.34124749992043,0.857805869774893,0.683981815120205,1.16647426714189,1,FALSE,1
"525","fh",525,1.53558485489339,0.581370788626373,0.522032021544874,1.90755239792634,1,FALSE,1
"526","fh",526,4.4781254036352,0.638867718167603,0.383728770771995,4.61131188622676,2,FALSE,2
"527","fh",527,0,0.7816351801157,0.976323263486847,4.49004916218109,3,TRUE,3
"528","fh",528,3.48003879096359,0.443153691012412,0.82401227299124,3.55876130005345,3,FALSE,3
"529","fh",529,0,0.496915480587631,0.864030055701733,2.72842872270849,1,TRUE,1
"530","fh",530,4.5266976589337,0.232502822997048,0.0941274312790483,2.15601896203589,1,FALSE,1
"531","fh",531,0,0.833603231469169,0.979699846124277,3.34216772008222,2,TRUE,2
"532","fh",532,3.04797001555562,0.15644493047148,0.780242283130065,2.21590646263212,3,FALSE,3
"533","fh",533,3.52572246361524,0.687998477136716,0.343002512585372,2.63762690976728,3,FALSE,3
"534","fh",534,0,0.0065767620690167,0.675292209722102,1.9166639635805,3,TRUE,3
"535","fh",535,4.16525066830218,0.496195215266198,0.340287246741354,4.46412478957791,2,FALSE,2
"536","fh",536,4.79599524941295,0.718266004463658,0.316467781085521,2.65923563949764,2,FALSE,2
"537","fh",537,3.64584748074412,0.455090599833056,0.378178547834978,3.26571491232608,2,FALSE,2
"538","fh",538,0,0.365002295468003,0.621942900121212,2.87954086239915,2,TRUE,2
"539","fh",539,4.77817900385708,0.100859176600352,0.764632531441748,2.32709625549614,1,FALSE,1
"540","fh",540,3.67770426161587,0.271330913295969,0.365462649846449,2.70289508928545,1,FALSE,1
"541","fh",541,0,0.25829828181304,0.962747902842239,4.12790176959243,3,TRUE,3
"542","fh",542,2.38684305176139,0.840196279808879,0.898579535773024,1.49187132262159,3,FALSE,3
"543","fh",543,0,0.396156764822081,0.66374023957178,4.22370580385905,1,TRUE,1
"544","fh",544,2.80516273993999,0.99042521440424,0.760408638278022,1.06471451243851,1,FALSE,1
"545","fh",545,3.04094170033932,0.825269244844094,0.375263444846496,3.61448447732255,3,FALSE,3
"546","fh",546,0,0.488034470239654,0.643895917572081,0.997667766408995,1,TRUE,1
"547","fh",547,3.96842026896775,0.785621072631329,0.621054944815114,4.7090993092861,1,FALSE,1
"548","fh",548,0,0.576755774207413,0.995602503651753,3.26548233546782,2,TRUE,2
"549","fh",549,0,0.21004214300774,0.3685018196702,2.03709024912678,2,TRUE,2
"550","fh",550,2.52281416021287,0.805703526595607,0.781123157357797,1.92608076357283,1,FALSE,1
"551","fh",551,4.67749796342105,0.316922236699611,0.424422633601353,2.40229902707506,1,FALSE,1
"552","fh",552,3.54857353959233,0.947079408448189,0.405549073591828,2.72403768985532,1,FALSE,1
"553","fh",553,4.45276402123272,0.958818712970242,0.166179800638929,1.98562696669251,1,FALSE,1
"554","fh",554,0,0.593197353184223,0.513838551705703,4.68587063113227,1,TRUE,1
"555","fh",555,3.8181461924687,0.0788988792337477,0.556688853772357,4.18498528678901,2,FALSE,2
"556","fh",556,1.7891124850139,0.472904764814302,0.688678754959255,3.17144442058634,1,FALSE,1
"557","fh",557,3.11125411745161,0.571169368224218,0.33727954281494,2.68708759732544,1,FALSE,1
"558","fh",558,4.59917748719454,0.538532557664439,0.487177181756124,1.131120468257,3,FALSE,3
"559","fh",559,2.16258107032627,0.609361766139045,0.154745661187917,2.32463655772153,3,FALSE,3
"560","fh",560,2.22251076251268,0.571459307800978,0.156121892621741,4.77253638347611,3,FALSE,3
"561","fh",561,2.71910574659705,0.307938144542277,0.504639473510906,0.506428729044273,2,FALSE,2
"562","fh",562,0,0.638803871581331,0.804447555681691,4.01285661768634,1,TRUE,1
"563","fh",563,3.7221149681136,0.0849554021842778,0.684850670630112,2.98393779015169,2,FALSE,2
"564","fh",564,2.75116747245193,0.239086142741144,0.65330403461121,1.33370856172405,1,FALSE,1
"565","fh",565,4.33370828535408,0.346968670841306,0.437219262355939,2.46905627369415,1,FALSE,1
"566","fh",566,1.96802028175443,0.399100360926241,0.648540260503069,1.79724689060822,3,FALSE,3
"567","fh",567,2.53428505547345,0.996411574073136,0.400056128157303,4.98701364081353,3,FALSE,3
"568","fh",568,0,0.0425254188012332,0.47480452270247,2.56212332530413,1,TRUE,1
"569","fh",569,1.9329171422869,0.456297168275341,0.406905315350741,1.08482341479976,3,FALSE,3
"570","fh",570,0,0.415780459530652,0.0788307695183903,4.34950172726531,3,TRUE,3
"571","fh",571,4.97339793853462,0.411720683798194,0.838454469339922,4.07221525267232,1,FALSE,1
"572","fh",572,0,0.304957217769697,0.305460835807025,0.834531382191926,2,TRUE,2
"573","fh",573,3.79186082817614,0.571175200631842,0.765793082304299,3.72133435122669,1,FALSE,1
"574","fh",574,3.09936732333153,0.7923441787716,0.243493703892455,4.8439827056136,1,FALSE,1
"575","fh",575,0,0.121238901978359,0.489493887871504,2.70831617002841,1,TRUE,1
"576","fh",576,4.92856729682535,0.479901062091812,0.891003139549866,1.40850885526743,3,FALSE,3
"577","fh",577,4.29627117794007,0.77373280772008,0.181813735282049,3.46557954000309,2,FALSE,2
"578","fh",578,4.87314879707992,0.171492560533807,0.751601127674803,2.11323415546212,3,FALSE,3
"579","fh",579,3.09837500192225,0.764051555888727,0.520709162345156,4.14302245050203,2,FALSE,2
"580","fh",580,3.97631436120719,0.297178463544697,0.982887539314106,4.18017088295892,1,FALSE,1
"581","fh",581,0,0.363865582970902,0.102328180801123,2.38278057530988,1,TRUE,1
"582","fh",582,0,0.366883251583204,0.595662025734782,1.38411602296401,1,TRUE,1
"583","fh",583,0,0.523656903766096,0.863710913341492,1.70199978561141,3,TRUE,3
"584","fh",584,3.81884953100234,0.139003727119416,0.313667218899354,2.68806895788293,3,FALSE,3
"585","fh",585,0,0.306765899993479,0.644247693475336,1.71115362329874,3,TRUE,3
"586","fh",586,2.17637613695115,0.839170410996303,0.668295935029164,1.47101884800941,3,FALSE,3
"587","fh",587,3.14439761266112,0.754868857562542,0.931614893022925,0.564497950719669,3,FALSE,3
"588","fh",588,3.35698375757784,0.593898589489982,0.76173753477633,3.36181407130789,1,FALSE,1
"589","fh",589,0,0.0485801915638149,0.86242443555966,2.33212405524682,3,TRUE,3
"590","fh",590,4.82482277881354,0.672371368389577,0.405906111933291,4.4653817670187,3,FALSE,3
"591","fh",591,2.08361002895981,0.41205925331451,0.676944746635854,2.72552320407704,2,FALSE,2
"592","fh",592,2.05897275172174,0.0577826874796301,0.496916642645374,2.63741010345984,2,FALSE,2
"593","fh",593,0,0.733496270375326,0.320962304947898,4.6047624933999,3,TRUE,3
"594","fh",594,2.74014256522059,0.109954165061936,0.233870246913284,2.67729076812975,3,FALSE,3
"595","fh",595,2.70680445246398,0.954230663599446,0.45324262836948,3.65846061322372,1,FALSE,1
"596","fh",596,0,0.292819387279451,0.265668383566663,3.29766067862511,2,TRUE,2
"597","fh",597,3.27202648390085,0.181806657230482,0.116816520225257,4.13560609752312,2,FALSE,2
"598","fh",598,2.49211090803146,0.895519467769191,0.0764898681081831,3.9151592340786,3,FALSE,3
"599","fh",599,0,0.131650700233877,0.420911651104689,1.07112807652447,3,TRUE,3
"600","fh",600,2.22632720414549,0.355053450912237,0.296292214421555,2.99786166939884,3,FALSE,3
"601","fh",601,3.49748938437551,0.456914150156081,0.877638615202159,3.62396089464892,1,FALSE,1
"602","fh",602,1.65856441576034,0.874018320348114,0.268865927355364,3.7964916677447,3,FALSE,3
"603","fh",603,1.54115345980972,0.477065792307258,0.566667413339019,1.4345851498656,3,FALSE,3
"604","fh",604,1.32808243855834,0.691190637182444,0.22640703106299,1.58002324192785,2,FALSE,2
"605","fh",605,1.30488423164934,0.775787159567699,0.564158860128373,3.23819658777211,1,FALSE,1
"606","fh",606,0,0.42901011952199,0.741118114907295,2.64632694912143,3,TRUE,3
"607","fh",607,4.88302086107433,0.45446507120505,0.332055391510949,4.7875509201549,1,FALSE,1
"608","fh",608,0,0.240762401139364,0.145321392454207,3.96985138487071,1,TRUE,1
"609","fh",609,3.61855845805258,0.282977708382532,0.907373347552493,0.925139658036642,2,FALSE,2
"610","fh",610,3.76054822653532,0.912685750517994,0.935050323139876,4.07187619211618,1,FALSE,1
"611","fh",611,2.38269343040884,0.970616958569735,0.700820898171514,2.71894966298714,2,FALSE,2
"612","fh",612,3.5762191535905,0.725587218999863,0.488566201645881,3.02343061263673,3,FALSE,3
"613","fh",613,2.55901969131082,0.371020011371002,0.19756586314179,2.61353626288474,3,FALSE,3
"614","fh",614,0,0.490324025508016,0.119489355944097,3.41393464582507,2,TRUE,2
"615","fh",615,4.13523183204234,0.8108080313541,0.613509605638683,3.79192883626092,2,FALSE,2
"616","fh",616,4.47232963424176,0.559067307272926,0.259925357997417,3.83031046041287,3,FALSE,3
"617","fh",617,0,0.771687682950869,0.865980559727177,4.90600167389493,3,TRUE,3
"618","fh",618,3.59600317385048,0.267501699039713,0.920719921588898,3.75276068155654,2,FALSE,2
"619","fh",619,0,0.33006173116155,0.39726208220236,0.562158098444343,1,TRUE,1
"620","fh",620,4.57630459219217,0.968941445462406,0.65015456546098,2.19043901690748,1,FALSE,1
"621","fh",621,0,0.95178733789362,0.516043546609581,4.45243069564458,1,TRUE,1
"622","fh",622,0,0.721500562969595,0.661405553808436,4.54231809638441,3,TRUE,3
"623","fh",623,2.23219186160713,0.123881757259369,0.364199069095775,1.57679171860218,2,FALSE,2
"624","fh",624,1.38852234836668,0.81771452492103,0.0611002747900784,1.50645671214443,1,FALSE,1
"625","fh",625,3.90590439550579,0.174189347308129,0.9007292536553,2.90495479595847,2,FALSE,2
"626","fh",626,4.55900456942618,0.159621831029654,0.484934021951631,1.58075759722851,1,FALSE,1
"627","fh",627,3.22504149563611,0.878419410437346,0.547259976388887,4.37422475102358,1,FALSE,1
"628","fh",628,0,0.0601783976890147,0.998479148373008,4.40626052534208,1,TRUE,1
"629","fh",629,4.61403915006667,0.0596808609552681,0.995724619599059,4.71618460747413,3,FALSE,3
"630","fh",630,2.58605748973787,0.975424978416413,0.437940039206296,3.34005371504463,1,FALSE,1
"631","fh",631,1.52084180526435,0.738053901353851,0.0240069297142327,4.6804818699602,3,FALSE,3
"632","fh",632,0,0.528119957773015,0.136942067649215,2.87225122284144,2,TRUE,2
"633","fh",633,2.78473766893148,0.578262106049806,0.481685503851622,4.82641000999138,2,FALSE,2
"634","fh",634,2.73389822337776,0.292374651879072,0.58464644360356,2.1418323876569,3,FALSE,3
"635","fh",635,2.66891374066472,0.770190184237435,0.813405602471903,0.583962432458065,3,FALSE,3
"636","fh",636,2.2566341701895,0.471873037051409,0.59898665943183,4.17980929079931,1,FALSE,1
"637","fh",637,0,0.782726915786043,0.398306943010539,1.80681393726263,1,TRUE,1
"638","fh",638,4.16187627613544,0.315311670769006,0.209060001419857,3.099812361761,3,FALSE,3
"639","fh",639,0,0.252849088283256,0.980625605676323,2.1939388460014,2,TRUE,2
"640","fh",640,1.77188006322831,0.847933775279671,0.597528890240937,1.57079493731726,2,FALSE,2
"641","fh",641,2.82894372846931,0.246854261495173,0.495558827649802,3.72702362353448,1,FALSE,1
"642","fh",642,2.0111273182556,0.760864066891372,0.370444257976487,0.763153923675418,3,FALSE,3
"643","fh",643,0,0.792262182803825,0.150500140385702,1.30179492011666,3,TRUE,3
"644","fh",644,4.07621920760721,0.988881045486778,0.968601568834856,4.83254605764523,3,FALSE,3
"645","fh",645,2.10751284938306,0.812832897296175,0.330069481628016,1.95904364448506,3,FALSE,3
"646","fh",646,3.02031255792826,0.0889884103089571,0.0981257916428149,1.39362719480414,1,FALSE,1
"647","fh",647,1.5380301643163,0.132710022618994,0.410590417217463,2.70085242262576,1,FALSE,1
"648","fh",648,2.90893974062055,0.367593190865591,0.633622449589893,0.526634492678568,3,FALSE,3
"649","fh",649,4.40247285366058,0.108994773123413,0.542381094070151,0.653116457047872,3,FALSE,3
"650","fh",650,1.0562752597034,0.689271112671122,0.137729075038806,0.585176953463815,3,FALSE,3
"651","fh",651,4.97801292408258,0.141263528494164,0.564120768336579,3.4229188861791,3,FALSE,3
"652","fh",652,0,0.951600796775892,0.102188666816801,4.74699448444881,3,TRUE,3
"653","fh",653,2.00098401028663,0.494104222161695,0.931725488044322,2.65624445886351,3,FALSE,3
"654","fh",654,3.96209350321442,0.154361475724727,0.215835164533928,2.99142843403388,3,FALSE,3
"655","fh",655,2.85303062107414,0.491598753724247,0.246348206186667,4.27677224681247,2,FALSE,2
"656","fh",656,0,0.508113681571558,0.245330686680973,4.27322516893037,3,TRUE,3
"657","fh",657,0,0.990033106412739,0.321913951076567,1.16298775898758,3,TRUE,3
"658","fh",658,2.60106461588293,0.346769494470209,0.73605982074514,0.555026672547683,1,FALSE,1
"659","fh",659,4.98650108836591,0.704566004220396,0.495653402293101,2.61089133343194,2,FALSE,2
"660","fh",660,2.77035193424672,0.0577958966605365,0.0265477439388633,1.9051010904368,3,FALSE,3
"661","fh",661,0,0.440013982588425,0.124444310320541,4.41692384006456,1,TRUE,1
"662","fh",662,0,0.14141644956544,0.375475654378533,1.09254295902792,2,TRUE,2
"663","fh",663,2.2145658750087,0.298770422581583,0.582436960423365,0.64778598153498,1,FALSE,1
"664","fh",664,1.49734676908702,0.120142439845949,0.563662064727396,3.50044076167978,3,FALSE,3
"665","fh",665,1.45811150968075,0.296305408934131,0.611147711751983,3.98338305286597,1,FALSE,1
"666","fh",666,2.80819494370371,0.0363515031058341,0.139276921283454,1.41540883586276,2,FALSE,2
"667","fh",667,0,0.267671273322776,0.114912565564737,2.60082167119253,1,TRUE,1
"668","fh",668,2.08535245899111,0.592974395025522,0.222987990826368,4.25094076455571,1,FALSE,1
"669","fh",669,2.5652509406209,0.136945220641792,0.106124041369185,0.92978244763799,3,FALSE,3
"670","fh",670,3.22535775322467,0.564675143221393,0.342245840234682,1.23387413437013,2,FALSE,2
"671","fh",671,1.93101412151009,0.569367623655125,0.472378992475569,1.53827068663668,1,FALSE,1
"672","fh",672,1.18969008699059,0.767339004902169,0.362247257959098,2.79311756917741,1,FALSE,1
"673","fh",673,4.86673825234175,0.000713367946445942,0.248278497019783,1.33207564020995,3,FALSE,3
"674","fh",674,1.63906556833535,0.89552915096283,0.197685393737629,3.50572640448809,1,FALSE,1
"675","fh",675,3.40574330091476,0.121112351305783,0.76460959110409,3.14953892852645,1,FALSE,1
"676","fh",676,4.75408320035785,0.0259821324143559,0.847016324521974,1.18778768880293,2,FALSE,2
"677","fh",677,0,0.839294752106071,0.286266377195716,4.74374803924002,1,TRUE,1
"678","fh",678,3.36572015937418,0.338410655967891,0.113347672857344,1.55449547164608,1,FALSE,1
"679","fh",679,4.17968515586108,0.55930087948218,0.468667042674497,3.17515159177128,1,FALSE,1
"680","fh",680,1.35098416544497,0.133644865825772,0.524456983432174,2.57612227811478,3,FALSE,3
"681","fh",681,1.41151890810579,0.7104264840018,0.670824469532818,1.82723460870329,3,FALSE,3
"682","fh",682,1.52158629707992,0.562108209589496,0.807366302702576,4.40096776315477,1,FALSE,1
"683","fh",683,0,0.277699015336111,0.220470719272271,2.19801801128779,3,TRUE,3
"684","fh",684,0,0.837322571082041,0.782284039305523,2.12063584849238,3,TRUE,3
"685","fh",685,0,0.920665848301724,0.821500165853649,3.55964805511758,1,TRUE,1
"686","fh",686,1.78553834185004,0.646994551643729,0.65035329433158,1.95842125359923,3,FALSE,3
"687","fh",687,2.12666471768171,0.383063898188993,0.619954525493085,2.90027716069017,2,FALSE,2
"688","fh",688,1.32352219335735,0.467229657340795,0.819759790087119,0.558448766823858,3,FALSE,3
"689","fh",689,3.55375640653074,0.721517286263406,0.987954982323572,3.75938096223399,1,FALSE,1
"690","fh",690,4.42968051042408,0.359256339259446,0.116393827134743,4.08380302530713,3,FALSE,3
"691","fh",691,4.07236175239086,0.505454680416733,0.375687175896019,2.98275375936646,3,FALSE,3
"692","fh",692,3.41725722420961,0.518700764514506,0.269419517135248,1.09986718546133,2,FALSE,2
"693","fh",693,3.65266839135438,0.684064305853099,0.024344987468794,2.8204937397968,1,FALSE,1
"694","fh",694,3.98765012901276,0.803268152521923,0.552398136584088,4.16348333621863,1,FALSE,1
"695","fh",695,2.78583599906415,0.329442226095125,0.87938783923164,1.05625228444114,2,FALSE,2
"696","fh",696,1.82891022227705,0.818178178742528,0.299364561680704,3.64857677149121,2,FALSE,2
"697","fh",697,2.03974891267717,0.893251654226333,0.50391157832928,1.04677334311418,1,FALSE,1
"698","fh",698,2.73513216525316,0.653197351843119,0.851155696436763,3.43591294414364,1,FALSE,1
"699","fh",699,1.39457326382399,0.302356918109581,0.945798670640215,1.22905218892265,1,FALSE,1
"700","fh",700,1.13253072928637,0.867984129814431,0.554951529949903,0.508750707958825,3,FALSE,3
"701","fh",701,0,0.997881373157725,0.16692350548692,2.66086660698056,3,TRUE,3
"702","fh",702,3.15083898976445,0.520163705106825,0.981376733398065,0.785398292937316,3,FALSE,3
"703","fh",703,4.28729297686368,0.435759737156332,0.995842010946944,2.5923723942833,1,FALSE,1
"704","fh",704,0,0.929011318599805,0.779389505740255,2.37370504869614,1,TRUE,1
"705","fh",705,2.87300036288798,0.550184100866318,0.92166039138101,4.92547122039832,3,FALSE,3
"706","fh",706,4.43408795911819,0.158216934418306,0.136112602194771,4.2854689899832,2,FALSE,2
"707","fh",707,4.09784233104438,0.267581620020792,0.419540255097672,4.4764562350465,3,FALSE,3
"708","fh",708,2.52934546023607,0.607800849480554,0.810862554004416,3.70645105943549,3,FALSE,3
"709","fh",709,4.94817623123527,0.768229519715533,0.86774294055067,4.46523421094753,2,FALSE,2
"710","fh",710,1.85448161512613,0.0348480171523988,0.44364187028259,2.65714484499767,1,FALSE,1
"711","fh",711,4.89372979290783,0.574906357564032,0.468738400842994,3.91551403375342,3,FALSE,3
"712","fh",712,2.8036690345034,0.680083543993533,0.0302966178860515,3.67934028920718,2,FALSE,2
"713","fh",713,2.24133368954062,0.737393829738721,0.976556555833668,2.21118701109663,2,FALSE,2
"714","fh",714,4.43686291668564,0.00877591455355287,0.447520698886365,3.39855181146413,1,FALSE,1
"715","fh",715,3.83084655180573,0.762129936832935,0.2756464893464,3.4485608850373,1,FALSE,1
"716","fh",716,3.22786915581673,0.38776796660386,0.498061709105968,2.74049914209172,3,FALSE,3
"717","fh",717,1.96509563736618,0.220979977399111,0.567514455411583,2.60194048972335,1,FALSE,1
"718","fh",718,3.09759329725057,0.5313452295959,0.529791396576911,1.77510355785489,1,FALSE,1
"719","fh",719,0,0.795560047728941,0.151029961416498,1.30666605161969,3,TRUE,3
"720","fh",720,2.99941495154053,0.69328312552534,0.988963359035552,1.04679046524689,1,FALSE,1
"721","fh",721,2.90691876225173,0.117045329650864,0.463883511023596,3.31937360274605,2,FALSE,2
"722","fh",722,3.01426159590483,0.275927202543244,0.436295244842768,0.733001582906581,2,FALSE,2
"723","fh",723,3.43734205514193,0.560944004915655,0.18291426752694,1.41347245592624,3,FALSE,3
"724","fh",724,0,0.286599638406187,0.391371078556404,3.3234579176642,3,TRUE,3
"725","fh",725,1.78066491428763,0.819279357325286,0.958912024041638,4.95995698100887,1,FALSE,1
"726","fh",726,3.04847864992917,0.519235340645537,0.158663155278191,1.50320773560088,1,FALSE,1
"727","fh",727,0,0.05575254955329,0.373380332719535,2.21861516265199,1,TRUE,1
"728","fh",728,1.3040210744366,0.283812010893598,0.0606738515198231,4.37913158209994,2,FALSE,2
"729","fh",729,2.86582667194307,0.329461863031611,0.275004685856402,2.70201152353548,3,FALSE,3
"730","fh",730,4.46358748152852,0.683109762147069,0.308979053748772,2.89309818740003,1,FALSE,1
"731","fh",731,2.31131012737751,0.343488475307822,0.86968940240331,1.02337403455749,1,FALSE,1
"732","fh",732,0,0.706744353286922,0.516037778696045,2.61558005481493,3,TRUE,3
"733","fh",733,2.87784949596971,0.0195894669741392,0.0416966313496232,0.936690398375504,3,FALSE,3
"734","fh",734,0,0.110064391046762,0.113628337858245,2.24602076422889,1,TRUE,1
"735","fh",735,3.12179568223655,0.419737575342879,0.854306505294517,3.86182245169766,3,FALSE,3
"736","fh",736,4.87479712534696,0.373266929062083,0.767109147505835,2.41376451402903,1,FALSE,1
"737","fh",737,0,0.920373544096947,0.238464429043233,3.64394538023043,1,TRUE,1
"738","fh",738,0,0.892532939789817,0.462230924749747,0.978826882550493,3,TRUE,3
"739","fh",739,1.53337434865534,0.0796552828978747,0.575763967586681,4.56001371366438,1,FALSE,1
"740","fh",740,2.01312155928463,0.304467646870762,0.399022408295423,4.88435088377446,1,FALSE,1
"741","fh",741,0,0.135785542428493,0.0904724223073572,1.40401615097653,2,TRUE,2
"742","fh",742,2.6310975747183,0.265859602717683,0.227669368963689,3.48901626537554,2,FALSE,2
"743","fh",743,1.87867504358292,0.347131861373782,0.732505718711764,1.85850054398179,2,FALSE,2
"744","fh",744,2.39298303145915,0.833603313658386,0.288701182464138,2.83076194836758,2,FALSE,2
"745","fh",745,3.27728027570993,0.476291653001681,0.833443676121533,4.95626887131948,1,FALSE,1
"746","fh",746,1.12135943956673,0.106600475497544,0.423598326742649,4.40406315075234,3,FALSE,3
"747","fh",747,1.07915312144905,0.541782498825341,0.635910353157669,4.07731643074658,1,FALSE,1
"748","fh",748,2.34182102791965,0.343062580097467,0.00874809175729752,2.27355745667592,3,FALSE,3
"749","fh",749,2.02563030365855,0.574951719725505,0.253151687094942,2.80793275276665,2,FALSE,2
"750","fh",750,0,0.255557588301599,0.818222758360207,3.47960934555158,3,TRUE,3
"751","fh",751,4.0713861733675,0.390428483253345,0.723036476178095,1.98201472789515,2,FALSE,2
"752","fh",752,4.12375960685313,0.0661877889651805,0.689506312133744,1.31813110900111,3,FALSE,3
"753","fh",753,3.77320970781147,0.990842732368037,0.409167368896306,1.87657091300935,2,FALSE,2
"754","fh",754,1.20430331118405,0.397651165723801,0.0365572688169777,4.60488357837312,1,FALSE,1
"755","fh",755,3.63722750730813,0.327208485454321,0.572705725906417,1.54062279744539,1,FALSE,1
"756","fh",756,4.05068381596357,0.582311281003058,0.192350164055824,4.18693759653252,3,FALSE,3
"757","fh",757,2.28133560437709,0.0908798188902438,0.331849194597453,4.10634660650976,3,FALSE,3
"758","fh",758,0,0.250840447377414,0.218883817782626,1.24102599010803,3,TRUE,3
"759","fh",759,1.13049095403403,0.0588170792907476,0.992562589468434,2.41863527777605,2,FALSE,2
"760","fh",760,2.96890645194799,0.460260277148336,0.440012546721846,4.1271296684863,1,FALSE,1
"761","fh",761,1.56669961847365,0.420943815028295,0.0390356339048594,2.34248183283489,3,FALSE,3
"762","fh",762,4.19663371518254,0.67094642482698,0.126401816494763,4.11599685298279,2,FALSE,2
"763","fh",763,2.63644965365529,0.294707586988807,0.73631336633116,1.09607227775268,1,FALSE,1
"764","fh",764,4.74573894962668,0.58358748187311,0.967638970119879,4.35163286700845,2,FALSE,2
"765","fh",765,3.93163906224072,0.853041775757447,0.972039778949693,4.85243780794553,3,FALSE,3
"766","fh",766,2.73985077813268,0.290288574527949,0.576774675399065,4.45224811264779,1,FALSE,1
"767","fh",767,4.19531559385359,0.425755273550749,0.198904593940824,3.46937226213049,1,FALSE,1
"768","fh",768,2.46520514599979,0.204975441098213,0.366909416858107,2.02672716369852,3,FALSE,3
"769","fh",769,2.52395033929497,0.531564043369144,0.0439404028002173,1.59603709424846,3,FALSE,3
"770","fh",770,3.69419059250504,0.651091086445376,0.97912484081462,3.87628369999584,1,FALSE,1
"771","fh",771,0,0.0528686996549368,0.111336363479495,2.48248150933068,1,TRUE,1
"772","fh",772,0,0.826433724258095,0.0769504955969751,4.82025885814801,3,TRUE,3
"773","fh",773,2.74127068649977,0.405189169105142,0.544756310991943,1.42961409769487,3,FALSE,3
"774","fh",774,0,0.428893828066066,0.550775128183886,4.62247472675517,3,TRUE,3
"775","fh",775,3.09225665777922,0.392854487989098,0.921768781729043,2.01852317794692,3,FALSE,3
"776","fh",776,4.61434325668961,0.148264802992344,0.978354494320229,2.43892341875471,2,FALSE,2
"777","fh",777,4.75148432143033,0.0803029821254313,0.75167123740539,1.42824846354779,2,FALSE,2
"778","fh",778,4.84440011531115,0.00961027503944933,0.0175740444101393,1.18767737247981,3,FALSE,3
"779","fh",779,1.93480417039245,0.18063399172388,0.565616053761914,4.13049063249491,1,FALSE,1
"780","fh",780,0,0.139407244510949,0.885855899192393,1.06807196442969,2,TRUE,2
"781","fh",781,2.67551505472511,0.191279340535402,0.155859890626743,4.04544429213274,3,FALSE,3
"782","fh",782,0,0.245690189069137,0.992984683485702,4.57178755302448,2,TRUE,2
"783","fh",783,3.12549932859838,0.795936211245134,0.225801563821733,4.15697144088335,3,FALSE,3
"784","fh",784,4.73400381114334,0.88666880573146,0.884732274804264,4.90976393409073,3,FALSE,3
"785","fh",785,0,0.71158698387444,0.527126753237098,2.30223691998981,2,TRUE,2
"786","fh",786,3.62560132797807,0.571533905807883,0.644540002103895,4.0677316050278,2,FALSE,2
"787","fh",787,1.71407034713775,0.756292124744505,0.527103713247925,1.79362566117197,1,FALSE,1
"788","fh",788,1.99432848580182,0.624023425625637,0.824163453420624,3.58762845932506,1,FALSE,1
"789","fh",789,3.31744857504964,0.920111435931176,0.43824864574708,0.502468501916155,2,FALSE,2
"790","fh",790,0,0.518978482112288,0.0462171090766788,4.63116432330571,2,TRUE,2
"791","fh",791,0,0.373955696588382,0.0324455525260419,3.88355389877688,3,TRUE,3
"792","fh",792,3.48109913710505,0.219281817553565,0.327030800282955,2.68995582486968,2,FALSE,2
"793","fh",793,4.49150256253779,0.881606704555452,0.599359869025648,1.29451122856699,2,FALSE,2
"794","fh",794,1.79536683950573,0.693012664793059,0.607319062575698,3.70498912874609,2,FALSE,2
"795","fh",795,0,0.395221777493134,0.407664328347892,4.80692204320803,2,TRUE,2
"796","fh",796,2.63883418310434,0.198922001058236,0.052277396665886,4.10947145754471,3,FALSE,3
"797","fh",797,4.70805228687823,0.87619619932957,0.056592644425109,2.33404537185561,2,FALSE,2
"798","fh",798,1.1739235566929,0.749531328678131,0.669524481752887,3.71489538787864,3,FALSE,3
"799","fh",799,1.77456483151764,0.105094482190907,0.0411063109058887,2.96942380187102,2,FALSE,2
"800","fh",800,3.88025361672044,0.174321542028338,0.312515024561435,1.68324695783667,2,FALSE,2
"801","fh",801,1.22085118945688,0.272854355396703,0.565341005567461,4.23347985208966,2,FALSE,2
"802","fh",802,4.92493663635105,0.78229654324241,0.880395436892286,0.503194453311153,3,FALSE,3
"803","fh",803,1.10330623574555,0.819488087901846,0.183674448402599,1.63854019134305,3,FALSE,3
"804","fh",804,3.03685260470957,0.941067099105567,0.543621859047562,3.63833265984431,3,FALSE,3
"805","fh",805,4.46085734665394,0.951286382507533,0.0335393571294844,3.51980216277298,3,FALSE,3
"806","fh",806,0,0.110543489689007,0.705301797017455,1.52073636755813,1,TRUE,1
"807","fh",807,3.47907288745046,0.484493997180834,0.461377483326942,4.46669401787221,3,FALSE,3
"808","fh",808,3.26094385702163,0.142133153742179,0.829781254054978,2.14476391428616,2,FALSE,2
"809","fh",809,2.79246528167278,0.370212174486369,0.688768787775189,3.14390062657185,1,FALSE,1
"810","fh",810,4.77032133657485,0.823926610639319,0.472309270873666,4.53884458018001,2,FALSE,2
"811","fh",811,2.53810668829829,0.734364444157109,0.848269339185208,4.84698717051651,1,FALSE,1
"812","fh",812,2.3799620596692,0.964137191651389,0.411354006035253,4.9786762392614,2,FALSE,2
"813","fh",813,4.77463725395501,0.451986671658233,0.16042966209352,2.03109257726464,3,FALSE,3
"814","fh",814,0,0.298055121442303,0.137298338115215,2.42773580655921,3,TRUE,3
"815","fh",815,4.54061048198491,0.505435704020783,0.486138951266184,4.1038568795193,3,FALSE,3
"816","fh",816,2.19345766399056,0.16808922518976,0.26907428028062,0.73428790748585,3,FALSE,3
"817","fh",817,1.63100818078965,0.599561968352646,0.870723282452673,3.94460049923509,1,FALSE,1
"818","fh",818,1.44760421104729,0.687766894465312,0.728002379415557,3.88419957249425,1,FALSE,1
"819","fh",819,1.32844055444002,0.862034620018676,0.0682527283206582,3.147850008565,3,FALSE,3
"820","fh",820,1.92741880752146,0.910104543436319,0.617255744989961,1.36960307823028,1,FALSE,1
"821","fh",821,4.44441874045879,0.143309963867068,0.873291690601036,4.56477642944083,1,FALSE,1
"822","fh",822,2.65284157451242,0.284200018038973,0.903379215858877,3.50617536855862,1,FALSE,1
"823","fh",823,3.84987557306886,0.329514271346852,0.965862803626806,2.49638333264738,3,FALSE,3
"824","fh",824,0,0.549175220308825,0.21566336764954,1.24696717318147,3,TRUE,3
"825","fh",825,2.21872873604298,0.725853387033567,0.230295826680958,2.45876778406091,2,FALSE,2
"826","fh",826,3.95419411920011,0.341222760034725,0.983102918136865,1.98656491632573,3,FALSE,3
"827","fh",827,3.61645673494786,0.0160261439159513,0.446192877134308,2.98626190435607,2,FALSE,2
"828","fh",828,2.2178842863068,0.784966415259987,0.57838842808269,1.95719103328884,2,FALSE,2
"829","fh",829,1.08609866350889,0.902416297933087,6.01985957473516e-05,3.88790451933164,1,FALSE,1
"830","fh",830,2.52857918385416,0.526972993044183,0.580644135596231,4.10293313511647,1,FALSE,1
"831","fh",831,2.01192002743483,0.258298568660393,0.0236901387106627,1.3429327099584,2,FALSE,2
"832","fh",832,3.1307752514258,0.802911544218659,0.482754069380462,2.42387237888761,2,FALSE,2
"833","fh",833,3.67288560513407,0.148158856667578,0.903523960383609,0.974908646661788,1,FALSE,1
"834","fh",834,2.16792858950794,0.503742008237168,0.47780564124696,2.01802044396754,2,FALSE,2
"835","fh",835,2.88375286757946,0.566541703883559,0.00180388893932104,1.21133831480984,2,FALSE,2
"836","fh",836,2.51830208860338,0.591649589361623,0.168808733345941,3.3539754768135,1,FALSE,1
"837","fh",837,1.39976414758712,0.987251138314605,0.539010100997984,1.87373360840138,1,FALSE,1
"838","fh",838,1.71280350442976,0.815699277911335,0.0306229214183986,4.18085619469639,1,FALSE,1
"839","fh",839,4.38004204072058,0.250702115474269,0.140525692608207,4.1284100052435,1,FALSE,1
"840","fh",840,2.89058710355312,0.235799843678251,0.53683878085576,2.57340980833396,3,FALSE,3
"841","fh",841,0,0.0675072988960892,0.407798140309751,3.42883026215713,2,TRUE,2
"842","fh",842,4.36714917700738,0.743854878237471,0.377921654609963,4.71778734051622,3,FALSE,3
"843","fh",843,1.69439424481243,0.447033383883536,0.268093498423696,2.88175214151852,1,FALSE,1
"844","fh",844,3.89838032145053,0.0447510641533881,0.538434495218098,4.39002269180492,3,FALSE,3
"845","fh",845,2.70572610665113,0.879046546295285,0.424245964968577,4.05641230160836,2,FALSE,2
"846","fh",846,3.3408261872828,0.696980891516432,0.581617041723803,3.6745466934517,3,FALSE,3
"847","fh",847,0,0.390847709961236,0.440762873739004,4.36841644416563,2,TRUE,2
"848","fh",848,4.70249314513057,0.7946263612248,0.780141776427627,2.52780645061284,1,FALSE,1
"849","fh",849,4.22452187445015,0.725658787414432,0.668090880382806,0.761746210278943,3,FALSE,3
"850","fh",850,4.76774915494025,0.501721933949739,0.173998290672898,4.24283075355925,2,FALSE,2
"851","fh",851,2.1939610959962,0.876283939462155,0.384030194021761,2.53246880148072,2,FALSE,2
"852","fh",852,1.00654527358711,0.715183360967785,0.847674840362743,2.09036959765945,3,FALSE,3
"853","fh",853,0,0.0432793470099568,0.864512506872416,2.37434713600669,2,TRUE,2
"854","fh",854,3.97346143238246,0.721621477743611,0.0941977777983993,1.94497816241346,2,FALSE,2
"855","fh",855,3.53992462530732,0.725771538680419,0.145910791819915,4.56146048358642,1,FALSE,1
"856","fh",856,3.02254684455693,0.0865708140190691,0.790393635863438,1.6873335809214,2,FALSE,2
"857","fh",857,0,0.302552856737748,0.480136848287657,2.06028857745696,2,TRUE,2
"858","fh",858,1.24424796737731,0.55798485991545,0.652766844490543,1.40945342136547,2,FALSE,2
"859","fh",859,1.68414565827698,0.476240106625482,0.0177914621308446,3.00183742505033,3,FALSE,3
"860","fh",860,0,0.751677121734247,0.691413782769814,4.75618683802895,2,TRUE,2
"861","fh",861,4.1216500159353,0.987616257974878,0.687654793960974,4.42679113172926,1,FALSE,1
"862","fh",862,3.08933109790087,0.757476500002667,0.18402112647891,2.5261971388245,2,FALSE,2
"863","fh",863,1.17683752905577,0.59958316385746,0.558672646060586,4.66090649040416,1,FALSE,1
"864","fh",864,2.08073710277677,0.386420763097703,0.0868971159216017,4.89168855687603,1,FALSE,1
"865","fh",865,1.45967531204224,0.791253674775362,0.78634853893891,4.01723871647846,3,FALSE,3
"866","fh",866,3.89090293366462,0.300070303026587,0.971826524240896,1.1501780966064,2,FALSE,2
"867","fh",867,2.61944341380149,0.161170719424263,0.0817241126205772,2.65794827556238,3,FALSE,3
"868","fh",868,4.54348030127585,0.250902535626665,0.697799268411472,3.69499292341061,3,FALSE,3
"869","fh",869,2.52519206702709,0.666466820053756,0.2934904191643,3.3613437480526,2,FALSE,2
"870","fh",870,2.71106881741434,0.0874459098558873,0.196344259660691,1.04703563277144,3,FALSE,3
"871","fh",871,1.15884569194168,0.450828621163964,0.113293603761122,0.581874455325305,1,FALSE,1
"872","fh",872,2.79844785761088,0.421041326131672,0.76854094513692,1.34278757835273,1,FALSE,1
"873","fh",873,3.77902658469975,0.40829644491896,0.468509525060654,0.876176087534986,1,FALSE,1
"874","fh",874,4.23368858359754,0.703948736889288,0.0351439211517572,3.60587297286838,3,FALSE,3
"875","fh",875,0,0.71155992965214,0.205170453991741,0.71879547345452,1,TRUE,1
"876","fh",876,3.21002085320652,0.989179537398741,0.574364420492202,3.93324386072345,1,FALSE,1
"877","fh",877,2.74882070440799,0.0662526707164943,0.381569835823029,4.34663556481246,2,FALSE,2
"878","fh",878,3.91474788170308,0.222436175914481,0.0798719667363912,2.36912210064474,2,FALSE,2
"879","fh",879,0,0.917815666180104,0.867847001180053,4.0392023579916,2,TRUE,2
"880","fh",880,2.79810559656471,0.0814986436162144,0.168989242753014,2.40014900604729,2,FALSE,2
"881","fh",881,4.02792968414724,0.988774089841172,0.967458138940856,4.39571315643843,3,FALSE,3
"882","fh",882,0,0.987099545542151,0.173046982381493,2.11954702041112,3,TRUE,3
"883","fh",883,2.89478519186378,0.329533896408975,0.0267224845010787,3.96636848407798,1,FALSE,1
"884","fh",884,1.91159746143967,0.873879652004689,0.187261877581477,1.13249419408385,2,FALSE,2
"885","fh",885,2.78625480085611,0.698051488958299,0.0873113409616053,2.40628440410364,3,FALSE,3
"886","fh",886,0,0.474710383685306,0.969373165396973,2.90385878668167,1,TRUE,1
"887","fh",887,4.80404584016651,0.980005430057645,0.880059965653345,3.61744278098922,1,FALSE,1
"888","fh",888,3.34421463683248,0.76306159957312,0.630925732897595,1.17601690778974,1,FALSE,1
"889","fh",889,3.58005775418133,0.188872423954308,0.530546352732927,3.83764391008299,2,FALSE,2
"890","fh",890,4.77286294847727,0.752207244746387,0.133548679528758,4.65296355483588,1,FALSE,1
"891","fh",891,3.93414114788175,0.518793787807226,0.16122795920819,4.53382885141764,2,FALSE,2
"892","fh",892,4.80103435739875,0.575451335404068,0.237176273250952,3.14824661612511,1,FALSE,1
"893","fh",893,3.7302815541625,0.989518061513081,0.75661224196665,1.4926881485153,2,FALSE,2
"894","fh",894,2.03363448381424,0.885137596633285,0.567368142306805,1.44476715894416,2,FALSE,2
"895","fh",895,0,0.177415220066905,0.122286619851366,3.36860729369801,3,TRUE,3
"896","fh",896,2.9599454253912,0.472063877852634,0.317153802374378,4.89367582229897,1,FALSE,1
"897","fh",897,4.63672913890332,0.830332194222137,0.442496144911274,0.931197575875558,2,FALSE,2
"898","fh",898,4.73739579413086,0.672220847103745,0.0449439974036068,3.90203985094558,3,FALSE,3
"899","fh",899,2.90892443154007,0.682072105584666,0.644077207893133,0.64701432781294,2,FALSE,2
"900","fh",900,2.76034933887422,0.909536027349532,0.910425443667918,3.35943390522152,1,FALSE,1
"901","fh",901,0,0.358254094142467,0.785583077464253,0.791391853475943,2,TRUE,2
"902","fh",902,3.8261136924848,0.0663089624140412,0.8569370736368,3.8361969672842,1,FALSE,1
"903","fh",903,0,0.641269314335659,0.750862150685862,0.622056764783338,1,TRUE,1
"904","fh",904,2.86332881823182,0.045957523630932,0.376438078237697,1.8487302592257,3,FALSE,3
"905","fh",905,2.1921707149595,0.369872102281079,0.707874595886096,1.35798854427412,1,FALSE,1
"906","fh",906,4.30580743402243,0.905256409198046,0.623664899263531,3.20020926406141,3,FALSE,3
"907","fh",907,4.6065988689661,0.776487652212381,0.658912057755515,0.961160696228035,3,FALSE,3
"908","fh",908,0,0.838838623370975,0.469803641317412,4.38355194218457,3,TRUE,3
"909","fh",909,0,0.305176553083584,0.834305616794154,4.84557745803613,3,TRUE,3
"910","fh",910,2.73204239737242,0.620454612188041,0.920667378464714,4.37119089392945,3,FALSE,3
"911","fh",911,4.82551991194487,0.0394459285307676,0.362598723266274,4.00758732692339,3,FALSE,3
"912","fh",912,3.03720042016357,0.405428618658334,0.367857435252517,2.24351052253041,2,FALSE,2
"913","fh",913,0,0.791947640478611,0.137594480300322,2.31408204010222,2,TRUE,2
"914","fh",914,2.64134016539901,0.761747137410566,0.0670589082874358,0.801013197051361,2,FALSE,2
"915","fh",915,1.83086342457682,0.871251582400873,0.659852988319471,2.05302116565872,2,FALSE,2
"916","fh",916,0,0.0486176067497581,0.0902909145224839,0.505909111816436,3,TRUE,3
"917","fh",917,4.39997131936252,0.544405517401174,0.645558977266774,4.68263006478082,3,FALSE,3
"918","fh",918,1.08836714178324,0.33675015042536,0.484250966925174,3.75349903083406,1,FALSE,1
"919","fh",919,4.33084180392325,0.203233597567305,0.83880187664181,3.20886344183236,3,FALSE,3
"920","fh",920,2.02105591539294,0.182693197391927,0.181838961318135,3.26904927741271,3,FALSE,3
"921","fh",921,0,0.314693430438638,0.157866945723072,1.48811128677335,3,TRUE,3
"922","fh",922,3.65341085847467,0.986880980664864,0.745858759386465,0.590469979681075,3,FALSE,3
"923","fh",923,3.43058340065181,0.0938884273637086,0.637353694764897,2.52424644888379,1,FALSE,1
"924","fh",924,0,0.133891983889043,0.290689496090636,4.91534821048845,2,TRUE,2
"925","fh",925,3.38222238887101,0.0826635661069304,0.32684393459931,2.82637842255645,1,FALSE,1
"926","fh",926,3.70748851355165,0.209999341284856,0.681641270406544,4.50891154981218,1,FALSE,1
"927","fh",927,4.92019573040307,0.87126547168009,0.743756189709529,2.55321655364241,3,FALSE,3
"928","fh",928,4.35032854788005,0.141452857991681,0.720254100393504,0.728820659220219,1,FALSE,1
"929","fh",929,1.30398182291538,0.0197703854646534,0.87281515612267,4.94128714350518,1,FALSE,1
"930","fh",930,3.11283103842288,0.0381225429009646,0.238816359546036,1.41825897106901,3,FALSE,3
"931","fh",931,0,0.711814543465152,0.801277732942253,4.25784217950422,1,TRUE,1
"932","fh",932,2.72677968349308,0.531013152794912,0.132265521911904,0.627701848745346,1,FALSE,1
"933","fh",933,1.40169544052333,0.350424358155578,0.1535076610744,3.7511594457319,2,FALSE,2
"934","fh",934,1.422253315337,0.807286645285785,0.141577578382567,4.63458295795135,2,FALSE,2
"935","fh",935,0,0.0924769081175327,0.192138923332095,1.86267637566198,3,TRUE,3
"936","fh",936,4.81609985604882,0.441709209000692,0.883329478325322,3.18819695222192,2,FALSE,2
"937","fh",937,2.61191883869469,0.408071921905503,0.270279690623283,4.72619115607813,1,FALSE,1
"938","fh",938,0,0.984436385799199,0.574294564779848,3.77749519166537,2,TRUE,2
"939","fh",939,0,0.425026310840622,0.670020050369203,4.07533502636943,2,TRUE,2
"940","fh",940,2.73500899225473,0.0371287139132619,0.508907327195629,2.65699370356742,3,FALSE,3
"941","fh",941,0,0.885376662481576,0.238243056694046,0.713569862884469,3,TRUE,3
"942","fh",942,3.96533321589231,0.56885344395414,0.450311009772122,2.68457236525137,1,FALSE,1
"943","fh",943,2.12514266278595,0.991776300128549,0.583278647856787,1.61543032142799,2,FALSE,2
"944","fh",944,2.96398164425045,0.437123598065227,0.681887021055445,1.02093250246253,1,FALSE,1
"945","fh",945,4.91381133161485,0.965841405559331,0.866497394163162,4.76293585740495,3,FALSE,3
"946","fh",946,3.26986457686871,0.936161717399955,0.839616966433823,0.523567731375806,2,FALSE,2
"947","fh",947,1.31740972958505,0.948130540549755,0.70655000791885,0.639093148522079,2,FALSE,2
"948","fh",948,1.23720535449684,0.552296965848655,0.800171855837107,4.09234872134402,2,FALSE,2
"949","fh",949,4.62488263379782,0.946940560592338,0.894037881167606,1.98363173846155,2,FALSE,2
"950","fh",950,4.29676572885364,0.155971931060776,0.637109553674236,3.42413184291217,1,FALSE,1
"951","fh",951,3.50679279398173,0.823486879700795,0.535168468253687,2.99130581412464,1,FALSE,1
