model;simID;K;abiotic_niche_width;dispersal;abioic_env_gradient;resource_gradient;biotic_niche_width;mutation_step
pontarp;11;1500;1;0,09142421;0,9152127;0,5;0,2629447;0,02142881
pontarp;12;1500;1;0,01963534;0,6882268;0,5;0,1449533;0,0828171
pontarp;13;1500;1;0,0884526;0,5750755;0,5;0,1465821;0,07935619
pontarp;14;1500;1;0,03479832;0,8255771;0,5;0,1900435;0,07745765
pontarp;21;1500;1;0,09142421;0,9152127;0,5;0,2629447;0,02142881
pontarp;22;1500;1;0,01963534;0,6882268;0,5;0,1449533;0,0828171
pontarp;23;1500;1;0,001318648;0,1006232;0,5;0,2781044;0,06746357
pontarp;24;1500;1;0,07457948;0,6641733;0,5;0,2505162;0,06603242
pontarp;31;1500;1;0,09142421;0,9152127;0,5;0,2629447;0,02142881
pontarp;32;1500;1;0,007076711;0,2005699;0,5;0,2124188;0,01774889
pontarp;33;1500;1;0,06526826;0,7407684;0,5;0,2923212;0,09939837
pontarp;34;1500;1;0,09516501;0,1531116;0,5;0,2583038;0,08464721
pontarp;41;1500;1;0,09142421;0,9152127;0,5;0,2629447;0,02142881
pontarp;42;1500;1;0,007076711;0,2005699;0,5;0,2124188;0,01774889
pontarp;43;1500;1;0,09609308;0,8111398;0,5;0,1326149;0,02270699
pontarp;44;1500;1;0,09354599;0,2350513;0,5;0,2918028;0,01075469
pontarp;51;1500;1;0,09142421;0,9152127;0,5;0,2629447;0,02142881
pontarp;52;1500;1;0,007076711;0,2005699;0,5;0,2124188;0,01774889
pontarp;53;1500;1;0,03342563;0,2759469;0,5;0,1848955;0,07395546
pontarp;54;1500;1;0,0774697;0,2561456;0,5;0,2788442;0,09388883
pontarp;61;1500;1;0,09142421;0,9152127;0,5;0,2629447;0,02142881
pontarp;62;1500;1;0,007076711;0,2005699;0,5;0,2124188;0,01774889
pontarp;63;1500;1;0,0274919;0,2905532;0,5;0,1055121;0,05276576
pontarp;64;1500;1;0,06015335;0,9384366;0,5;0,103819;0,0404191
pontarp;71;1500;1;0,09142421;0,9152127;0,5;0,2629447;0,02142881
pontarp;72;1500;1;0,04143658;0,4511664;0,5;0,2282726;0,08537257
pontarp;73;1500;1;0,004212358;0,2748317;0,5;0,2374569;0,08968661
pontarp;74;1500;1;0,02949675;0,277988;0,5;0,220595;0,08451514
pontarp;81;1500;1;0,09142421;0,9152127;0,5;0,2629447;0,02142881
pontarp;82;1500;1;0,07377775;0,8831183;0,5;0,2495552;0,03695521
pontarp;83;1500;1;0,03261476;0,4918319;0,5;0,1175336;0,03186046
pontarp;84;1500;1;0,08300293;0,4674034;0,5;0,1143679;0,01492024
pontarp;91;1500;1;0,09142421;0,9152127;0,5;0,2629447;0,02142881
pontarp;92;1500;1;0,04663802;0,8453555;0,5;0,1712183;0,01904156
pontarp;93;1500;1;0,007432851;0,156007;0,5;0,1373542;0,0910041
pontarp;94;1500;1;0,05424504;0,1869237;0,5;0,2680145;0,03262738
pontarp;101;1500;1;0,09142421;0,9152127;0,5;0,2629447;0,02142881
pontarp;102;1500;1;0,09780645;0,5824328;0,5;0,1320882;0,02485441
pontarp;103;1500;1;0,009587126;0,1716717;0,5;0,2832698;0,04865757
pontarp;104;1500;1;0,003613145;0,1002881;0,5;0,1216576;0,04412699
pontarp;111;1500;1;0,09142421;0,9152127;0,5;0,2629447;0,02142881
pontarp;112;1500;1;0,0829959;0,7982579;0,5;0,29826;0,06204882
pontarp;113;1500;1;0,08544697;0,7248278;0,5;0,2660224;0,03807501
pontarp;114;1500;1;0,07079347;0,7465283;0,5;0,1895189;0,06010968
pontarp;121;1500;1;0,09142421;0,9152127;0,5;0,2629447;0,02142881
pontarp;122;1500;1;0,09936147;0,2505034;0,5;0,2846988;0,06109653
pontarp;123;1500;1;0,01711013;0,1541212;0,5;0,1223842;0,07155558
pontarp;124;1500;1;0,04052344;0,1882949;0,5;0,2201535;0,08719854
pontarp;131;1500;1;0,09142421;0,9152127;0,5;0,2629447;0,02142881
pontarp;132;1500;1;0,07290384;0,8913007;0,5;0,1893542;0,01905369
pontarp;133;1500;1;0,06326432;0,9330346;0,5;0,1435881;0,05123619
pontarp;134;1500;1;0,03404585;0,3433916;0,5;0,2185253;0,028337
pontarp;141;1500;1;0,09142421;0,9152127;0,5;0,2629447;0,02142881
pontarp;142;1500;1;0,08489732;0,8494974;0,5;0,1050673;0,05027347
pontarp;143;1500;1;0,07632322;0,8409886;0,5;0,1940658;0,0594781
pontarp;144;1500;1;0,08590489;0,4328034;0,5;0,1028842;0,09272191
pontarp;151;1500;1;0,09142421;0,9152127;0,5;0,2629447;0,02142881
pontarp;152;1500;1;0,03421288;0,1991871;0,5;0,2697044;0,03374547
pontarp;153;1500;1;0,02452406;0,9295085;0,5;0,1288204;0,06499622
pontarp;154;1500;1;0,01961324;0,5868118;0,5;0,1339447;0,09451222
pontarp;161;1500;1;0,09142421;0,9152127;0,5;0,2629447;0,02142881
pontarp;162;1500;1;0,01292393;0,6282375;0,5;0,1470469;0,05873034
pontarp;163;1500;1;0,05533197;0,639745;0,5;0,1400143;0,04942044
pontarp;164;1500;1;0,08821784;0,9330979;0,5;0,240274;0,06770925
pontarp;171;1500;1;0,09142421;0,9152127;0,5;0,2629447;0,02142881
pontarp;172;1500;1;0,05974828;0,6601474;0,5;0,1895534;0,04980624
pontarp;173;1500;1;0,04092672;0,3091171;0,5;0,2145027;0,02307885
pontarp;174;1500;1;0,05018989;0,3109307;0,5;0,1677127;0,01126106
pontarp;181;1500;1;0,09142421;0,9152127;0,5;0,2629447;0,02142881
pontarp;182;1500;1;0,06071816;0,5391557;0,5;0,2022608;0,09906612
pontarp;183;1500;1;0,09851332;0,4002067;0,5;0,1847425;0,02747835
pontarp;184;1500;1;0,02322527;0,3625719;0,5;0,2116831;0,04459929
pontarp;191;1500;1;0,09142421;0,9152127;0,5;0,2629447;0,02142881
pontarp;192;1500;1;0,06071816;0,5391557;0,5;0,2022608;0,09906612
pontarp;193;1500;1;0,05982669;0,7873183;0,5;0,1906499;0,03593166
pontarp;194;1500;1;0,0909563;0,9246233;0,5;0,122442;0,04440482
pontarp;201;1500;1;0,09142421;0,9152127;0,5;0,2629447;0,02142881
pontarp;202;1500;1;0,04489894;0,4660708;0,5;0,1748189;0,02515142
pontarp;203;1500;1;0,07807511;0,8291359;0,5;0,2403083;0,02875707
pontarp;204;1500;1;0,07797079;0,7471414;0,5;0,1672305;0,01062533
pontarp;211;1500;1;0,09142421;0,9152127;0,5;0,2629447;0,02142881
pontarp;212;1500;1;0,07131731;0,8704467;0,5;0,2877772;0,06978604
pontarp;213;1500;1;0,01154702;0,9555747;0,5;0,1559285;0,04432555
pontarp;214;1500;1;0,0249086;0,9780987;0,5;0,2091209;0,01040291
pontarp;221;1500;1;0,09142421;0,9152127;0,5;0,2629447;0,02142881
pontarp;222;1500;1;0,05388938;0,6577906;0,5;0,1499628;0,04862248
pontarp;223;1500;1;0,01638983;0,5376056;0,5;0,1040993;0,01378675
pontarp;224;1500;1;0,01978683;0,7115381;0,5;0,1363144;0,02206028
pontarp;231;1500;1;0,09142421;0,9152127;0,5;0,2629447;0,02142881
pontarp;232;1500;1;0,06543383;0,2889962;0,5;0,1957126;0,04596707
pontarp;233;1500;1;0,04793248;0,1095148;0,5;0,2799847;0,07154118
pontarp;234;1500;1;0,07742744;0,1293316;0,5;0,1628909;0,07762596
pontarp;241;1500;1;0,09142421;0,9152127;0,5;0,2629447;0,02142881
pontarp;242;1500;1;0,0300231;0,9240374;0,5;0,1627229;0,04966005
pontarp;243;1500;1;0,08535451;0,9275425;0,5;0,2740337;0,09060669
pontarp;244;1500;1;0,05631884;0,4802214;0,5;0,1482349;0,0480657
pontarp;251;1500;1;0,09142421;0,9152127;0,5;0,2629447;0,02142881
pontarp;252;1500;1;0,08236357;0,9262217;0,5;0,2309802;0,03088856
pontarp;253;1500;1;0,02045839;0,8415691;0,5;0,2175204;0,04513998
pontarp;254;1500;1;0,0808775;0,5585094;0,5;0,2349379;0,04675508
pontarp;261;1500;1;0,09142421;0,9152127;0,5;0,2629447;0,02142881
pontarp;262;1500;1;0,03971198;0,4190026;0,5;0,1170804;0,0276733
pontarp;263;1500;1;0,055689;0,5121539;0,5;0,1465099;0,07706787
pontarp;264;1500;1;0,06675113;0,1661669;0,5;0,2489626;0,06665317
pontarp;271;1500;1;0,09142421;0,9152127;0,5;0,2629447;0,02142881
pontarp;272;1500;1;0,0968303;0,3954309;0,5;0,2834751;0,01069597
pontarp;273;1500;1;0,05521416;0,3232291;0,5;0,1390105;0,07109712
pontarp;274;1500;1;0,02510506;0,7889441;0,5;0,2855151;0,06836449
pontarp;281;1500;1;0,09142421;0,9152127;0,5;0,2629447;0,02142881
pontarp;282;1500;1;0,04412817;0,9177165;0,5;0,2749498;0,04612121
pontarp;283;1500;1;0,09215976;0,9412093;0,5;0,1383999;0,02053269
pontarp;284;1500;1;0,04684306;0,6291153;0,5;0,2075812;0,09407459
pontarp;291;1500;1;0,09142421;0,9152127;0,5;0,2629447;0,02142881
pontarp;292;1500;1;0,008433664;0,5051014;0,5;0,2704343;0,01386665
pontarp;293;1500;1;0,01998748;0,1696564;0,5;0,1059151;0,08156407
pontarp;294;1500;1;0,0965348;0,8079908;0,5;0,2191502;0,04009442
pontarp;301;1500;1;0,09142421;0,9152127;0,5;0,2629447;0,02142881
pontarp;302;1500;1;0,0910482;0,3863157;0,5;0,2514645;0,08072183
pontarp;303;1500;1;0,01306118;0,7870967;0,5;0,1425866;0,02346826
pontarp;304;1500;1;0,02120606;0,8862585;0,5;0,2678333;0,09471044
pontarp;311;1500;1;0,09142421;0,9152127;0,5;0,2629447;0,02142881
pontarp;312;1500;1;0,08280555;0,2924819;0,5;0,1907861;0,0542949
pontarp;313;1500;1;0,04361384;0,8564765;0,5;0,1615677;0,08007132
pontarp;314;1500;1;0,03950807;0,466965;0,5;0,1444982;0,08800708
pontarp;321;1500;1;0,09142421;0,9152127;0,5;0,2629447;0,02142881
pontarp;322;1500;1;0,03202294;0,7066742;0,5;0,2522184;0,03740812
pontarp;323;1500;1;0,06654784;0,5037216;0,5;0,131992;0,0348664
pontarp;324;1500;1;0,05670439;0,3937332;0,5;0,2998373;0,03744694
pontarp;331;1500;1;0,09142421;0,9152127;0,5;0,2629447;0,02142881
pontarp;332;1500;1;0,02758132;0,2506708;0,5;0,1980445;0,07236474
pontarp;333;1500;1;0,03704732;0,3567162;0,5;0,1246122;0,01292038
pontarp;334;1500;1;0,0795879;0,1357738;0,5;0,1249782;0,01506464
pontarp;341;1500;1;0,09142421;0,9152127;0,5;0,2629447;0,02142881
pontarp;342;1500;1;0,0778685;0,1264698;0,5;0,2832216;0,03779079
pontarp;343;1500;1;0,08679715;0,4533185;0,5;0,2941024;0,01241435
pontarp;344;1500;1;0,01300092;0,9602404;0,5;0,2359428;0,05605289
pontarp;351;1500;1;0,09142421;0,9152127;0,5;0,2629447;0,02142881
pontarp;352;1500;1;0,09932524;0,6935239;0,5;0,169705;0,07556015
pontarp;353;1500;1;0,01997431;0,5825544;0,5;0,1430004;0,04925788
pontarp;354;1500;1;0,09217091;0,7798755;0,5;0,2901322;0,03676878
pontarp;361;1500;1;0,09142421;0,9152127;0,5;0,2629447;0,02142881
pontarp;362;1500;1;0,09932524;0,6935239;0,5;0,169705;0,07556015
pontarp;363;1500;1;0,01839428;0,4290116;0,5;0,1660245;0,01975223
pontarp;364;1500;1;0,03563507;0,6466688;0,5;0,1372655;0,0763171
pontarp;371;1500;1;0,09142421;0,9152127;0,5;0,2629447;0,02142881
pontarp;372;1500;1;0,09932524;0,6935239;0,5;0,169705;0,07556015
pontarp;373;1500;1;0,08066013;0,897667;0,5;0,2381673;0,09897617
pontarp;374;1500;1;0,007583108;0,5362861;0,5;0,2180161;0,04597465
pontarp;381;1500;1;0,09142421;0,9152127;0,5;0,2629447;0,02142881
pontarp;382;1500;1;0,05238101;0,6210458;0,5;0,2523363;0,03166875
pontarp;383;1500;1;0,03594004;0,9684761;0,5;0,1715412;0,0377082
pontarp;384;1500;1;0,04862805;0,1175791;0,5;0,1246328;0,0352135
pontarp;391;1500;1;0,09142421;0,9152127;0,5;0,2629447;0,02142881
pontarp;392;1500;1;0,05238101;0,6210458;0,5;0,2523363;0,03166875
pontarp;393;1500;1;0,003323908;0,3051592;0,5;0,1220411;0,03112525
pontarp;394;1500;1;0,07590185;0,3716006;0,5;0,2989326;0,09910978
pontarp;401;1500;1;0,09142421;0,9152127;0,5;0,2629447;0,02142881
pontarp;402;1500;1;0,05238101;0,6210458;0,5;0,2523363;0,03166875
pontarp;403;1500;1;0,06712517;0,4785415;0,5;0,2850113;0,01474267
pontarp;404;1500;1;0,07382039;0,685233;0,5;0,2551812;0,0911255
pontarp;411;1500;1;0,09142421;0,9152127;0,5;0,2629447;0,02142881
pontarp;412;1500;1;0,08662198;0,2649754;0,5;0,2344462;0,0841059
pontarp;413;1500;1;0,006364989;0,6305637;0,5;0,2259426;0,09846879
pontarp;414;1500;1;0,07249654;0,6546705;0,5;0,19185;0,02466026
pontarp;421;1500;1;0,09142421;0,9152127;0,5;0,2629447;0,02142881
pontarp;422;1500;1;0,05763912;0,5324325;0,5;0,2625213;0,04936702
pontarp;423;1500;1;0,0796404;0,7476997;0,5;0,2203156;0,0488702
pontarp;424;1500;1;0,03552583;0,9187209;0,5;0,1414102;0,02417632
pontarp;431;1500;1;0,09142421;0,9152127;0,5;0,2629447;0,02142881
pontarp;432;1500;1;0,05586193;0,2872678;0,5;0,2237366;0,02105015
pontarp;433;1500;1;0,01945571;0,2413438;0,5;0,2276035;0,05656731
pontarp;434;1500;1;0,03071343;0,2099587;0,5;0,2883753;0,04759844
pontarp;441;1500;1;0,09142421;0,9152127;0,5;0,2629447;0,02142881
pontarp;442;1500;1;0,05586193;0,2872678;0,5;0,2237366;0,02105015
pontarp;443;1500;1;0,06589462;0,5948049;0,5;0,1303629;0,02861718
pontarp;444;1500;1;0,07359652;0,7571942;0,5;0,2378798;0,07633522
pontarp;451;1500;1;0,09142421;0,9152127;0,5;0,2629447;0,02142881
pontarp;452;1500;1;0,05586193;0,2872678;0,5;0,2237366;0,02105015
pontarp;453;1500;1;0,06839799;0,5496282;0,5;0,2934611;0,06019523
pontarp;454;1500;1;0,04138083;0,5821618;0,5;0,1549002;0,0193947
pontarp;461;1500;1;0,09142421;0,9152127;0,5;0,2629447;0,02142881
pontarp;462;1500;1;0,01614613;0,1050105;0,5;0,262599;0,06121519
pontarp;463;1500;1;0,05996142;0,4506808;0,5;0,2786207;0,07928504
pontarp;464;1500;1;0,08659899;0,938604;0,5;0,1261907;0,05182114
pontarp;471;1500;1;0,09142421;0,9152127;0,5;0,2629447;0,02142881
pontarp;472;1500;1;0,01614613;0,1050105;0,5;0,262599;0,06121519
pontarp;473;1500;1;0,03083664;0,7670235;0,5;0,1644344;0,03633171
pontarp;474;1500;1;0,04791503;0,7556159;0,5;0,1531175;0,03369802
pontarp;481;1500;1;0,09142421;0,9152127;0,5;0,2629447;0,02142881
pontarp;482;1500;1;0,06872359;0,6022382;0,5;0,1199745;0,0117922
pontarp;483;1500;1;0,08376634;0,7360907;0,5;0,1100994;0,06755907
pontarp;484;1500;1;0,01759712;0,2521099;0,5;0,2354694;0,06112959
pontarp;491;1500;1;0,09142421;0,9152127;0,5;0,2629447;0,02142881
pontarp;492;1500;1;0,01614613;0,1050105;0,5;0,262599;0,06121519
pontarp;493;1500;1;0,07582055;0,5574051;0,5;0,1350629;0,08082811
pontarp;494;1500;1;0,06883359;0,1939614;0,5;0,1332374;0,07085153
pontarp;501;1500;1;0,09142421;0,9152127;0,5;0,2629447;0,02142881
pontarp;502;1500;1;0,01614613;0,1050105;0,5;0,262599;0,06121519
pontarp;503;1500;1;0,03509825;0,9009006;0,5;0,263621;0,04359321
pontarp;504;1500;1;0,06622518;0,9740593;0,5;0,2606351;0,06141068
pontarp;511;1500;1;0,09142421;0,9152127;0,5;0,2629447;0,02142881
pontarp;512;1500;1;0,08985604;0,3477305;0,5;0,1889067;0,03069618
pontarp;513;1500;1;0,08595656;0,9845522;0,5;0,1026178;0,05693504
pontarp;514;1500;1;0,05660974;0,227155;0,5;0,2595066;0,05941278
pontarp;521;1500;1;0,09142421;0,9152127;0,5;0,2629447;0,02142881
pontarp;522;1500;1;0,07781789;0,4627075;0,5;0,2953044;0,04249776
pontarp;523;1500;1;0,09579613;0,6870467;0,5;0,1031017;0,07936194
pontarp;524;1500;1;0,04236606;0,3942135;0,5;0,1781737;0,03470444
pontarp;531;1500;1;0,09142421;0,9152127;0,5;0,2629447;0,02142881
pontarp;532;1500;1;0,07675501;0,3031144;0,5;0,215645;0,01440583
pontarp;533;1500;1;0,002049611;0,94256;0,5;0,1752298;0,04057125
pontarp;534;1500;1;0,07716271;0,9856732;0,5;0,2252452;0,05092635
pontarp;541;1500;1;0,09142421;0,9152127;0,5;0,2629447;0,02142881
pontarp;542;1500;1;0,08115784;0,2309105;0,5;0,2805099;0,07135556
pontarp;543;1500;1;0,0950118;0,8685346;0,5;0,1430994;0,09603174
pontarp;544;1500;1;0,09765083;0,5109312;0,5;0,2149575;0,09206389
pontarp;551;1500;1;0,09142421;0,9152127;0,5;0,2629447;0,02142881
pontarp;552;1500;1;0,08398714;0,2040403;0,5;0,1175179;0,09047275
pontarp;553;1500;1;0,04568582;0,2480555;0,5;0,2015906;0,0869525
pontarp;554;1500;1;0,05942859;0,8001357;0,5;0,2747341;0,06813608
pontarp;561;1500;1;0,09142421;0,9152127;0,5;0,2629447;0,02142881
pontarp;562;1500;1;0,07107678;0,6439556;0,5;0,2331184;0,01623155
pontarp;563;1500;1;0,07403045;0,228937;0,5;0,1504807;0,08439438
pontarp;564;1500;1;0,007189244;0,7745873;0,5;0,1691706;0,05890139
pontarp;571;1500;1;0,09142421;0,9152127;0,5;0,2629447;0,02142881
pontarp;572;1500;1;0,02787225;0,5285963;0,5;0,2134822;0,08186972
pontarp;573;1500;1;0,00386303;0,4842255;0,5;0,2431954;0,02773562
pontarp;574;1500;1;0,02215178;0,8792635;0,5;0,2578255;0,03810908
pontarp;581;1500;1;0,09142421;0,9152127;0,5;0,2629447;0,02142881
pontarp;582;1500;1;0,02787225;0,5285963;0,5;0,2134822;0,08186972
pontarp;583;1500;1;0,0297244;0,8916315;0,5;0,2957741;0,03504648
pontarp;584;1500;1;0,0772338;0,1406742;0,5;0,1955917;0,06105785
pontarp;591;1500;1;0,09142421;0,9152127;0,5;0,2629447;0,02142881
pontarp;592;1500;1;0,02787225;0,5285963;0,5;0,2134822;0,08186972
pontarp;593;1500;1;0,02464196;0,2261706;0,5;0,116471;0,02494148
pontarp;594;1500;1;0,07678249;0,2507263;0,5;0,1403661;0,07563925
pontarp;601;1500;1;0,09142421;0,9152127;0,5;0,2629447;0,02142881
pontarp;602;1500;1;0,02787225;0,5285963;0,5;0,2134822;0,08186972
pontarp;603;1500;1;0,006315782;0,5964448;0,5;0,2721253;0,08471201
pontarp;604;1500;1;0,009473778;0,7610007;0,5;0,1877103;0,08386075
pontarp;611;1500;1;0,09142421;0,9152127;0,5;0,2629447;0,02142881
pontarp;612;1500;1;0,001024436;0,947428;0,5;0,1802992;0,0322925
pontarp;613;1500;1;0,01580091;0,749937;0,5;0,2243615;0,02908571
pontarp;614;1500;1;0,03720535;0,3254349;0,5;0,1103677;0,08835503
pontarp;621;1500;1;0,09142421;0,9152127;0,5;0,2629447;0,02142881
pontarp;622;1500;1;0,02787225;0,5285963;0,5;0,2134822;0,08186972
pontarp;623;1500;1;0,09670007;0,8057172;0,5;0,1040434;0,08882948
pontarp;624;1500;1;0,007888076;0,3871214;0,5;0,2176572;0,08489417
pontarp;631;1500;1;0,09142421;0,9152127;0,5;0,2629447;0,02142881
pontarp;632;1500;1;0,02787225;0,5285963;0,5;0,2134822;0,08186972
pontarp;633;1500;1;0,04257754;0,1882317;0,5;0,219023;0,07101076
pontarp;634;1500;1;0,05450179;0,8190635;0,5;0,190448;0,02004871
pontarp;641;1500;1;0,09142421;0,9152127;0,5;0,2629447;0,02142881
pontarp;642;1500;1;0,05850849;0,440567;0,5;0,2816431;0,0910015
pontarp;643;1500;1;0,07485608;0,3741205;0,5;0,1567776;0,01440038
pontarp;644;1500;1;0,08924603;0,9972497;0,5;0,219355;0,06764504
pontarp;651;1500;1;0,09142421;0,9152127;0,5;0,2629447;0,02142881
pontarp;652;1500;1;0,09710874;0,7199838;0,5;0,2078204;0,08684818
pontarp;653;1500;1;0,0649767;0,2837722;0,5;0,2961112;0,0859843
pontarp;654;1500;1;0,06240326;0,3440876;0,5;0,1823618;0,02795299
pontarp;661;1500;1;0,09142421;0,9152127;0,5;0,2629447;0,02142881
pontarp;662;1500;1;0,09691242;0,8829485;0,5;0,2549934;0,02148612
pontarp;663;1500;1;0,03562071;0,792065;0,5;0,1482748;0,0935974
pontarp;664;1500;1;0,09913183;0,2300239;0,5;0,1553953;0,02118636
pontarp;671;1500;1;0,09142421;0,9152127;0,5;0,2629447;0,02142881
pontarp;672;1500;1;0,09158692;0,1902819;0,5;0,1650693;0,0967384
pontarp;673;1500;1;0,07862716;0,57029;0,5;0,2014758;0,0464176
pontarp;674;1500;1;0,08627623;0,5868518;0,5;0,1989176;0,07180029
pontarp;681;1500;1;0,09142421;0,9152127;0,5;0,2629447;0,02142881
pontarp;682;1500;1;0,01947391;0,6461308;0,5;0,1939919;0,07210191
pontarp;683;1500;1;0,05971126;0,5895791;0,5;0,2762664;0,06557109
pontarp;684;1500;1;0,01630646;0,3362273;0,5;0,2173352;0,04719069
pontarp;691;1500;1;0,09142421;0,9152127;0,5;0,2629447;0,02142881
pontarp;692;1500;1;0,05921747;0,2107044;0,5;0,2230811;0,04095454
pontarp;693;1500;1;0,06006878;0,5803362;0,5;0,1999766;0,01106882
pontarp;694;1500;1;0,07097381;0,3423356;0,5;0,2075893;0,05342141
pontarp;701;1500;1;0,09142421;0,9152127;0,5;0,2629447;0,02142881
pontarp;702;1500;1;0,02045181;0,4412735;0,5;0,123935;0,01840291
pontarp;703;1500;1;0,001128831;0,2677969;0,5;0,1268601;0,05622896
pontarp;704;1500;1;0,06202513;0,8932989;0,5;0,2189252;0,04740736
pontarp;711;1500;1;0,09142421;0,9152127;0,5;0,2629447;0,02142881
pontarp;712;1500;1;0,06216619;0,3451739;0,5;0,1676774;0,05372081
pontarp;713;1500;1;0,0427717;0,3788669;0,5;0,1079171;0,07162658
pontarp;714;1500;1;0,08586633;0,4297249;0,5;0,140547;0,04863492
pontarp;721;1500;1;0,09142421;0,9152127;0,5;0,2629447;0,02142881
pontarp;722;1500;1;0,06041645;0,5771365;0,5;0,1612784;0,03335598
pontarp;723;1500;1;0,004564574;0,6155359;0,5;0,1914925;0,04124075
pontarp;724;1500;1;0,07623972;0,4444985;0,5;0,2998975;0,03865285
pontarp;731;1500;1;0,09142421;0,9152127;0,5;0,2629447;0,02142881
pontarp;732;1500;1;0,08809503;0,7772513;0,5;0,2397483;0,03627591
pontarp;733;1500;1;0,04081977;0,7620302;0,5;0,2480661;0,01409866
pontarp;734;1500;1;0,05764751;0,3029674;0,5;0,1498391;0,03731311
pontarp;741;1500;1;0,09142421;0,9152127;0,5;0,2629447;0,02142881
pontarp;742;1500;1;0,008304374;0,526396;0,5;0,147712;0,07380952
pontarp;743;1500;1;0,05380279;0,1802538;0,5;0,2742856;0,07254287
pontarp;744;1500;1;0,07093886;0,3037753;0,5;0,2578298;0,04507845
pontarp;751;1500;1;0,09142421;0,9152127;0,5;0,2629447;0,02142881
pontarp;752;1500;1;0,08135617;0,8349454;0,5;0,1870806;0,07272107
pontarp;753;1500;1;0,09556475;0,6738507;0,5;0,1295072;0,04091902
pontarp;754;1500;1;0,01382478;0,1132523;0,5;0,1922832;0,05309167
pontarp;761;1500;1;0,09142421;0,9152127;0,5;0,2629447;0,02142881
pontarp;762;1500;1;0,01129609;0,1965664;0,5;0,1264783;0,0392116
pontarp;763;1500;1;0,02501306;0,4604514;0,5;0,1640138;0,03065519
pontarp;764;1500;1;0,05715474;0,1705655;0,5;0,1294648;0,07948837
pontarp;771;1500;1;0,09142421;0,9152127;0,5;0,2629447;0,02142881
pontarp;772;1500;1;0,0767792;0,2255283;0,5;0,1730427;0,02544231
pontarp;773;1500;1;0,08999303;0,4451651;0,5;0,1268624;0,07900285
pontarp;774;1500;1;0,09953627;0,1870693;0,5;0,2114785;0,09744568
pontarp;781;1500;1;0,09142421;0,9152127;0,5;0,2629447;0,02142881
pontarp;782;1500;1;0,03114414;0,5765723;0,5;0,298733;0,07502097
pontarp;783;1500;1;0,05291393;0,7251889;0,5;0,2846218;0,01491862
pontarp;784;1500;1;0,04996087;0,9829536;0,5;0,1914022;0,07005263
pontarp;791;1500;1;0,09142421;0,9152127;0,5;0,2629447;0,02142881
pontarp;792;1500;1;0,06811108;0,1742509;0,5;0,2650632;0,06353668
pontarp;793;1500;1;0,08841432;0,4621057;0,5;0,2949831;0,02097694
pontarp;794;1500;1;0,05465429;0,2863103;0,5;0,1554674;0,031701
pontarp;801;1500;1;0,09142421;0,9152127;0,5;0,2629447;0,02142881
pontarp;802;1500;1;0,002899532;0,6717686;0,5;0,1090276;0,05148996
pontarp;803;1500;1;0,05432323;0,394069;0,5;0,2864619;0,0616992
pontarp;804;1500;1;0,08628388;0,1431958;0,5;0,2415725;0,06910677
pontarp;811;1500;1;0,09142421;0,9152127;0,5;0,2629447;0,02142881
pontarp;812;1500;1;0,01572991;0,5750822;0,5;0,240662;0,09057615
pontarp;813;1500;1;0,03189814;0,888788;0,5;0,1121839;0,02598608
pontarp;814;1500;1;0,00519901;0,2083415;0,5;0,1970205;0,02963133
pontarp;821;1500;1;0,09142421;0,9152127;0,5;0,2629447;0,02142881
pontarp;822;1500;1;0,05071118;0,7712905;0,5;0,2211489;0,09790356
pontarp;823;1500;1;0,09559638;0,5588731;0,5;0,1710003;0,02804046
pontarp;824;1500;1;0,05193664;0,3701403;0,5;0,2155983;0,07478112
pontarp;831;1500;1;0,09142421;0,9152127;0,5;0,2629447;0,02142881
pontarp;832;1500;1;0,07327866;0,4804235;0,5;0,1987496;0,02785183
pontarp;833;1500;1;0,05455296;0,6684618;0,5;0,230358;0,07377454
pontarp;834;1500;1;0,05324265;0,9241409;0,5;0,1626039;0,04353528
pontarp;841;1500;1;0,09142421;0,9152127;0,5;0,2629447;0,02142881
pontarp;842;1500;1;0,01575536;0,8006343;0,5;0,1563429;0,09613455
pontarp;843;1500;1;0,0213074;0,2278025;0,5;0,1058445;0,06771098
pontarp;844;1500;1;0,04085981;0,2620971;0,5;0,2313165;0,01667973
pontarp;851;1500;1;0,09142421;0,9152127;0,5;0,2629447;0,02142881
pontarp;852;1500;1;0,08846117;0,7848591;0,5;0,2575149;0,04260543
pontarp;853;1500;1;0,03300863;0,3743448;0,5;0,107917;0,03137318
pontarp;854;1500;1;0,0309639;0,4027402;0,5;0,2325083;0,05552372
pontarp;861;1500;1;0,09142421;0,9152127;0,5;0,2629447;0,02142881
pontarp;862;1500;1;0,09629381;0,5312134;0,5;0,18453;0,07033894
pontarp;863;1500;1;0,01270527;0,3121066;0,5;0,2340779;0,09758021
pontarp;864;1500;1;0,03962945;0,7118466;0,5;0,1575555;0,09058815
pontarp;871;1500;1;0,09142421;0,9152127;0,5;0,2629447;0,02142881
pontarp;872;1500;1;0,004653132;0,3029908;0,5;0,1747811;0,07664743
pontarp;873;1500;1;0,005119401;0,869159;0,5;0,1154085;0,06557885
pontarp;874;1500;1;0,04379285;0,5478124;0,5;0,2549414;0,06836014
pontarp;881;1500;1;0,09142421;0,9152127;0,5;0,2629447;0,02142881
pontarp;882;1500;1;0,03763283;0,7896572;0,5;0,159758;0,09683723
pontarp;883;1500;1;0,07493633;0,3975055;0,5;0,1895024;0,07750266
pontarp;884;1500;1;0,057052;0,7625663;0,5;0,1584249;0,0151491
pontarp;891;1500;1;0,09142421;0,9152127;0,5;0,2629447;0,02142881
pontarp;892;1500;1;0,07154113;0,599317;0,5;0,1595889;0,05201845
pontarp;893;1500;1;0,055302;0,280266;0,5;0,1121045;0,0429999
pontarp;894;1500;1;0,001765734;0,9491756;0,5;0,2869214;0,08935983
pontarp;901;1500;1;0,09142421;0,9152127;0,5;0,2629447;0,02142881
pontarp;902;1500;1;0,02778926;0,2079946;0,5;0,2989423;0,07657371
pontarp;903;1500;1;0,09176211;0,3125556;0,5;0,1522905;0,0422147
pontarp;904;1500;1;0,05404534;0,3631652;0,5;0,1558136;0,05175512
pontarp;911;1500;1;0,09142421;0,9152127;0,5;0,2629447;0,02142881
pontarp;912;1500;1;0,02614872;0,7815664;0,5;0,2687601;0,08864359
pontarp;913;1500;1;0,0147444;0,5860668;0,5;0,2186951;0,01247471
pontarp;914;1500;1;0,03607838;0,6332834;0,5;0,2750889;0,07935871
pontarp;921;1500;1;0,09142421;0,9152127;0,5;0,2629447;0,02142881
pontarp;922;1500;1;0,07954123;0,7812686;0,5;0,2254091;0,03808005
pontarp;923;1500;1;0,09328433;0,2990738;0,5;0,2719667;0,06339346
pontarp;924;1500;1;0,08963304;0,6107174;0,5;0,1412872;0,04271795
pontarp;931;1500;1;0,09142421;0,9152127;0,5;0,2629447;0,02142881
pontarp;932;1500;1;0,00997254;0,6348397;0,5;0,2160659;0,08501209
pontarp;933;1500;1;0,02575865;0,1315331;0,5;0,2937411;0,0876422
pontarp;934;1500;1;0,06089308;0,7605123;0,5;0,1437286;0,07298771
pontarp;941;1500;1;0,09142421;0,9152127;0,5;0,2629447;0,02142881
pontarp;942;1500;1;0,07945644;0,9927068;0,5;0,2421312;0,08226878
pontarp;943;1500;1;0,06723207;0,6106629;0,5;0,2306904;0,04111562
pontarp;944;1500;1;0,0781201;0,7349757;0,5;0,1337443;0,08371989
pontarp;951;1500;1;0,09142421;0,9152127;0,5;0,2629447;0,02142881
pontarp;952;1500;1;0,008583465;0,6665448;0,5;0,2915824;0,09179669
pontarp;953;1500;1;0,07834958;0,7949623;0,5;0,207631;0,01307255
pontarp;954;1500;1;0,01252996;0,8708536;0,5;0,1704451;0,03367469
pontarp;961;1500;1;0,09142421;0,9152127;0,5;0,2629447;0,02142881
pontarp;962;1500;1;0,03223193;0,8047082;0,5;0,2431997;0,01313967
pontarp;963;1500;1;0,01266936;0,5050551;0,5;0,2172303;0,02612427
pontarp;964;1500;1;0,03857426;0,9711548;0,5;0,2492351;0,03987173
pontarp;971;1500;1;0,09142421;0,9152127;0,5;0,2629447;0,02142881
pontarp;972;1500;1;0,07231953;0,6175903;0,5;0,1044217;0,07408609
pontarp;973;1500;1;0,05927363;0,8258096;0,5;0,2646553;0,01818546
pontarp;974;1500;1;0,09335613;0,6765369;0,5;0,1628386;0,05562884
pontarp;981;1500;1;0,09142421;0,9152127;0,5;0,2629447;0,02142881
pontarp;982;1500;1;0,04037902;0,9940918;0,5;0,2623965;0,07013779
pontarp;983;1500;1;0,07759623;0,3852546;0,5;0,1536957;0,09740166
pontarp;984;1500;1;0,05102402;0,2117838;0,5;0,1882266;0,05503751
pontarp;991;1500;1;0,09142421;0,9152127;0,5;0,2629447;0,02142881
pontarp;992;1500;1;0,01645732;0,9724548;0,5;0,2862197;0,06474945
pontarp;993;1500;1;0,09491052;0,4576671;0,5;0,2230606;0,03112485
pontarp;994;1500;1;0,08298436;0,8108105;0,5;0,2890854;0,09923868
pontarp;1001;1500;1;0,09142421;0,9152127;0,5;0,2629447;0,02142881
pontarp;1002;1500;1;0,06193374;0,2812047;0,5;0,2454418;0,09078749
pontarp;1003;1500;1;0,09237861;0,7305195;0,5;0,2025489;0,06415381
pontarp;1004;1500;1;0,03370173;0,9360953;0,5;0,2534947;0,06531265
pontarp;1011;1500;1;0,09142421;0,9152127;0,5;0,2629447;0,02142881
pontarp;1012;1500;1;0,01588198;0,6388316;0,5;0,2051538;0,04423476
pontarp;1013;1500;1;0,04591399;0,6979514;0,5;0,2381408;0,04695132
pontarp;1014;1500;1;0,07117258;0,5023334;0,5;0,2587963;0,04169416
pontarp;1021;1500;1;0,09142421;0,9152127;0,5;0,2629447;0,02142881
pontarp;1022;1500;1;0,07809469;0,8113301;0,5;0,1048288;0,07241567
pontarp;1023;1500;1;0,04011259;0,7045059;0,5;0,2598938;0,08311272
pontarp;1024;1500;1;0,06234156;0,3038437;0,5;0,1331674;0,0700533
pontarp;1031;1500;1;0,09142421;0,9152127;0,5;0,2629447;0,02142881
pontarp;1032;1500;1;0,08678604;0,1562234;0,5;0,1734106;0,09468186
pontarp;1033;1500;1;0,06450928;0,7494714;0,5;0,1570205;0,05651084
pontarp;1034;1500;1;0,07761522;0,3586619;0,5;0,2476562;0,04311892
pontarp;1041;1500;1;0,09142421;0,9152127;0,5;0,2629447;0,02142881
pontarp;1042;1500;1;0,05309542;0,5259694;0,5;0,1261019;0,0767625
pontarp;1043;1500;1;0,0537726;0,2534154;0,5;0,2899586;0,09529589
pontarp;1044;1500;1;0,04861347;0,593136;0,5;0,1721074;0,01365998
pontarp;1051;1500;1;0,09142421;0,9152127;0,5;0,2629447;0,02142881
pontarp;1052;1500;1;0,09556854;0,359226;0,5;0,1792442;0,0911588
pontarp;1053;1500;1;0,02067104;0,5454056;0,5;0,1919438;0,07324257
pontarp;1054;1500;1;0,03242579;0,6714475;0,5;0,1238786;0,0518182
pontarp;1061;1500;1;0,09142421;0,9152127;0,5;0,2629447;0,02142881
pontarp;1062;1500;1;0,05648745;0,8022856;0,5;0,2199236;0,08136791
pontarp;1063;1500;1;0,02615238;0,9927302;0,5;0,2306835;0,03165662
pontarp;1064;1500;1;0,08190542;0,5798289;0,5;0,2250138;0,05838065
pontarp;1071;1500;1;0,09142421;0,9152127;0,5;0,2629447;0,02142881
pontarp;1072;1500;1;0,006746244;0,1802174;0,5;0,2369916;0,01132297
pontarp;1073;1500;1;0,09191828;0,4513876;0,5;0,1130111;0,09719359
pontarp;1074;1500;1;0,002171274;0,4566214;0,5;0,253417;0,07366996
pontarp;1081;1500;1;0,09142421;0,9152127;0,5;0,2629447;0,02142881
pontarp;1082;1500;1;0,01030005;0,8825455;0,5;0,1595213;0,06426718
pontarp;1083;1500;1;0,02910411;0,5883496;0,5;0,2478139;0,06924291
pontarp;1084;1500;1;0,02550944;0,5942981;0,5;0,1999649;0,07677707
pontarp;1091;1500;1;0,09142421;0,9152127;0,5;0,2629447;0,02142881
pontarp;1092;1500;1;0,08392371;0,9158477;0,5;0,2126305;0,05524278
pontarp;1093;1500;1;0,06951882;0,387126;0,5;0,1870747;0,09270496
pontarp;1094;1500;1;0,06880642;0,6255064;0,5;0,1541511;0,05854059
pontarp;1101;1500;1;0,09142421;0,9152127;0,5;0,2629447;0,02142881
pontarp;1102;1500;1;0,0398363;0,6739162;0,5;0,1813903;0,06098086
pontarp;1103;1500;1;0,01690746;0,6710046;0,5;0,1203443;0,02736684
pontarp;1104;1500;1;0,05037451;0,2025343;0,5;0,1890833;0,07945052
pontarp;1111;1500;1;0,09142421;0,9152127;0,5;0,2629447;0,02142881
pontarp;1112;1500;1;0,0139518;0,2554629;0,5;0,1099384;0,02656344
pontarp;1113;1500;1;0,06183816;0,9507224;0,5;0,1140292;0,07921552
pontarp;1114;1500;1;0,02448039;0,9547743;0,5;0,2963819;0,04914032
pontarp;1121;1500;1;0,09142421;0,9152127;0,5;0,2629447;0,02142881
pontarp;1122;1500;1;0,05012888;0,4595337;0,5;0,2976724;0,01836167
pontarp;1123;1500;1;0,05005608;0,740357;0,5;0,1061012;0,03803562
pontarp;1124;1500;1;0,0982657;0,7896906;0,5;0,2712711;0,06300818
pontarp;1131;1500;1;0,09142421;0,9152127;0,5;0,2629447;0,02142881
pontarp;1132;1500;1;0,001479309;0,3316963;0,5;0,2159429;0,08205036
pontarp;1133;1500;1;0,01234442;0,5021435;0,5;0,2939126;0,08265605
pontarp;1134;1500;1;0,09825578;0,2416484;0,5;0,1381645;0,02850648
pontarp;1141;1500;1;0,09142421;0,9152127;0,5;0,2629447;0,02142881
pontarp;1142;1500;1;0,03571831;0,9237067;0,5;0,1691369;0,03384194
pontarp;1143;1500;1;0,007098125;0,6685136;0,5;0,2857635;0,07078929
pontarp;1144;1500;1;0,03533737;0,832109;0,5;0,1020088;0,07559417
pontarp;1151;1500;1;0,09142421;0,9152127;0,5;0,2629447;0,02142881
pontarp;1152;1500;1;0,08123077;0,3715178;0,5;0,2295925;0,04993056
pontarp;1153;1500;1;0,007331483;0,5650508;0,5;0,2827038;0,06085058
pontarp;1154;1500;1;0,0150442;0,2030331;0,5;0,1317619;0,01780822
pontarp;1161;1500;1;0,09142421;0,9152127;0,5;0,2629447;0,02142881
pontarp;1162;1500;1;0,04425192;0,6501535;0,5;0,2623206;0,08300585
pontarp;1163;1500;1;0,07300894;0,1053616;0,5;0,2252336;0,02125456
pontarp;1164;1500;1;0,03654524;0,7133989;0,5;0,2826344;0,08955984
pontarp;1171;1500;1;0,09142421;0,9152127;0,5;0,2629447;0,02142881
pontarp;1172;1500;1;0,07069286;0,4931144;0,5;0,1802218;0,02741794
pontarp;1173;1500;1;0,08034899;0,395174;0,5;0,1722952;0,02895532
pontarp;1174;1500;1;0,04309327;0,9185215;0,5;0,1766218;0,04915739
pontarp;1181;1500;1;0,09142421;0,9152127;0,5;0,2629447;0,02142881
pontarp;1182;1500;1;0,01271059;0,9066119;0,5;0,2061569;0,01266202
pontarp;1183;1500;1;0,09977227;0,2271393;0,5;0,2837822;0,03303682
pontarp;1184;1500;1;0,03797621;0,9696749;0,5;0,2201162;0,07268124
pontarp;1191;1500;1;0,09142421;0,9152127;0,5;0,2629447;0,02142881
pontarp;1192;1500;1;0,03693907;0,6125117;0,5;0,2767784;0,08837643
pontarp;1193;1500;1;0,09808242;0,2552246;0,5;0,2008291;0,0760688
pontarp;1194;1500;1;0,09463911;0,5970131;0,5;0,2404124;0,04995271
pontarp;1201;1500;1;0,09142421;0,9152127;0,5;0,2629447;0,02142881
pontarp;1202;1500;1;0,09796571;0,6837479;0,5;0,1317564;0,02515429
pontarp;1203;1500;1;0,07533477;0,3237503;0,5;0,2165139;0,0471564
pontarp;1204;1500;1;0,03637344;0,4015151;0,5;0,2416711;0,06648017
pontarp;1211;1500;1;0,09142421;0,9152127;0,5;0,2629447;0,02142881
pontarp;1212;1500;1;0,04858938;0,4978579;0,5;0,2629136;0,07976636
pontarp;1213;1500;1;0,005005108;0,7897388;0,5;0,2186026;0,05398011
pontarp;1214;1500;1;0,0968727;0,7251404;0,5;0,1403962;0,02346208
pontarp;1221;1500;1;0,09142421;0,9152127;0,5;0,2629447;0,02142881
pontarp;1222;1500;1;0,03886132;0,6941381;0,5;0,1551634;0,02786068
pontarp;1223;1500;1;0,07064379;0,5199758;0,5;0,2241205;0,0834089
pontarp;1224;1500;1;0,02698739;0,6816989;0,5;0,1234979;0,09142284
pontarp;1231;1500;1;0,09142421;0,9152127;0,5;0,2629447;0,02142881
pontarp;1232;1500;1;0,09342109;0,550336;0,5;0,2332719;0,07975272
pontarp;1233;1500;1;0,09859779;0,578247;0,5;0,2799909;0,09976966
pontarp;1234;1500;1;0,001903343;0,2654026;0,5;0,2019597;0,08220032
pontarp;1241;1500;1;0,09142421;0,9152127;0,5;0,2629447;0,02142881
pontarp;1242;1500;1;0,06688482;0,9781541;0,5;0,1419227;0,01357529
pontarp;1243;1500;1;0,08619989;0,6310955;0,5;0,1714653;0,09212753
pontarp;1244;1500;1;0,002914219;0,9919255;0,5;0,1153268;0,02921353
pontarp;1251;1500;1;0,09142421;0,9152127;0,5;0,2629447;0,02142881
pontarp;1252;1500;1;0,0716335;0,8666138;0,5;0,2580276;0,01789696
pontarp;1253;1500;1;0,01390814;0,7700349;0,5;0,2465549;0,05761122
pontarp;1254;1500;1;0,07698516;0,7363229;0,5;0,1495235;0,09783537
pontarp;1261;1500;1;0,09142421;0,9152127;0,5;0,2629447;0,02142881
pontarp;1262;1500;1;0,0386452;0,9048973;0,5;0,2181757;0,01088024
pontarp;1263;1500;1;0,07103252;0,7498555;0,5;0,1032453;0,07208863
pontarp;1264;1500;1;0,07944738;0,4199219;0,5;0,1294562;0,0427174
pontarp;1271;1500;1;0,09142421;0,9152127;0,5;0,2629447;0,02142881
pontarp;1272;1500;1;0,03026591;0,7843139;0,5;0,2071906;0,02629122
pontarp;1273;1500;1;0,02153395;0,3935541;0,5;0,2037464;0,09638655
pontarp;1274;1500;1;0,07634313;0,7336182;0,5;0,1685631;0,05209368
pontarp;1281;1500;1;0,09142421;0,9152127;0,5;0,2629447;0,02142881
pontarp;1282;1500;1;0,0762334;0,553248;0,5;0,2978402;0,02399645
pontarp;1283;1500;1;0,00478948;0,710919;0,5;0,2351779;0,06163762
pontarp;1284;1500;1;0,05634631;0,9148889;0,5;0,2430345;0,06369669
pontarp;1291;1500;1;0,09142421;0,9152127;0,5;0,2629447;0,02142881
pontarp;1292;1500;1;0,09420847;0,2188169;0,5;0,2925642;0,08561639
pontarp;1293;1500;1;0,04580785;0,5928793;0,5;0,1889932;0,03225744
pontarp;1294;1500;1;0,01234868;0,5877048;0,5;0,2825494;0,06544001
pontarp;1301;1500;1;0,09142421;0,9152127;0,5;0,2629447;0,02142881
pontarp;1302;1500;1;0,04326301;0,8404558;0,5;0,2273972;0,0640387
pontarp;1303;1500;1;0,09888754;0,7861048;0,5;0,2841823;0,06629077
pontarp;1304;1500;1;0,04640323;0,6565604;0,5;0,1594588;0,05099966
pontarp;1311;1500;1;0,09142421;0,9152127;0,5;0,2629447;0,02142881
pontarp;1312;1500;1;0,009093059;0,1920519;0,5;0,1404367;0,01161227
pontarp;1313;1500;1;0,06686528;0,2609685;0,5;0,287186;0,09980543
pontarp;1314;1500;1;0,05019216;0,8974684;0,5;0,1618062;0,03512791
pontarp;1321;1500;1;0,09142421;0,9152127;0,5;0,2629447;0,02142881
pontarp;1322;1500;1;0,05342332;0,3987323;0,5;0,2880803;0,0693299
pontarp;1323;1500;1;0,04685494;0,4925802;0,5;0,2568684;0,02948365
pontarp;1324;1500;1;0,002254052;0,3070972;0,5;0,1442462;0,04825556
pontarp;1331;1500;1;0,09142421;0,9152127;0,5;0,2629447;0,02142881
pontarp;1332;1500;1;0,005416708;0,4427502;0,5;0,152804;0,07018945
pontarp;1333;1500;1;0,002184629;0,6248873;0,5;0,1831985;0,09803481
pontarp;1334;1500;1;0,0073988;0,173825;0,5;0,2792715;0,06761384
pontarp;1341;1500;1;0,09142421;0,9152127;0,5;0,2629447;0,02142881
pontarp;1342;1500;1;0,07654256;0,7775317;0,5;0,1107069;0,05753964
pontarp;1343;1500;1;0,001294392;0,5502421;0,5;0,2179925;0,01184211
pontarp;1344;1500;1;0,02211958;0,932444;0,5;0,1073294;0,04856722
pontarp;1351;1500;1;0,09142421;0,9152127;0,5;0,2629447;0,02142881
pontarp;1352;1500;1;0,06609529;0,1920718;0,5;0,175922;0,04499251
pontarp;1353;1500;1;0,03143896;0,4880812;0,5;0,2878078;0,02803699
pontarp;1354;1500;1;0,06780822;0,249403;0,5;0,1520636;0,01155118
pontarp;1361;1500;1;0,09142421;0,9152127;0,5;0,2629447;0,02142881
pontarp;1362;1500;1;0,08149043;0,7507022;0,5;0,1843306;0,05519445
pontarp;1363;1500;1;0,01039346;0,5274505;0,5;0,225025;0,04603371
pontarp;1364;1500;1;0,05481274;0,9272763;0,5;0,1034262;0,0932825
pontarp;1371;1500;1;0,09142421;0,9152127;0,5;0,2629447;0,02142881
pontarp;1372;1500;1;0,0311793;0,2510699;0,5;0,2104798;0,02321755
pontarp;1373;1500;1;0,05730578;0,9064345;0,5;0,1297245;0,07447618
pontarp;1374;1500;1;0,03789067;0,6697749;0,5;0,2375217;0,03067731
pontarp;1381;1500;1;0,09142421;0,9152127;0,5;0,2629447;0,02142881
pontarp;1382;1500;1;0,09038168;0,5844055;0,5;0,2705187;0,01027794
pontarp;1383;1500;1;0,039879;0,6196805;0,5;0,2609279;0,07703489
pontarp;1384;1500;1;0,02212514;0,491456;0,5;0,1904794;0,03002851
pontarp;1391;1500;1;0,09142421;0,9152127;0,5;0,2629447;0,02142881
pontarp;1392;1500;1;0,09338383;0,3600574;0,5;0,1235294;0,04852823
pontarp;1393;1500;1;0,01454404;0,9494792;0,5;0,1542624;0,05965147
pontarp;1394;1500;1;0,01921044;0,9872478;0,5;0,1541915;0,08730449
pontarp;1401;1500;1;0,09142421;0,9152127;0,5;0,2629447;0,02142881
pontarp;1402;1500;1;0,09818592;0,5822313;0,5;0,2006787;0,04612414
pontarp;1403;1500;1;0,09351933;0,6819485;0,5;0,1544969;0,06090879
pontarp;1404;1500;1;0,007527336;0,8174965;0,5;0,2897757;0,08640423
pontarp;1411;1500;1;0,09142421;0,9152127;0,5;0,2629447;0,02142881
pontarp;1412;1500;1;0,01600239;0,1943792;0,5;0,2835676;0,05307572
pontarp;1413;1500;1;0,02576633;0,5926362;0,5;0,2685077;0,07364982
pontarp;1414;1500;1;0,01089329;0,6364376;0,5;0,2828595;0,07075201
pontarp;1421;1500;1;0,09142421;0,9152127;0,5;0,2629447;0,02142881
pontarp;1422;1500;1;0,02531959;0,8541753;0,5;0,2574563;0,08245862
pontarp;1423;1500;1;0,01679923;0,7265993;0,5;0,1903873;0,04550927
pontarp;1424;1500;1;0,09828589;0,1803275;0,5;0,1941404;0,01635619
pontarp;1431;1500;1;0,09142421;0,9152127;0,5;0,2629447;0,02142881
pontarp;1432;1500;1;0,09612228;0,2568867;0,5;0,1321434;0,07949048
pontarp;1433;1500;1;0,04914391;0,1721234;0,5;0,1590716;0,08786837
pontarp;1434;1500;1;0,07727361;0,3416444;0,5;0,2418013;0,06177541
pontarp;1441;1500;1;0,09142421;0,9152127;0,5;0,2629447;0,02142881
pontarp;1442;1500;1;0,004252009;0,7627287;0,5;0,1800706;0,01818248
pontarp;1443;1500;1;0,03222202;0,7590313;0,5;0,2131401;0,01389471
pontarp;1444;1500;1;0,04902632;0,5256761;0,5;0,1297432;0,03388015
pontarp;1451;1500;1;0,09142421;0,9152127;0,5;0,2629447;0,02142881
pontarp;1452;1500;1;0,04041;0,2607231;0,5;0,2910535;0,04735264
pontarp;1453;1500;1;0,03823457;0,7518564;0,5;0,1975275;0,01513202
pontarp;1454;1500;1;0,0728394;0,5643905;0,5;0,2592017;0,0311183
pontarp;1461;1500;1;0,09142421;0,9152127;0,5;0,2629447;0,02142881
pontarp;1462;1500;1;0,02967719;0,977465;0,5;0,1821083;0,02539692
pontarp;1463;1500;1;0,02062191;0,4811117;0,5;0,2320572;0,01445099
pontarp;1464;1500;1;0,0028894;0,8007621;0,5;0,169873;0,04092472
pontarp;1471;1500;1;0,09142421;0,9152127;0,5;0,2629447;0,02142881
pontarp;1472;1500;1;0,06379339;0,4108907;0,5;0,1935009;0,07405885
pontarp;1473;1500;1;0,03883521;0,3450343;0,5;0,1302882;0,08906732
pontarp;1474;1500;1;0,01684049;0,8302347;0,5;0,2221849;0,07542717
pontarp;1481;1500;1;0,09142421;0,9152127;0,5;0,2629447;0,02142881
pontarp;1482;1500;1;0,02857771;0,3643187;0,5;0,139963;0,01041917
pontarp;1483;1500;1;0,05851122;0,3670412;0,5;0,1369643;0,08622492
pontarp;1484;1500;1;0,08231454;0,8681634;0,5;0,1997067;0,0122374
pontarp;1491;1500;1;0,09142421;0,9152127;0,5;0,2629447;0,02142881
pontarp;1492;1500;1;0,01769777;0,7521694;0,5;0,1941123;0,09109033
pontarp;1493;1500;1;0,00155306;0,8904222;0,5;0,2872896;0,07252398
pontarp;1494;1500;1;0,05871642;0,8980056;0,5;0,2866114;0,03796112
pontarp;1501;1500;1;0,09142421;0,9152127;0,5;0,2629447;0,02142881
pontarp;1502;1500;1;0,07741733;0,763199;0,5;0,2599183;0,08851249
pontarp;1503;1500;1;0,09107025;0,2385765;0,5;0,1799923;0,08556268
pontarp;1504;1500;1;0,04795267;0,3659917;0,5;0,2671482;0,03222007
pontarp;1511;1500;1;0,09142421;0,9152127;0,5;0,2629447;0,02142881
pontarp;1512;1500;1;0,03951436;0,6797464;0,5;0,2385333;0,04979443
pontarp;1513;1500;1;0,05648902;0,1002917;0,5;0,2210567;0,05029871
pontarp;1514;1500;1;0,06865889;0,4585565;0,5;0,2167656;0,0858774
pontarp;1521;1500;1;0,09142421;0,9152127;0,5;0,2629447;0,02142881
pontarp;1522;1500;1;0,09659017;0,8334034;0,5;0,257456;0,09101427
pontarp;1523;1500;1;0,007453585;0,9271767;0,5;0,2678934;0,01583185
pontarp;1524;1500;1;0,02046848;0,1185389;0,5;0,1815258;0,02828808
pontarp;1531;1500;1;0,09142421;0,9152127;0,5;0,2629447;0,02142881
pontarp;1532;1500;1;0,09348921;0,2170367;0,5;0,1264667;0,06360231
pontarp;1533;1500;1;0,04546397;0,1920334;0,5;0,204303;0,07055575
pontarp;1534;1500;1;0,09924582;0,3432317;0,5;0,136488;0,02946506
pontarp;1541;1500;1;0,09142421;0,9152127;0,5;0,2629447;0,02142881
pontarp;1542;1500;1;0,03478913;0,6205819;0,5;0,1108595;0,06199802
pontarp;1543;1500;1;0,07764952;0,2078593;0,5;0,1499449;0,0290837
pontarp;1544;1500;1;0,02243145;0,98098;0,5;0,1025582;0,08301538
pontarp;1551;1500;1;0,09142421;0,9152127;0,5;0,2629447;0,02142881
pontarp;1552;1500;1;0,0698376;0,6722818;0,5;0,2457088;0,01405204
pontarp;1553;1500;1;0,07167273;0,5297979;0,5;0,2943295;0,03133244
pontarp;1554;1500;1;0,02921689;0,6872666;0,5;0,2233968;0,08890079
pontarp;1561;1500;1;0,09142421;0,9152127;0,5;0,2629447;0,02142881
pontarp;1562;1500;1;0,03389293;0,1619537;0,5;0,2220333;0,09559469
pontarp;1563;1500;1;0,07749009;0,5381527;0,5;0,257226;0,03320161
pontarp;1564;1500;1;0,05716832;0,9719734;0,5;0,2279225;0,06563522
pontarp;1571;1500;1;0,09142421;0,9152127;0,5;0,2629447;0,02142881
pontarp;1572;1500;1;0,0711274;0,3232856;0,5;0,2881626;0,07607269
pontarp;1573;1500;1;0,006838429;0,8135694;0,5;0,2382614;0,05616501
pontarp;1574;1500;1;0,07767909;0,2791506;0,5;0,1102957;0,05836971
pontarp;1581;1500;1;0,09142421;0,9152127;0,5;0,2629447;0,02142881
pontarp;1582;1500;1;0,08484438;0,9606797;0,5;0,2194854;0,07437057
pontarp;1583;1500;1;0,08447892;0,8578306;0,5;0,1602111;0,01584137
pontarp;1584;1500;1;0,03891014;0,6344787;0,5;0,2547997;0,01833965
pontarp;1591;1500;1;0,09142421;0,9152127;0,5;0,2629447;0,02142881
pontarp;1592;1500;1;0,07759105;0,6437165;0,5;0,2376284;0,06429224
pontarp;1593;1500;1;0,06102927;0,8788908;0,5;0,2573257;0,04170432
pontarp;1594;1500;1;0,07206969;0,8329648;0,5;0,1584615;0,07397362
pontarp;1601;1500;1;0,09142421;0,9152127;0,5;0,2629447;0,02142881
pontarp;1602;1500;1;0,04038914;0,8678649;0,5;0,2688446;0,05058701
pontarp;1603;1500;1;0,07583423;0,4336552;0,5;0,2937213;0,08433022
pontarp;1604;1500;1;0,06557703;0,6057777;0,5;0,2989238;0,0205848
pontarp;1611;1500;1;0,09142421;0,9152127;0,5;0,2629447;0,02142881
pontarp;1612;1500;1;0,03168106;0,2941581;0,5;0,2311265;0,08152721
pontarp;1613;1500;1;0,01176704;0,5308644;0,5;0,210662;0,02373058
pontarp;1614;1500;1;0,08768713;0,4243372;0,5;0,1982967;0,08354369
pontarp;1621;1500;1;0,09142421;0,9152127;0,5;0,2629447;0,02142881
pontarp;1622;1500;1;0,03168106;0,2941581;0,5;0,2311265;0,08152721
pontarp;1623;1500;1;0,091009;0,2252675;0,5;0,1100689;0,03704182
pontarp;1624;1500;1;0,06414084;0,5007245;0,5;0,1061456;0,03764547
pontarp;1631;1500;1;0,09142421;0,9152127;0,5;0,2629447;0,02142881
pontarp;1632;1500;1;0,03263556;0,3986379;0,5;0,18028;0,09079662
pontarp;1633;1500;1;0,05745973;0,3077397;0,5;0,1487443;0,04811396
pontarp;1634;1500;1;0,002453554;0,7393134;0,5;0,2448291;0,08403709
pontarp;1641;1500;1;0,09142421;0,9152127;0,5;0,2629447;0,02142881
pontarp;1642;1500;1;0,07759105;0,6437165;0,5;0,2376284;0,06429224
pontarp;1643;1500;1;0,07927103;0,4508745;0,5;0,2796441;0,04470406
pontarp;1644;1500;1;0,07220073;0,8355219;0,5;0,2597289;0,05165971
pontarp;1651;1500;1;0,09142421;0,9152127;0,5;0,2629447;0,02142881
pontarp;1652;1500;1;0,04038914;0,8678649;0,5;0,2688446;0,05058701
pontarp;1653;1500;1;0,04786465;0,5670255;0,5;0,1811985;0,04969314
pontarp;1654;1500;1;0,04827883;0,322658;0,5;0,2581275;0,0112449
pontarp;1661;1500;1;0,09142421;0,9152127;0,5;0,2629447;0,02142881
pontarp;1662;1500;1;0,03168106;0,2941581;0,5;0,2311265;0,08152721
pontarp;1663;1500;1;0,0694048;0,208365;0,5;0,2018638;0,06897199
pontarp;1664;1500;1;0,07526273;0,4686068;0,5;0,1765087;0,05743782
pontarp;1671;1500;1;0,09142421;0,9152127;0,5;0,2629447;0,02142881
pontarp;1672;1500;1;0,04038914;0,8678649;0,5;0,2688446;0,05058701
pontarp;1673;1500;1;0,07386382;0,5191561;0,5;0,2894504;0,05567598
pontarp;1674;1500;1;0,06303637;0,9060457;0,5;0,2610507;0,05092559
pontarp;1681;1500;1;0,09142421;0,9152127;0,5;0,2629447;0,02142881
pontarp;1682;1500;1;0,09460769;0,3717956;0,5;0,2299138;0,06688493
pontarp;1683;1500;1;0,02208241;0,7619761;0,5;0,1285088;0,01321409
pontarp;1684;1500;1;0,02740463;0,3767211;0,5;0,1728424;0,06516237
pontarp;1691;1500;1;0,09142421;0,9152127;0,5;0,2629447;0,02142881
pontarp;1692;1500;1;0,04304559;0,7146909;0,5;0,1988955;0,01093403
pontarp;1693;1500;1;0,02683836;0,4156821;0,5;0,1223282;0,02688543
pontarp;1694;1500;1;0,0171942;0,5018866;0,5;0,2507163;0,01083089
pontarp;1701;1500;1;0,09142421;0,9152127;0,5;0,2629447;0,02142881
pontarp;1702;1500;1;0,05335394;0,3105877;0,5;0,2281994;0,06471396
pontarp;1703;1500;1;0,08857895;0,3623985;0,5;0,1386659;0,02318317
pontarp;1704;1500;1;0,04211492;0,8965014;0,5;0,1194429;0,02985288
pontarp;1711;1500;1;0,09142421;0,9152127;0,5;0,2629447;0,02142881
pontarp;1712;1500;1;0,02791043;0,7694619;0,5;0,1461563;0,08459002
pontarp;1713;1500;1;0,0442569;0,600264;0,5;0,2708402;0,02377517
pontarp;1714;1500;1;0,08409321;0,4101159;0,5;0,1772814;0,03173473
pontarp;1721;1500;1;0,09142421;0,9152127;0,5;0,2629447;0,02142881
pontarp;1722;1500;1;0,02791043;0,7694619;0,5;0,1461563;0,08459002
pontarp;1723;1500;1;0,03258436;0,1076686;0,5;0,1093295;0,02856719
pontarp;1724;1500;1;0,04723673;0,4438962;0,5;0,2033186;0,0163213
pontarp;1731;1500;1;0,09142421;0,9152127;0,5;0,2629447;0,02142881
pontarp;1732;1500;1;0,0685376;0,6067367;0,5;0,2942591;0,01233304
pontarp;1733;1500;1;0,009161716;0,7394287;0,5;0,2713894;0,0978799
pontarp;1734;1500;1;0,05894237;0,3920977;0,5;0,2990757;0,07856207
pontarp;1741;1500;1;0,09142421;0,9152127;0,5;0,2629447;0,02142881
pontarp;1742;1500;1;0,07092903;0,5672726;0,5;0,1797825;0,01498385
pontarp;1743;1500;1;0,03964399;0,8818603;0,5;0,2271716;0,08259863
pontarp;1744;1500;1;0,09116202;0,1891308;0,5;0,2182019;0,05209984
pontarp;1751;1500;1;0,09142421;0,9152127;0,5;0,2629447;0,02142881
pontarp;1752;1500;1;0,07092903;0,5672726;0,5;0,1797825;0,01498385
pontarp;1753;1500;1;0,09107271;0,4982362;0,5;0,2732307;0,08552519
pontarp;1754;1500;1;0,04404905;0,3861884;0,5;0,2796075;0,0468227
pontarp;1761;1500;1;0,09142421;0,9152127;0,5;0,2629447;0,02142881
pontarp;1762;1500;1;0,07092903;0,5672726;0,5;0,1797825;0,01498385
pontarp;1763;1500;1;0,03921435;0,2136117;0,5;0,2733816;0,06712826
pontarp;1764;1500;1;0,03238612;0,6522718;0,5;0,2169229;0,04328783
pontarp;1771;1500;1;0,09142421;0,9152127;0,5;0,2629447;0,02142881
pontarp;1772;1500;1;0,07349969;0,10501;0,5;0,2056227;0,06030796
pontarp;1773;1500;1;0,04737318;0,6159155;0,5;0,2409362;0,04919511
pontarp;1774;1500;1;0,05888587;0,672119;0,5;0,2081292;0,01032978
pontarp;1781;1500;1;0,09142421;0,9152127;0,5;0,2629447;0,02142881
pontarp;1782;1500;1;0,07349969;0,10501;0,5;0,2056227;0,06030796
pontarp;1783;1500;1;0,0428113;0,5018127;0,5;0,2927821;0,06660903
pontarp;1784;1500;1;0,08164956;0,5752686;0,5;0,2370325;0,04388489
pontarp;1791;1500;1;0,09142421;0,9152127;0,5;0,2629447;0,02142881
pontarp;1792;1500;1;0,07349969;0,10501;0,5;0,2056227;0,06030796
pontarp;1793;1500;1;0,06455891;0,4925349;0,5;0,2678995;0,04346628
pontarp;1794;1500;1;0,03781644;0,9582542;0,5;0,2530785;0,04780767
pontarp;1801;1500;1;0,09142421;0,9152127;0,5;0,2629447;0,02142881
pontarp;1802;1500;1;0,07848915;0,6448603;0,5;0,1952175;0,0966895
pontarp;1803;1500;1;0,09635213;0,9029824;0,5;0,2307181;0,03259753
pontarp;1804;1500;1;0,04308288;0,7411793;0,5;0,1611973;0,07002013
pontarp;1811;1500;1;0,09142421;0,9152127;0,5;0,2629447;0,02142881
pontarp;1812;1500;1;0,07848915;0,6448603;0,5;0,1952175;0,0966895
pontarp;1813;1500;1;0,0811782;0,150217;0,5;0,1001197;0,07966103
pontarp;1814;1500;1;0,05469848;0,2236445;0,5;0,2254018;0,0992318
pontarp;1821;1500;1;0,09142421;0,9152127;0,5;0,2629447;0,02142881
pontarp;1822;1500;1;0,07848915;0,6448603;0,5;0,1952175;0,0966895
pontarp;1823;1500;1;0,0217826;0,6423865;0,5;0,1782365;0,0789349
pontarp;1824;1500;1;0,06756599;0,9691146;0,5;0,1209313;0,03083421
pontarp;1831;1500;1;0,09142421;0,9152127;0,5;0,2629447;0,02142881
pontarp;1832;1500;1;0,03802531;0,3924551;0,5;0,2009975;0,04934454
pontarp;1833;1500;1;0,005446258;0,7775449;0,5;0,2004195;0,07973725
pontarp;1834;1500;1;0,08461124;0,7528321;0,5;0,1888169;0,03495306
pontarp;1841;1500;1;0,09142421;0,9152127;0,5;0,2629447;0,02142881
pontarp;1842;1500;1;0,03802531;0,3924551;0,5;0,2009975;0,04934454
pontarp;1843;1500;1;0,07411014;0,2430191;0,5;0,1443287;0,08217745
pontarp;1844;1500;1;0,01558911;0,9688635;0,5;0,2002435;0,05883223
pontarp;1851;1500;1;0,09142421;0,9152127;0,5;0,2629447;0,02142881
pontarp;1852;1500;1;0,03802531;0,3924551;0,5;0,2009975;0,04934454
pontarp;1853;1500;1;0,0515505;0,8688279;0,5;0,1910794;0,04902398
pontarp;1854;1500;1;0,03080311;0,3658903;0,5;0,1823383;0,04179908
pontarp;1861;1500;1;0,09142421;0,9152127;0,5;0,2629447;0,02142881
pontarp;1862;1500;1;0,06722372;0,3525563;0,5;0,1049775;0,04139407
pontarp;1863;1500;1;0,04570892;0,1752152;0,5;0,2819252;0,0641727
pontarp;1864;1500;1;0,04331971;0,3493535;0,5;0,2927563;0,05841605
pontarp;1871;1500;1;0,09142421;0,9152127;0,5;0,2629447;0,02142881
pontarp;1872;1500;1;0,04447165;0,9828976;0,5;0,1882249;0,06597724
pontarp;1873;1500;1;0,04400069;0,7646547;0,5;0,1134675;0,01519659
pontarp;1874;1500;1;0,03208277;0,3538721;0,5;0,1013242;0,09284216
pontarp;1881;1500;1;0,09142421;0,9152127;0,5;0,2629447;0,02142881
pontarp;1882;1500;1;0,08208196;0,6088245;0,5;0,1359084;0,01138595
pontarp;1883;1500;1;0,06967923;0,3985176;0,5;0,2544753;0,06849006
pontarp;1884;1500;1;0,0798636;0,8209655;0,5;0,2161159;0,06676633
pontarp;1891;1500;1;0,09142421;0,9152127;0,5;0,2629447;0,02142881
pontarp;1892;1500;1;0,06722372;0,3525563;0,5;0,1049775;0,04139407
pontarp;1893;1500;1;0,05687818;0,4073499;0,5;0,150602;0,06295239
pontarp;1894;1500;1;0,01173338;0,2081573;0,5;0,2409665;0,0800107
pontarp;1901;1500;1;0,09142421;0,9152127;0,5;0,2629447;0,02142881
pontarp;1902;1500;1;0,02833178;0,4446125;0,5;0,1840172;0,05022757
pontarp;1903;1500;1;0,01041196;0,42722;0,5;0,1383336;0,06872783
pontarp;1904;1500;1;0,01167027;0,4988349;0,5;0,221538;0,0118266
pontarp;1911;1500;1;0,09142421;0,9152127;0,5;0,2629447;0,02142881
pontarp;1912;1500;1;0,0325292;0,4104668;0,5;0,1514827;0,08160223
pontarp;1913;1500;1;0,06596657;0,585628;0,5;0,1850067;0,08495086
pontarp;1914;1500;1;0,04480858;0,2659741;0,5;0,1122471;0,05258998
pontarp;1921;1500;1;0,09142421;0,9152127;0,5;0,2629447;0,02142881
pontarp;1922;1500;1;0,0325292;0,4104668;0,5;0,1514827;0,08160223
pontarp;1923;1500;1;0,04610953;0,8292105;0,5;0,2522557;0,06407634
pontarp;1924;1500;1;0,0436525;0,8763411;0,5;0,2533749;0,07645676
pontarp;1931;1500;1;0,09142421;0,9152127;0,5;0,2629447;0,02142881
pontarp;1932;1500;1;0,09082604;0,766991;0,5;0,2358451;0,07182731
pontarp;1933;1500;1;0,0253619;0,5747966;0,5;0,140418;0,06063736
pontarp;1934;1500;1;0,05137317;0,997416;0,5;0,1986493;0,07710512
pontarp;1941;1500;1;0,09142421;0,9152127;0,5;0,2629447;0,02142881
pontarp;1942;1500;1;0,006242135;0,9728393;0,5;0,2646691;0,08096893
pontarp;1943;1500;1;0,05460524;0,3601327;0,5;0,1349056;0,08502521
pontarp;1944;1500;1;0,07053242;0,6269207;0,5;0,1916831;0,09565022
pontarp;1951;1500;1;0,09142421;0,9152127;0,5;0,2629447;0,02142881
pontarp;1952;1500;1;0,03883787;0,7015687;0,5;0,2876084;0,0965749
pontarp;1953;1500;1;0,03888583;0,237624;0,5;0,2014476;0,01457514
pontarp;1954;1500;1;0,07391463;0,4639102;0,5;0,2881288;0,08390172
pontarp;1961;1500;1;0,09142421;0,9152127;0,5;0,2629447;0,02142881
pontarp;1962;1500;1;0,0325292;0,4104668;0,5;0,1514827;0,08160223
pontarp;1963;1500;1;0,03568762;0,5338957;0,5;0,1090853;0,07848049
pontarp;1964;1500;1;0,06434118;0,2850186;0,5;0,1825752;0,02068112
pontarp;1971;1500;1;0,09142421;0,9152127;0,5;0,2629447;0,02142881
pontarp;1972;1500;1;0,0325292;0,4104668;0,5;0,1514827;0,08160223
pontarp;1973;1500;1;0,09313134;0,6845941;0,5;0,2544553;0,09730075
pontarp;1974;1500;1;0,07821977;0,2957728;0,5;0,2727877;0,09540966
pontarp;1981;1500;1;0,09142421;0,9152127;0,5;0,2629447;0,02142881
pontarp;1982;1500;1;0,0169796;0,1877592;0,5;0,1304528;0,08696165
pontarp;1983;1500;1;0,08517385;0,2974894;0,5;0,1290143;0,01051327
pontarp;1984;1500;1;0,03347832;0,2871989;0,5;0,2254145;0,08512581
pontarp;1991;1500;1;0,09142421;0,9152127;0,5;0,2629447;0,02142881
pontarp;1992;1500;1;0,0169796;0,1877592;0,5;0,1304528;0,08696165
pontarp;1993;1500;1;0,0652616;0,5078037;0,5;0,2159452;0,05575049
pontarp;1994;1500;1;0,01489584;0,1733403;0,5;0,1136024;0,06298225
pontarp;2001;1500;1;0,09142421;0,9152127;0,5;0,2629447;0,02142881
pontarp;2002;1500;1;0,0325292;0,4104668;0,5;0,1514827;0,08160223
pontarp;2003;1500;1;0,09320448;0,2875721;0,5;0,2197026;0,08249978
pontarp;2004;1500;1;0,04059576;0,657214;0,5;0,1577809;0,06951127
pontarp;2011;1500;1;0,09142421;0,9152127;0,5;0,2629447;0,02142881
pontarp;2012;1500;1;0,04304559;0,7146909;0,5;0,1988955;0,01093403
pontarp;2013;1500;1;0,01664234;0,4838402;0,5;0,1256849;0,0101722
pontarp;2014;1500;1;0,04382262;0,9631403;0,5;0,2970365;0,0698381
pontarp;2021;1500;1;0,09142421;0,9152127;0,5;0,2629447;0,02142881
pontarp;2022;1500;1;0,09389701;0,939991;0,5;0,200386;0,04293238
pontarp;2023;1500;1;0,08087452;0,3468003;0,5;0,1050607;0,0872757
pontarp;2024;1500;1;0,05936472;0,6902549;0,5;0,2649867;0,07141864
pontarp;2031;1500;1;0,09142421;0,9152127;0,5;0,2629447;0,02142881
pontarp;2032;1500;1;0,0208617;0,185456;0,5;0,1523841;0,08596585
pontarp;2033;1500;1;0,0564977;0,1266606;0,5;0,1793363;0,08853278
pontarp;2034;1500;1;0,03282178;0,7193257;0,5;0,2850025;0,06063777
pontarp;2041;1500;1;0,09142421;0,9152127;0,5;0,2629447;0,02142881
pontarp;2042;1500;1;0,0208617;0,185456;0,5;0,1523841;0,08596585
pontarp;2043;1500;1;0,05826984;0,4332974;0,5;0,1470919;0,02299411
pontarp;2044;1500;1;0,01461566;0,7929975;0,5;0,1479654;0,04085038
pontarp;2051;1500;1;0,09142421;0,9152127;0,5;0,2629447;0,02142881
pontarp;2052;1500;1;0,06730504;0,1820614;0,5;0,2018158;0,05053491
pontarp;2053;1500;1;0,08265224;0,6701039;0,5;0,1224506;0,04362791
pontarp;2054;1500;1;0,03436874;0,7747166;0,5;0,2120932;0,09622659
pontarp;2061;1500;1;0,09142421;0,9152127;0,5;0,2629447;0,02142881
pontarp;2062;1500;1;0,06394891;0,8918678;0,5;0,2792334;0,07219535
pontarp;2063;1500;1;0,09951025;0,2759958;0,5;0,1478752;0,06620513
pontarp;2064;1500;1;0,02755165;0,902086;0,5;0,2963931;0,05590374
pontarp;2071;1500;1;0,09142421;0,9152127;0,5;0,2629447;0,02142881
pontarp;2072;1500;1;0,052093;0,7136023;0,5;0,2479465;0,07139147
pontarp;2073;1500;1;0,03191726;0,8890158;0,5;0,2681547;0,04878194
pontarp;2074;1500;1;0,07697003;0,1681875;0,5;0,2142747;0,04279223
pontarp;2081;1500;1;0,09142421;0,9152127;0,5;0,2629447;0,02142881
pontarp;2082;1500;1;0,04816467;0,4436247;0,5;0,1691543;0,09995436
pontarp;2083;1500;1;0,01714165;0,2645021;0,5;0,1857998;0,09863537
pontarp;2084;1500;1;0,01425499;0,5064574;0,5;0,2301297;0,04299233
pontarp;2091;1500;1;0,09142421;0,9152127;0,5;0,2629447;0,02142881
pontarp;2092;1500;1;0,096337;0,6164268;0,5;0,1829961;0,09855933
pontarp;2093;1500;1;0,03584063;0,4691323;0,5;0,2160994;0,04063733
pontarp;2094;1500;1;0,04951424;0,2585408;0,5;0,168545;0,06946356
pontarp;2101;1500;1;0,09142421;0,9152127;0,5;0,2629447;0,02142881
pontarp;2102;1500;1;0,04203406;0,7068469;0,5;0,1057794;0,05750564
pontarp;2103;1500;1;0,008139891;0,1894775;0,5;0,1308098;0,09479541
pontarp;2104;1500;1;0,09436711;0,4198745;0,5;0,1316934;0,05312815
pontarp;2111;1500;1;0,09142421;0,9152127;0,5;0,2629447;0,02142881
pontarp;2112;1500;1;0,04365197;0,9509258;0,5;0,1530368;0,06102391
pontarp;2113;1500;1;0,08173789;0,8953068;0,5;0,2118687;0,09208981
pontarp;2114;1500;1;0,05436167;0,9096189;0,5;0,2928351;0,02651743
pontarp;2121;1500;1;0,09142421;0,9152127;0,5;0,2629447;0,02142881
pontarp;2122;1500;1;0,06820747;0,5887492;0,5;0,2350692;0,02071346
pontarp;2123;1500;1;0,0874823;0,7160933;0,5;0,2901432;0,02805073
pontarp;2124;1500;1;0,02400755;0,7355869;0,5;0,183902;0,03086934
pontarp;2131;1500;1;0,09142421;0,9152127;0,5;0,2629447;0,02142881
pontarp;2132;1500;1;0,06631635;0,4556633;0,5;0,2286654;0,08338189
pontarp;2133;1500;1;0,07941057;0,2776791;0,5;0,2006985;0,0151878
pontarp;2134;1500;1;0,06822163;0,4911599;0,5;0,1705234;0,07252758
pontarp;2141;1500;1;0,09142421;0,9152127;0,5;0,2629447;0,02142881
pontarp;2142;1500;1;0,01013164;0,6387638;0,5;0,2833355;0,02038902
pontarp;2143;1500;1;0,04520307;0,3383661;0,5;0,2184181;0,04185876
pontarp;2144;1500;1;0,03800287;0,2386894;0,5;0,1367603;0,09532716
pontarp;2151;1500;1;0,09142421;0,9152127;0,5;0,2629447;0,02142881
pontarp;2152;1500;1;0,02439175;0,3080735;0,5;0,2460371;0,06911413
pontarp;2153;1500;1;0,01238012;0,3153162;0,5;0,1221127;0,09195218
pontarp;2154;1500;1;0,0644981;0,490335;0,5;0,1759616;0,03608721
pontarp;2161;1500;1;0,09142421;0,9152127;0,5;0,2629447;0,02142881
pontarp;2162;1500;1;0,09944336;0,2287179;0,5;0,2305306;0,07611706
pontarp;2163;1500;1;0,02625758;0,3763008;0,5;0,2743001;0,07875843
pontarp;2164;1500;1;0,0387965;0,7627557;0,5;0,139885;0,06355116
pontarp;2171;1500;1;0,09142421;0,9152127;0,5;0,2629447;0,02142881
pontarp;2172;1500;1;0,07276068;0,9580628;0,5;0,1124704;0,0860704
pontarp;2173;1500;1;0,0824632;0,5902729;0,5;0,1796162;0,06165253
pontarp;2174;1500;1;0,08192752;0,8759114;0,5;0,1835588;0,07423119
pontarp;2181;1500;1;0,09142421;0,9152127;0,5;0,2629447;0,02142881
pontarp;2182;1500;1;0,07696416;0,7826276;0,5;0,1596865;0,07226031
pontarp;2183;1500;1;0,04597959;0,2373893;0,5;0,1171256;0,07019164
pontarp;2184;1500;1;0,09624786;0,1568251;0,5;0,1719708;0,02588782
pontarp;2191;1500;1;0,09142421;0,9152127;0,5;0,2629447;0,02142881
pontarp;2192;1500;1;0,04048241;0,2124116;0,5;0,2525332;0,03023299
pontarp;2193;1500;1;0,009607472;0,1781485;0,5;0,1770285;0,04411125
pontarp;2194;1500;1;0,04947048;0,5536174;0,5;0,1604332;0,01470423
pontarp;2201;1500;1;0,09142421;0,9152127;0,5;0,2629447;0,02142881
pontarp;2202;1500;1;0,06064801;0,6977578;0,5;0,1998116;0,08150201
pontarp;2203;1500;1;0,06275414;0,4987407;0,5;0,1241738;0,03347927
pontarp;2204;1500;1;0,01121247;0,7151998;0,5;0,239569;0,05625092
pontarp;2211;1500;1;0,09142421;0,9152127;0,5;0,2629447;0,02142881
pontarp;2212;1500;1;0,005653024;0,1619196;0,5;0,1187073;0,03832773
pontarp;2213;1500;1;0,02695678;0,8143219;0,5;0,2315737;0,06087842
pontarp;2214;1500;1;0,01072467;0,4146028;0,5;0,2193116;0,01295108
pontarp;2221;1500;1;0,09142421;0,9152127;0,5;0,2629447;0,02142881
pontarp;2222;1500;1;0,02345308;0,2866367;0,5;0,2272352;0,04021898
pontarp;2223;1500;1;0,01914529;0,9324282;0,5;0,1469795;0,02206024
pontarp;2224;1500;1;0,07353181;0,8373227;0,5;0,151643;0,01824513
pontarp;2231;1500;1;0,09142421;0,9152127;0,5;0,2629447;0,02142881
pontarp;2232;1500;1;0,07084144;0,8824115;0,5;0,1472526;0,01898396
pontarp;2233;1500;1;0,03095838;0,864055;0,5;0,148597;0,03731167
pontarp;2234;1500;1;0,09717601;0,3242569;0,5;0,2064348;0,08859924
pontarp;2241;1500;1;0,09142421;0,9152127;0,5;0,2629447;0,02142881
pontarp;2242;1500;1;0,03889409;0,3709313;0,5;0,2559862;0,05422291
pontarp;2243;1500;1;0,01730561;0,3047468;0,5;0,2075531;0,05786844
pontarp;2244;1500;1;0,02217974;0,3926146;0,5;0,1255646;0,04734094
pontarp;2251;1500;1;0,09142421;0,9152127;0,5;0,2629447;0,02142881
pontarp;2252;1500;1;0,07084144;0,8824115;0,5;0,1472526;0,01898396
pontarp;2253;1500;1;0,07791192;0,9789566;0,5;0,2600521;0,01227464
pontarp;2254;1500;1;0,07772411;0,5554749;0,5;0,2960672;0,0766139
pontarp;2261;1500;1;0,09142421;0,9152127;0,5;0,2629447;0,02142881
pontarp;2262;1500;1;0,06369515;0,9346251;0,5;0,1877483;0,02445094
pontarp;2263;1500;1;0,06977699;0,4564923;0,5;0,1950484;0,03662299
pontarp;2264;1500;1;0,06453251;0,20887;0,5;0,1298818;0,01782696
pontarp;2271;1500;1;0,09142421;0,9152127;0,5;0,2629447;0,02142881
pontarp;2272;1500;1;0,07611283;0,3002235;0,5;0,1089751;0,01566956
pontarp;2273;1500;1;0,0225897;0,3698676;0,5;0,1010508;0,06644194
pontarp;2274;1500;1;0,03676806;0,4087981;0,5;0,2035919;0,06697819
pontarp;2281;1500;1;0,09142421;0,9152127;0,5;0,2629447;0,02142881
pontarp;2282;1500;1;0,05256205;0,2816031;0,5;0,1724127;0,04027946
pontarp;2283;1500;1;0,06754928;0,9505075;0,5;0,2404408;0,07794672
pontarp;2284;1500;1;0,07994515;0,2519899;0,5;0,2050773;0,03940274
pontarp;2291;1500;1;0,09142421;0,9152127;0,5;0,2629447;0,02142881
pontarp;2292;1500;1;0,04312721;0,9447117;0,5;0,1772409;0,05700234
pontarp;2293;1500;1;0,003686978;0,1945356;0,5;0,2211413;0,04595838
pontarp;2294;1500;1;0,08377889;0,3990676;0,5;0,243468;0,09287709
pontarp;2301;1500;1;0,09142421;0,9152127;0,5;0,2629447;0,02142881
pontarp;2302;1500;1;0,09621639;0,4930325;0,5;0,2058658;0,06970171
pontarp;2303;1500;1;0,07010128;0,7174033;0,5;0,1706811;0,06967352
pontarp;2304;1500;1;0,05517648;0,1740776;0,5;0,1872503;0,04214311
pontarp;2311;1500;1;0,09142421;0,9152127;0,5;0,2629447;0,02142881
pontarp;2312;1500;1;0,09621639;0,4930325;0,5;0,2058658;0,06970171
pontarp;2313;1500;1;0,02949982;0,1857263;0,5;0,1904396;0,09022883
pontarp;2314;1500;1;0,08775474;0,3650492;0,5;0,2708014;0,06820723
pontarp;2321;1500;1;0,09142421;0,9152127;0,5;0,2629447;0,02142881
pontarp;2322;1500;1;0,04115032;0,538948;0,5;0,2013088;0,01982308
pontarp;2323;1500;1;0,01339185;0,3172971;0,5;0,1380346;0,09122933
pontarp;2324;1500;1;0,02074022;0,3025727;0,5;0,1040724;0,09401963
pontarp;2331;1500;1;0,09142421;0,9152127;0,5;0,2629447;0,02142881
pontarp;2332;1500;1;0,06374549;0,6633102;0,5;0,1942063;0,05552014
pontarp;2333;1500;1;0,09795479;0,9544996;0,5;0,109781;0,03743846
pontarp;2334;1500;1;0,07434684;0,8559956;0,5;0,2904307;0,0817812
pontarp;2341;1500;1;0,09142421;0,9152127;0,5;0,2629447;0,02142881
pontarp;2342;1500;1;0,01864859;0,4432922;0,5;0,2344009;0,08121592
pontarp;2343;1500;1;0,04103787;0,2030181;0,5;0,2578642;0,0825987
pontarp;2344;1500;1;0,05822256;0,3177118;0,5;0,2889599;0,0682806
pontarp;2351;1500;1;0,09142421;0,9152127;0,5;0,2629447;0,02142881
pontarp;2352;1500;1;0,07598124;0,6143957;0,5;0,2587621;0,01480741
pontarp;2353;1500;1;0,007709782;0,1551742;0,5;0,2478082;0,04126234
pontarp;2354;1500;1;0,03637343;0,1621373;0,5;0,1575721;0,04410735
pontarp;2361;1500;1;0,09142421;0,9152127;0,5;0,2629447;0,02142881
pontarp;2362;1500;1;0,05990112;0,7323538;0,5;0,181998;0,08702288
pontarp;2363;1500;1;0,02211809;0,7700742;0,5;0,2384036;0,03374482
pontarp;2364;1500;1;0,06459029;0,1473253;0,5;0,2380978;0,079628
pontarp;2371;1500;1;0,09142421;0,9152127;0,5;0,2629447;0,02142881
pontarp;2372;1500;1;0,05360998;0,1201507;0,5;0,126037;0,03728077
pontarp;2373;1500;1;0,08120934;0,1826451;0,5;0,1106395;0,04170006
pontarp;2374;1500;1;0,05931111;0,1044337;0,5;0,2284584;0,08180181
pontarp;2381;1500;1;0,09142421;0,9152127;0,5;0,2629447;0,02142881
pontarp;2382;1500;1;0,08801565;0,7843845;0,5;0,1648749;0,05510913
pontarp;2383;1500;1;0,04329382;0,8546933;0,5;0,1203943;0,05303436
pontarp;2384;1500;1;0,01691708;0,750469;0,5;0,2346906;0,02329175
pontarp;2391;1500;1;0,09142421;0,9152127;0,5;0,2629447;0,02142881
pontarp;2392;1500;1;0,03507772;0,2052468;0,5;0,2612913;0,04830553
pontarp;2393;1500;1;0,05448358;0,7855351;0,5;0,1188703;0,0988623
pontarp;2394;1500;1;0,01606843;0,4399663;0,5;0,1263031;0,07144307
pontarp;2401;1500;1;0,09142421;0,9152127;0,5;0,2629447;0,02142881
pontarp;2402;1500;1;0,08558665;0,133341;0,5;0,1482779;0,06618295
pontarp;2403;1500;1;0,05505108;0,7158965;0,5;0,1041731;0,05724395
pontarp;2404;1500;1;0,06096409;0,9062243;0,5;0,2579925;0,08121821
pontarp;2411;1500;1;0,09142421;0,9152127;0,5;0,2629447;0,02142881
pontarp;2412;1500;1;0,05237437;0,4717107;0,5;0,1803405;0,05421828
pontarp;2413;1500;1;0,02423962;0,6874434;0,5;0,1175362;0,02609277
pontarp;2414;1500;1;0,002671763;0,8627268;0,5;0,1662682;0,05485283
pontarp;2421;1500;1;0,09142421;0,9152127;0,5;0,2629447;0,02142881
pontarp;2422;1500;1;0,008327103;0,3123003;0,5;0,1700094;0,0630408
pontarp;2423;1500;1;0,04369769;0,2262174;0,5;0,2285552;0,01361152
pontarp;2424;1500;1;0,09396504;0,3477612;0,5;0,2127182;0,08222672
pontarp;2431;1500;1;0,09142421;0,9152127;0,5;0,2629447;0,02142881
pontarp;2432;1500;1;0,04446727;0,7519523;0,5;0,1950167;0,08618132
pontarp;2433;1500;1;0,04656731;0,1421318;0,5;0,1337484;0,08086937
pontarp;2434;1500;1;0,070818;0,494974;0,5;0,2500379;0,0928389
pontarp;2441;1500;1;0,09142421;0,9152127;0,5;0,2629447;0,02142881
pontarp;2442;1500;1;0,01679808;0,3297253;0,5;0,2867348;0,09931543
pontarp;2443;1500;1;0,01136184;0,5337106;0,5;0,1240552;0,03743913
pontarp;2444;1500;1;0,07475161;0,4838406;0,5;0,2382332;0,01093574
pontarp;2451;1500;1;0,09142421;0,9152127;0,5;0,2629447;0,02142881
pontarp;2452;1500;1;0,07590636;0,910946;0,5;0,2416779;0,09698924
pontarp;2453;1500;1;0,04049651;0,2158259;0,5;0,1986033;0,09861521
pontarp;2454;1500;1;0,05375811;0,9220915;0,5;0,2800192;0,0191544
pontarp;2461;1500;1;0,09142421;0,9152127;0,5;0,2629447;0,02142881
pontarp;2462;1500;1;0,05639981;0,8549532;0,5;0,2367625;0,03986198
pontarp;2463;1500;1;0,04112966;0,4482112;0,5;0,1175925;0,06849387
pontarp;2464;1500;1;0,001530409;0,440097;0,5;0,1451643;0,02102579
pontarp;2471;1500;1;0,09142421;0,9152127;0,5;0,2629447;0,02142881
pontarp;2472;1500;1;0,09756946;0,1637513;0,5;0,2821035;0,05680715
pontarp;2473;1500;1;0,05329544;0,1707425;0,5;0,2751541;0,01693744
pontarp;2474;1500;1;0,09928144;0,7419549;0,5;0,2122474;0,02353182
pontarp;2481;1500;1;0,09142421;0,9152127;0,5;0,2629447;0,02142881
pontarp;2482;1500;1;0,03010436;0,6387776;0,5;0,120927;0,04350726
pontarp;2483;1500;1;0,04368779;0,3752079;0,5;0,1460321;0,04191223
pontarp;2484;1500;1;0,09824992;0,9532932;0,5;0,2902653;0,07990292
pontarp;2491;1500;1;0,09142421;0,9152127;0,5;0,2629447;0,02142881
pontarp;2492;1500;1;0,08929229;0,7033465;0,5;0,2997105;0,02449517
pontarp;2493;1500;1;0,03463835;0,1541221;0,5;0,1838705;0,07302913
pontarp;2494;1500;1;0,0755153;0,4690701;0,5;0,1988803;0,0260527
pontarp;2501;1500;1;0,09142421;0,9152127;0,5;0,2629447;0,02142881
pontarp;2502;1500;1;0,0834844;0,5321255;0,5;0,1740582;0,07329952
pontarp;2503;1500;1;0,02619767;0,7567693;0,5;0,2981285;0,08216415
pontarp;2504;1500;1;0,08875507;0,2983899;0,5;0,1978547;0,0839775
pontarp;2511;1500;1;0,09142421;0,9152127;0,5;0,2629447;0,02142881
pontarp;2512;1500;1;0,09996582;0,2120698;0,5;0,2556033;0,08565954
pontarp;2513;1500;1;0,07651642;0,3764497;0,5;0,2840222;0,05902295
pontarp;2514;1500;1;0,0498093;0,2661504;0,5;0,2192263;0,07895784
pontarp;2521;1500;1;0,09142421;0,9152127;0,5;0,2629447;0,02142881
pontarp;2522;1500;1;0,04717287;0,7838863;0,5;0,2264921;0,02775938
pontarp;2523;1500;1;0,03669962;0,9288666;0,5;0,2071092;0,06609999
pontarp;2524;1500;1;0,0411443;0,4875625;0,5;0,2388401;0,05627932
pontarp;2531;1500;1;0,09142421;0,9152127;0,5;0,2629447;0,02142881
pontarp;2532;1500;1;0,004009392;0,938791;0,5;0,2618365;0,09603217
pontarp;2533;1500;1;0,08829919;0,4016368;0,5;0,1090002;0,09097099
pontarp;2534;1500;1;0,0285514;0,9291199;0,5;0,2600038;0,04174005
pontarp;2541;1500;1;0,09142421;0,9152127;0,5;0,2629447;0,02142881
pontarp;2542;1500;1;0,05059063;0,6785154;0,5;0,1099559;0,05076427
pontarp;2543;1500;1;0,01603612;0,8898213;0,5;0,1445752;0,05258307
pontarp;2544;1500;1;0,05452713;0,3227551;0,5;0,2583536;0,08454327
pontarp;2551;1500;1;0,09142421;0,9152127;0,5;0,2629447;0,02142881
pontarp;2552;1500;1;0,01078465;0,5354674;0,5;0,1618966;0,02004634
pontarp;2553;1500;1;0,05876629;0,7266194;0,5;0,25824;0,07923678
pontarp;2554;1500;1;0,09514213;0,2065137;0,5;0,2984663;0,01754481
pontarp;2561;1500;1;0,09142421;0,9152127;0,5;0,2629447;0,02142881
pontarp;2562;1500;1;0,07982233;0,2463583;0,5;0,1496836;0,02437685
pontarp;2563;1500;1;0,09550308;0,6752926;0,5;0,2154238;0,03427357
pontarp;2564;1500;1;0,06259914;0,7987265;0,5;0,136375;0,03963741
pontarp;2571;1500;1;0,09142421;0,9152127;0,5;0,2629447;0,02142881
pontarp;2572;1500;1;0,02369348;0,2733056;0,5;0,137927;0,04471712
pontarp;2573;1500;1;0,07582795;0,6915876;0,5;0,1001625;0,06132552
pontarp;2574;1500;1;0,06415955;0,3602129;0,5;0,2723959;0,03983027
pontarp;2581;1500;1;0,09142421;0,9152127;0,5;0,2629447;0,02142881
pontarp;2582;1500;1;0,0926975;0,6639694;0,5;0,1631359;0,08333512
pontarp;2583;1500;1;0,06851454;0,5105116;0,5;0,2660553;0,01689542
pontarp;2584;1500;1;0,09783689;0,4420978;0,5;0,2988978;0,05381912
pontarp;2591;1500;1;0,09142421;0,9152127;0,5;0,2629447;0,02142881
pontarp;2592;1500;1;0,02218335;0,2099424;0,5;0,1944621;0,02025045
pontarp;2593;1500;1;0,05581097;0,6450081;0,5;0,1885893;0,07515082
pontarp;2594;1500;1;0,013812;0,1803501;0,5;0,1173272;0,05437685
pontarp;2601;1500;1;0,09142421;0,9152127;0,5;0,2629447;0,02142881
pontarp;2602;1500;1;0,0556438;0,2019995;0,5;0,1676398;0,08053785
pontarp;2603;1500;1;0,06180403;0,8962354;0,5;0,2548984;0,0328527
pontarp;2604;1500;1;0,03542503;0,4290256;0,5;0,2579147;0,04337903
pontarp;2611;1500;1;0,09142421;0,9152127;0,5;0,2629447;0,02142881
pontarp;2612;1500;1;0,007073818;0,5268624;0,5;0,1177959;0,04763465
pontarp;2613;1500;1;0,07528127;0,3231498;0,5;0,2849378;0,02792691
pontarp;2614;1500;1;0,0775136;0,7718343;0,5;0,13954;0,02198843
pontarp;2621;1500;1;0,09142421;0,9152127;0,5;0,2629447;0,02142881
pontarp;2622;1500;1;0,0565511;0,3684453;0,5;0,1341203;0,01595767
pontarp;2623;1500;1;0,08084098;0,103666;0,5;0,2016601;0,05142456
pontarp;2624;1500;1;0,09109653;0,6873218;0,5;0,1362427;0,09178508
pontarp;2631;1500;1;0,09142421;0,9152127;0,5;0,2629447;0,02142881
pontarp;2632;1500;1;0,007073818;0,5268624;0,5;0,1177959;0,04763465
pontarp;2633;1500;1;0,08607211;0,6539944;0,5;0,1716798;0,05832732
pontarp;2634;1500;1;0,04172427;0,1032919;0,5;0,2300173;0,05273975
pontarp;2641;1500;1;0,09142421;0,9152127;0,5;0,2629447;0,02142881
pontarp;2642;1500;1;0,09222667;0,3250985;0,5;0,2725501;0,06310959
pontarp;2643;1500;1;0,01944936;0,9243193;0,5;0,2697735;0,0734567
pontarp;2644;1500;1;0,0989067;0,2751513;0,5;0,266909;0,08680008
pontarp;2651;1500;1;0,09142421;0,9152127;0,5;0,2629447;0,02142881
pontarp;2652;1500;1;0,001547616;0,905851;0,5;0,100094;0,08379071
pontarp;2653;1500;1;0,01842195;0,686758;0,5;0,1709425;0,04419741
pontarp;2654;1500;1;0,008807126;0,9480958;0,5;0,1460397;0,0745753
pontarp;2661;1500;1;0,09142421;0,9152127;0,5;0,2629447;0,02142881
pontarp;2662;1500;1;0,006744203;0,3215178;0,5;0,2851282;0,07497145
pontarp;2663;1500;1;0,08182448;0,5228292;0,5;0,224537;0,01907559
pontarp;2664;1500;1;0,06210527;0,2106489;0,5;0,20516;0,03768284
pontarp;2671;1500;1;0,09142421;0,9152127;0,5;0,2629447;0,02142881
pontarp;2672;1500;1;0,05319658;0,7675852;0,5;0,1725619;0,0804574
pontarp;2673;1500;1;0,0549265;0,625877;0,5;0,1323863;0,0515249
pontarp;2674;1500;1;0,04894343;0,1269063;0,5;0,1369611;0,05146032
pontarp;2681;1500;1;0,09142421;0,9152127;0,5;0,2629447;0,02142881
pontarp;2682;1500;1;0,02747153;0,1160432;0,5;0,2005179;0,06385042
pontarp;2683;1500;1;0,06626633;0,6532394;0,5;0,1334696;0,04950671
pontarp;2684;1500;1;0,08067315;0,605655;0,5;0,1510687;0,08441616
pontarp;2691;1500;1;0,09142421;0,9152127;0,5;0,2629447;0,02142881
pontarp;2692;1500;1;0,02242244;0,2152621;0,5;0,1730068;0,05104656
pontarp;2693;1500;1;0,02977927;0,5962446;0,5;0,1357655;0,01829631
pontarp;2694;1500;1;0,06367312;0,2557014;0,5;0,1969022;0,06733843
pontarp;2701;1500;1;0,09142421;0,9152127;0,5;0,2629447;0,02142881
pontarp;2702;1500;1;0,02242244;0,2152621;0,5;0,1730068;0,05104656
pontarp;2703;1500;1;0,04895888;0,1056205;0,5;0,2122747;0,09639874
pontarp;2704;1500;1;0,01924885;0,2242714;0,5;0,2005074;0,07287836
pontarp;2711;1500;1;0,09142421;0,9152127;0,5;0,2629447;0,02142881
pontarp;2712;1500;1;0,01545943;0,7491894;0,5;0,2796599;0,03266277
pontarp;2713;1500;1;0,05131935;0,3624551;0,5;0,2360539;0,02834329
pontarp;2714;1500;1;0,02205019;0,3708189;0,5;0,2796787;0,04528465
pontarp;2721;1500;1;0,09142421;0,9152127;0,5;0,2629447;0,02142881
pontarp;2722;1500;1;0,03598525;0,2389659;0,5;0,2061362;0,0199888
pontarp;2723;1500;1;0,09734369;0,950909;0,5;0,2145588;0,03282784
pontarp;2724;1500;1;0,02845315;0,6422751;0,5;0,1273767;0,07178646
pontarp;2731;1500;1;0,09142421;0,9152127;0,5;0,2629447;0,02142881
pontarp;2732;1500;1;0,05319658;0,7675852;0,5;0,1725619;0,0804574
pontarp;2733;1500;1;0,06966182;0,1677121;0,5;0,1941402;0,05378012
pontarp;2734;1500;1;0,01511697;0,7935832;0,5;0,1222142;0,03523311
pontarp;2741;1500;1;0,09142421;0,9152127;0,5;0,2629447;0,02142881
pontarp;2742;1500;1;0,09168245;0,737278;0,5;0,1221897;0,08305125
pontarp;2743;1500;1;0,05913119;0,9939902;0,5;0,1586184;0,07936531
pontarp;2744;1500;1;0,01947967;0,1992797;0,5;0,1999478;0,09941196
pontarp;2751;1500;1;0,09142421;0,9152127;0,5;0,2629447;0,02142881
pontarp;2752;1500;1;0,02242244;0,2152621;0,5;0,1730068;0,05104656
pontarp;2753;1500;1;0,0110165;0,330429;0,5;0,1619177;0,02203838
pontarp;2754;1500;1;0,05336845;0,204813;0,5;0,2790339;0,03917639
pontarp;2761;1500;1;0,09142421;0,9152127;0,5;0,2629447;0,02142881
pontarp;2762;1500;1;0,08262628;0,2028807;0,5;0,2148821;0,03158471
pontarp;2763;1500;1;0,05023297;0,7822681;0,5;0,1340901;0,09800528
pontarp;2764;1500;1;0,08501311;0,1071417;0,5;0,1981021;0,04311932
pontarp;2771;1500;1;0,09142421;0,9152127;0,5;0,2629447;0,02142881
pontarp;2772;1500;1;0,08262628;0,2028807;0,5;0,2148821;0,03158471
pontarp;2773;1500;1;0,04184534;0,8506824;0,5;0,1630194;0,06196627
pontarp;2774;1500;1;0,08955138;0,931313;0,5;0,2723201;0,03768433
pontarp;2781;1500;1;0,09142421;0,9152127;0,5;0,2629447;0,02142881
pontarp;2782;1500;1;0,08262628;0,2028807;0,5;0,2148821;0,03158471
pontarp;2783;1500;1;0,07499739;0,8376639;0,5;0,2342633;0,05174018
pontarp;2784;1500;1;0,002082555;0,853384;0,5;0,1512743;0,01253293
pontarp;2791;1500;1;0,09142421;0,9152127;0,5;0,2629447;0,02142881
pontarp;2792;1500;1;0,08262628;0,2028807;0,5;0,2148821;0,03158471
pontarp;2793;1500;1;0,003761361;0,1797804;0,5;0,1510988;0,08686455
pontarp;2794;1500;1;0,06810162;0,747553;0,5;0,1246055;0,07227054
pontarp;2801;1500;1;0,09142421;0,9152127;0,5;0,2629447;0,02142881
pontarp;2802;1500;1;0,08262628;0,2028807;0,5;0,2148821;0,03158471
pontarp;2803;1500;1;0,0431573;0,9022411;0,5;0,235954;0,04666201
pontarp;2804;1500;1;0,004854112;0,6268056;0,5;0,1917783;0,08209338
pontarp;2811;1500;1;0,09142421;0,9152127;0,5;0,2629447;0,02142881
pontarp;2812;1500;1;0,0637477;0,6324598;0,5;0,2124602;0,04514768
pontarp;2813;1500;1;0,04328921;0,4038084;0,5;0,1225898;0,05074781
pontarp;2814;1500;1;0,02100194;0,6954309;0,5;0,2879177;0,04074363
pontarp;2821;1500;1;0,09142421;0,9152127;0,5;0,2629447;0,02142881
pontarp;2822;1500;1;0,0637477;0,6324598;0,5;0,2124602;0,04514768
pontarp;2823;1500;1;0,01423776;0,4516553;0,5;0,2403033;0,09701268
pontarp;2824;1500;1;0,02729467;0,3104853;0,5;0,2551762;0,07268066
pontarp;2831;1500;1;0,09142421;0,9152127;0,5;0,2629447;0,02142881
pontarp;2832;1500;1;0,08262628;0,2028807;0,5;0,2148821;0,03158471
pontarp;2833;1500;1;0,04210567;0,6900297;0,5;0,2437574;0,05295397
pontarp;2834;1500;1;0,0643611;0,4825794;0,5;0,2452898;0,05112379
pontarp;2841;1500;1;0,09142421;0,9152127;0,5;0,2629447;0,02142881
pontarp;2842;1500;1;0,08262628;0,2028807;0,5;0,2148821;0,03158471
pontarp;2843;1500;1;0,007786875;0,3881661;0,5;0,1909064;0,04083395
pontarp;2844;1500;1;0,01176788;0,1934067;0,5;0,2093128;0,03857975
pontarp;2851;1500;1;0,09142421;0,9152127;0,5;0,2629447;0,02142881
pontarp;2852;1500;1;0,02792723;0,92091;0,5;0,1655431;0,01351428
pontarp;2853;1500;1;0,02739961;0,1088784;0,5;0,2762719;0,08190183
pontarp;2854;1500;1;0,09184104;0,8943992;0,5;0,2272313;0,09680268
pontarp;2861;1500;1;0,09142421;0,9152127;0,5;0,2629447;0,02142881
pontarp;2862;1500;1;0,0637477;0,6324598;0,5;0,2124602;0,04514768
pontarp;2863;1500;1;0,05712508;0,1796929;0,5;0,2463329;0,02983227
pontarp;2864;1500;1;0,07443306;0,7132632;0,5;0,2057141;0,0414373
pontarp;2871;1500;1;0,09142421;0,9152127;0,5;0,2629447;0,02142881
pontarp;2872;1500;1;0,08262628;0,2028807;0,5;0,2148821;0,03158471
pontarp;2873;1500;1;0,04321071;0,8991146;0,5;0,172052;0,01194612
pontarp;2874;1500;1;0,09657163;0,2079744;0,5;0,2924451;0,04261658
pontarp;2881;1500;1;0,09142421;0,9152127;0,5;0,2629447;0,02142881
pontarp;2882;1500;1;0,08262628;0,2028807;0,5;0,2148821;0,03158471
pontarp;2883;1500;1;0,04922727;0,7894708;0,5;0,2772091;0,05363978
pontarp;2884;1500;1;0,04197436;0,5127596;0,5;0,1427734;0,01498228
pontarp;2891;1500;1;0,09142421;0,9152127;0,5;0,2629447;0,02142881
pontarp;2892;1500;1;0,08262628;0,2028807;0,5;0,2148821;0,03158471
pontarp;2893;1500;1;0,04535274;0,52825;0,5;0,1149756;0,03969538
pontarp;2894;1500;1;0,01968388;0,7753853;0,5;0,1368507;0,05014143
pontarp;2901;1500;1;0,09142421;0,9152127;0,5;0,2629447;0,02142881
pontarp;2902;1500;1;0,08262628;0,2028807;0,5;0,2148821;0,03158471
pontarp;2903;1500;1;0,003463614;0,1555015;0,5;0,1694956;0,05142573
pontarp;2904;1500;1;0,07089487;0,7448956;0,5;0,139504;0,01609767
pontarp;2911;1500;1;0,09142421;0,9152127;0,5;0,2629447;0,02142881
pontarp;2912;1500;1;0,08262628;0,2028807;0,5;0,2148821;0,03158471
pontarp;2913;1500;1;0,006242109;0,9364287;0,5;0,1299867;0,0857937
pontarp;2914;1500;1;0,04892888;0,9335125;0,5;0,140637;0,04444003
pontarp;2921;1500;1;0,09142421;0,9152127;0,5;0,2629447;0,02142881
pontarp;2922;1500;1;0,06608151;0,1623957;0,5;0,1449702;0,02851545
pontarp;2923;1500;1;0,03389904;0,1515128;0,5;0,1758619;0,09762955
pontarp;2924;1500;1;0,03771604;0,2724577;0,5;0,134357;0,05963131
pontarp;2931;1500;1;0,09142421;0,9152127;0,5;0,2629447;0,02142881
pontarp;2932;1500;1;0,08793742;0,7515799;0,5;0,2947251;0,09033373
pontarp;2933;1500;1;0,08410525;0,5209287;0,5;0,1699407;0,06478524
pontarp;2934;1500;1;0,06476742;0,156223;0,5;0,1842752;0,09398453
pontarp;2941;1500;1;0,09142421;0,9152127;0,5;0,2629447;0,02142881
pontarp;2942;1500;1;0,06608151;0,1623957;0,5;0,1449702;0,02851545
pontarp;2943;1500;1;0,0491967;0,2370881;0,5;0,1320599;0,01389027
pontarp;2944;1500;1;0,03219812;0,2738305;0,5;0,132108;0,02683753
pontarp;2951;1500;1;0,09142421;0,9152127;0,5;0,2629447;0,02142881
pontarp;2952;1500;1;0,05874005;0,4087227;0,5;0,1760676;0,03023398
pontarp;2953;1500;1;0,03296901;0,2991342;0,5;0,2610665;0,07479081
pontarp;2954;1500;1;0,09108423;0,3834617;0,5;0,2094462;0,05401689
pontarp;2961;1500;1;0,09142421;0,9152127;0,5;0,2629447;0,02142881
pontarp;2962;1500;1;0,09626563;0,9265207;0,5;0,187296;0,08332996
pontarp;2963;1500;1;0,06508073;0,3048581;0,5;0,1799218;0,06506267
pontarp;2964;1500;1;0,02718113;0,8029395;0,5;0,295535;0,01033878
pontarp;2971;1500;1;0,09142421;0,9152127;0,5;0,2629447;0,02142881
pontarp;2972;1500;1;0,0305205;0,6570518;0,5;0,1837344;0,06698857
pontarp;2973;1500;1;0,04339496;0,8993911;0,5;0,2203414;0,02667749
pontarp;2974;1500;1;0,03194619;0,8945249;0,5;0,1898659;0,03801322
pontarp;2981;1500;1;0,09142421;0,9152127;0,5;0,2629447;0,02142881
pontarp;2982;1500;1;0,0318935;0,7305493;0,5;0,2710799;0,02424038
pontarp;2983;1500;1;0,0848523;0,9127803;0,5;0,2115357;0,02990339
pontarp;2984;1500;1;0,01878159;0,3086057;0,5;0,2256171;0,06358221
pontarp;2991;1500;1;0,09142421;0,9152127;0,5;0,2629447;0,02142881
pontarp;2992;1500;1;0,01457293;0,773896;0,5;0,1307461;0,06706803
pontarp;2993;1500;1;0,04145509;0,4931091;0,5;0,2189913;0,01851114
pontarp;2994;1500;1;0,06021315;0,6622543;0,5;0,2262168;0,08084333
pontarp;3001;1500;1;0,09142421;0,9152127;0,5;0,2629447;0,02142881
pontarp;3002;1500;1;0,02788414;0,3023823;0,5;0,2554855;0,04393553
pontarp;3003;1500;1;0,001890713;0,9352813;0,5;0,1639011;0,0472381
pontarp;3004;1500;1;0,08845443;0,1372156;0,5;0,2205574;0,0982269
