"model","simID","L","v","Psi","s_phi","s_spar","s_disp","ticks"
"xe","1","333","1e-04","0.2655","0.5308","25.5299","41.2492","1e+07"
"xe","2","333","1e-04","0.3721","0.6849","2.7446","79.7244","1e+07"
"xe","3","333","1e-04","0.5729","0.3833","0.3406","39.8794","1e+07"
"xe","4","333","1e-04","0.9082","0.955","1.5538","2.0566","1e+07"
"xe","5","333","1e-04","0.2017","0.1184","27.7128","0.3765","1e+07"
"xe","6","333","1e-04","0.8984","0.0391","66.6916","0.1766","1e+07"
"xe","7","333","1e-04","0.9447","0.5045","0.3312","5.628","1e+07"
"xe","8","333","1e-04","0.6608","0.5785","1.161","0.1626","1e+07"
"xe","9","333","1e-04","0.6291","0.8393","13.0353","3.8281","1e+07"
"xe","10","333","1e-04","0.0618","0.6544","75.461","2.6113","1e+07"
"xe","11","333","1e-04","0.206","0.9445","1.9205","0.1395","1e+07"
"xe","12","333","1e-04","0.1766","0.5117","0.2557","6.0761","1e+07"
"xe","13","333","1e-04","0.687","0.0849","27.62","23.649","1e+07"
"xe","14","333","1e-04","0.3841","0.9948","26.3351","6.2605","1e+07"
"xe","15","333","1e-04","0.7698","0.4014","53.0067","0.1213","1e+07"
"xe","16","333","1e-04","0.4977","0.8956","12.9064","1.5388","1e+07"
"xe","17","333","1e-04","0.7176","0.8769","2.379","0.2083","1e+07"
"xe","18","333","1e-04","0.9919","0.2965","0.1757","0.1181","1e+07"
"xe","19","333","1e-04","0.38","0.1326","15.568","33.3191","1e+07"
"xe","20","333","1e-04","0.7774","0.2659","62.8123","0.9532","1e+07"
"xe","21","333","1e-04","0.9347","0.0057","0.1282","0.7636","1e+07"
"xe","22","333","1e-04","0.2121","0.8196","0.2095","29.4235","1e+07"
"xe","23","333","1e-04","0.6517","0.1747","1.5458","1.75","1e+07"
"xe","24","333","1e-04","0.1256","0.8431","0.2863","0.1073","1e+07"
"xe","25","333","1e-04","0.2672","0.1667","0.2184","0.1436","1e+07"
"xe","26","333","1e-04","0.3861","0.764","0.7219","15.5278","1e+07"
"xe","27","333","1e-04","0.0134","0.5189","5.5339","0.166","1e+07"
"xe","28","333","1e-04","0.3824","0.2727","0.266","0.1626","1e+07"
"xe","29","333","1e-04","0.8697","0.3432","3.0427","8.1567","1e+07"
"xe","30","333","1e-04","0.3403","0.7051","1.2046","1.7375","1e+07"
"xe","31","333","1e-04","0.4821","0.5915","1.6637","1.9595","1e+07"
"xe","32","333","1e-04","0.5996","0.4694","0.6975","0.1741","1e+07"
"xe","33","333","1e-04","0.4935","0.3364","1.8877","0.6782","1e+07"
"xe","34","333","1e-04","0.1862","0.9678","2.4576","24.1109","1e+07"
"xe","35","333","1e-04","0.8274","0.6458","30.7474","0.1876","1e+07"
"xe","36","333","1e-04","0.6685","0.1963","1.1948","0.6762","1e+07"
"xe","37","333","1e-04","0.7942","0.3572","2.072","0.2563","1e+07"
"xe","38","333","1e-04","0.1079","0.513","0.1051","9.782","1e+07"
"xe","39","333","1e-04","0.7237","0.883","80.2498","86.5745","1e+07"
"xe","40","333","1e-04","0.4113","0.1527","1.0292","0.432","1e+07"
"xe","41","333","1e-04","0.8209","0.2305","0.1217","1.3064","1e+07"
"xe","42","333","1e-04","0.6471","0.163","1.1739","0.2265","1e+07"
"xe","43","333","1e-04","0.7829","0.6143","8.3357","21.9588","1e+07"
"xe","44","333","1e-04","0.553","0.5016","0.7243","0.1573","1e+07"
"xe","45","333","1e-04","0.5297","0.1881","88.776","22.4556","1e+07"
"xe","46","333","1e-04","0.7894","0.4077","0.1766","0.2353","1e+07"
"xe","47","333","1e-04","0.0233","0.5824","0.2422","21.4795","1e+07"
"xe","48","333","1e-04","0.4772","0.3089","0.6175","1.2135","1e+07"
"xe","49","333","1e-04","0.7323","0.481","0.4353","7.0435","1e+07"
"xe","50","333","1e-04","0.6927","0.9394","69.0571","56.3804","1e+07"
"xe","51","333","1e-04","0.4776","0.046","1.0875","0.2069","1e+07"
"xe","52","333","1e-04","0.8612","0.5349","1.6454","14.0164","1e+07"
"xe","53","333","1e-04","0.4381","0.4427","4.0703","0.2945","1e+07"
"xe","54","333","1e-04","0.2448","0.9064","0.6722","0.6092","1e+07"
"xe","55","333","1e-04","0.0707","0.881","1.6482","20.9592","1e+07"
"xe","56","333","1e-04","0.0995","0.1632","2.0255","6.0852","1e+07"
"xe","57","333","1e-04","0.3163","0.7522","0.925","0.1933","1e+07"
"xe","58","333","1e-04","0.5186","0.403","0.1024","0.2988","1e+07"
"xe","59","333","1e-04","0.662","0.557","82.9674","12.6845","1e+07"
"xe","60","333","1e-04","0.4068","0.0802","0.2181","0.642","1e+07"
"xe","61","333","1e-04","0.9129","0.1166","4.423","0.7771","1e+07"
"xe","62","333","1e-04","0.2936","0.9252","41.3897","4.8752","1e+07"
"xe","63","333","1e-04","0.4591","0.8788","38.7065","1.0852","1e+07"
"xe","64","333","1e-04","0.3324","0.1632","6.7863","97.5192","1e+07"
"xe","65","333","1e-04","0.6509","0.5316","0.101","0.4412","1e+07"
"xe","66","333","1e-04","0.258","0.9298","0.9377","5.9189","1e+07"
"xe","67","333","1e-04","0.4785","0.3257","40.863","1.6864","1e+07"
"xe","68","333","1e-04","0.7663","0.1608","3.3152","4.1666","1e+07"
"xe","69","333","1e-04","0.0842","0.9497","51.9661","26.8795","1e+07"
"xe","70","333","1e-04","0.8753","0.4624","90.9797","0.1076","1e+07"
"xe","71","333","1e-04","0.3391","0.2208","0.8791","10.5918","1e+07"
"xe","72","333","1e-04","0.8394","0.002","0.1093","43.7064","1e+07"
"xe","73","333","1e-04","0.3467","0.6192","1.7105","1.676","1e+07"
"xe","74","333","1e-04","0.3338","0.4025","21.0011","48.1013","1e+07"
"xe","75","333","1e-04","0.4764","0.9","71.9377","26.5188","1e+07"
"xe","76","333","1e-04","0.8922","0.5059","15.1042","0.1435","1e+07"
"xe","77","333","1e-04","0.8643","0.7265","3.5426","71.354","1e+07"
"xe","78","333","1e-04","0.39","0.0275","15.9171","3.1392","1e+07"
"xe","79","333","1e-04","0.7773","0.3794","35.5809","3.1073","1e+07"
"xe","80","333","1e-04","0.9606","0.3867","28.5206","0.4015","1e+07"
"xe","81","333","1e-04","0.4347","0.3378","14.6165","11.0406","1e+07"
"xe","82","333","1e-04","0.7125","0.3644","2.1106","4.3844","1e+07"
"xe","83","333","1e-04","0.4","0.6388","2.048","6.7411","1e+07"
"xe","84","333","1e-04","0.3254","0.0329","32.1963","0.8405","1e+07"
"xe","85","333","1e-04","0.7571","0.6962","1.43","0.3106","1e+07"
"xe","86","333","1e-04","0.2027","0.8156","10.5499","34.8497","1e+07"
"xe","87","333","1e-04","0.7111","0.5074","0.1712","0.3398","1e+07"
"xe","88","333","1e-04","0.1217","0.1126","30.6853","5.7363","1e+07"
"xe","89","333","1e-04","0.2455","0.9063","0.1119","82.7313","1e+07"
"xe","90","333","1e-04","0.1433","0.4133","0.2178","4.0022","1e+07"
"xe","91","333","1e-04","0.2396","0.4738","2.9722","27.0862","1e+07"
"xe","92","333","1e-04","0.0589","0.7137","11.1934","8.9685","1e+07"
"xe","93","333","1e-04","0.6423","0.2419","6.5917","20.5562","1e+07"
"xe","94","333","1e-04","0.8763","0.2996","49.1789","0.127","1e+07"
"xe","95","333","1e-04","0.7789","0.7045","0.8365","4.7422","1e+07"
"xe","96","333","1e-04","0.7973","0.7717","4.2403","0.2292","1e+07"
"xe","97","333","1e-04","0.4553","0.0138","16.1343","11.4525","1e+07"
"xe","98","333","1e-04","0.4101","0.5513","0.2941","55.2557","1e+07"
"xe","99","333","1e-04","0.8109","0.6525","11.152","4.7979","1e+07"
"xe","100","333","1e-04","0.6049","0.9317","43.8873","5.33","1e+07"
"xe","101","333","1e-04","0.6547","0.6904","1.259","3.5502","1e+07"
"xe","102","333","1e-04","0.3532","0.2538","0.1256","9.4221","1e+07"
"xe","103","333","1e-04","0.2703","0.411","3.6253","5.8236","1e+07"
"xe","104","333","1e-04","0.9927","0.1229","0.2178","0.1737","1e+07"
"xe","105","333","1e-04","0.6335","0.132","50.9514","0.294","1e+07"
"xe","106","333","1e-04","0.2132","0.6401","0.457","90.2078","1e+07"
"xe","107","333","1e-04","0.1294","0.3464","7.4204","94.5125","1e+07"
"xe","108","333","1e-04","0.4781","0.4228","1.2286","0.7661","1e+07"
"xe","109","333","1e-04","0.9241","0.9394","23.2167","23.2347","1e+07"
"xe","110","333","1e-04","0.5988","0.3839","72.5969","11.4946","1e+07"
"xe","111","333","1e-04","0.9762","0.2286","11.4713","1.594","1e+07"
"xe","112","333","1e-04","0.7318","0.6903","0.1079","1.5507","1e+07"
"xe","113","333","1e-04","0.3567","0.0099","74.7068","45.9454","1e+07"
"xe","114","333","1e-04","0.4315","0.6861","3.1211","29.2573","1e+07"
"xe","115","333","1e-04","0.1482","0.7917","4.1916","0.6248","1e+07"
"xe","116","333","1e-04","0.0131","0.5075","0.1512","0.3496","1e+07"
"xe","117","333","1e-04","0.7156","0.3081","0.3044","74.0325","1e+07"
"xe","118","333","1e-04","0.1032","0.7372","18.7924","32.5237","1e+07"
"xe","119","333","1e-04","0.4463","0.3047","0.9285","1.0964","1e+07"
"xe","120","333","1e-04","0.6401","0.7747","7.1671","33.5938","1e+07"
"xe","121","333","1e-04","0.9918","0.1121","6.0504","0.1072","1e+07"
"xe","122","333","1e-04","0.4956","0.7977","0.1394","0.4402","1e+07"
"xe","123","333","1e-04","0.4843","0.491","1.5186","55.1068","1e+07"
"xe","124","333","1e-04","0.1734","0.8329","0.8606","0.1399","1e+07"
"xe","125","333","1e-04","0.7548","0.7584","1.9863","41.0859","1e+07"
"xe","126","333","1e-04","0.4539","0.9021","1.198","9.2761","1e+07"
"xe","127","333","1e-04","0.5112","0.2784","17.41","0.4551","1e+07"
"xe","128","333","1e-04","0.2075","0.4457","72.006","0.1067","1e+07"
"xe","129","333","1e-04","0.2287","0.272","0.454","0.1728","1e+07"
"xe","130","333","1e-04","0.5957","0.3299","30.2142","20.061","1e+07"
"xe","131","333","1e-04","0.5749","0.8636","0.1209","0.1259","1e+07"
"xe","132","333","1e-04","0.0771","0.1099","69.6713","21.1279","1e+07"
"xe","133","333","1e-04","0.0355","0.4023","86.0639","1.5201","1e+07"
"xe","134","333","1e-04","0.6428","0.4061","27.5867","22.6179","1e+07"
"xe","135","333","1e-04","0.9286","0.4365","10.1131","0.1259","1e+07"
"xe","136","333","1e-04","0.5981","0.177","0.7818","1.2545","1e+07"
"xe","137","333","1e-04","0.5609","0.2657","36.2693","0.4198","1e+07"
"xe","138","333","1e-04","0.526","0.6596","34.5741","79.0201","1e+07"
"xe","139","333","1e-04","0.9851","0.8161","1.3565","4.9533","1e+07"
"xe","140","333","1e-04","0.5076","0.4212","40.0781","2.1055","1e+07"
"xe","141","333","1e-04","0.6828","0.1601","4.0915","25.7991","1e+07"
"xe","142","333","1e-04","0.6015","0.2886","5.4027","0.314","1e+07"
"xe","143","333","1e-04","0.2389","0.8021","0.1114","0.4153","1e+07"
"xe","144","333","1e-04","0.2582","0.1642","54.1736","1.1111","1e+07"
"xe","145","333","1e-04","0.7293","0.7898","8.3076","2.2514","1e+07"
"xe","146","333","1e-04","0.4526","0.5242","4.5935","0.204","1e+07"
"xe","147","333","1e-04","0.1751","0.32","10.9693","6.3366","1e+07"
"xe","148","333","1e-04","0.7467","0.2752","66.0519","0.2003","1e+07"
"xe","149","333","1e-04","0.105","0.8019","0.3523","74.3975","1e+07"
"xe","150","333","1e-04","0.8645","0.104","2.1592","5.5325","1e+07"
"xe","151","333","1e-04","0.6146","0.8381","0.785","0.3211","1e+07"
"xe","152","333","1e-04","0.5572","0.0793","2.2694","3.5951","1e+07"
"xe","153","333","1e-04","0.3288","0.7176","53.8731","0.1455","1e+07"
"xe","154","333","1e-04","0.4531","0.8646","20.9978","0.3513","1e+07"
"xe","155","333","1e-04","0.5004","0.9786","11.0119","0.1251","1e+07"
"xe","156","333","1e-04","0.1809","0.2491","7.751","1.7392","1e+07"
"xe","157","333","1e-04","0.5296","0.0249","1.5859","13.5648","1e+07"
"xe","158","333","1e-04","0.0753","0.223","0.1458","2.0648","1e+07"
"xe","159","333","1e-04","0.2778","0.122","8.5492","2.6797","1e+07"
"xe","160","333","1e-04","0.2127","0.3852","0.4565","1.3776","1e+07"
"xe","161","333","1e-04","0.2848","0.0843","0.185","21.8728","1e+07"
"xe","162","333","1e-04","0.8951","0.2826","0.2467","76.6887","1e+07"
"xe","163","333","1e-04","0.4462","0.5666","43.4676","2.1478","1e+07"
"xe","164","333","1e-04","0.78","0.3285","9.039","0.6757","1e+07"
"xe","165","333","1e-04","0.8806","0.9435","0.1215","9.0913","1e+07"
"xe","166","333","1e-04","0.4131","0.3773","0.2473","18.3727","1e+07"
"xe","167","333","1e-04","0.0638","0.9533","0.297","5.8361","1e+07"
"xe","168","333","1e-04","0.3355","0.2733","2.6329","1.2609","1e+07"
"xe","169","333","1e-04","0.7237","0.6873","17.8687","3.3742","1e+07"
"xe","170","333","1e-04","0.3376","0.137","33.1781","0.2708","1e+07"
"xe","171","333","1e-04","0.6304","0.8102","42.288","0.6309","1e+07"
"xe","172","333","1e-04","0.8406","0.7626","0.1079","0.3322","1e+07"
"xe","173","333","1e-04","0.8561","0.4424","0.1333","48.9308","1e+07"
"xe","174","333","1e-04","0.3914","0.4567","0.4306","4.8644","1e+07"
"xe","175","333","1e-04","0.3805","0.6805","15.0851","1.065","1e+07"
"xe","176","333","1e-04","0.8954","0.0744","24.1189","0.7099","1e+07"
"xe","177","333","1e-04","0.6443","0.6466","7.963","17.483","1e+07"
"xe","178","333","1e-04","0.7411","0.7899","0.2814","4.8815","1e+07"
"xe","179","333","1e-04","0.6053","0.2233","2.8693","4.9677","1e+07"
"xe","180","333","1e-04","0.9031","0.0409","17.6534","7.9432","1e+07"
"xe","181","333","1e-04","0.2937","0.3846","0.6263","77.2253","1e+07"
"xe","182","333","1e-04","0.1913","0.3441","18.8814","20.2686","1e+07"
"xe","183","333","1e-04","0.8865","0.4464","0.3873","19.2563","1e+07"
"xe","184","333","1e-04","0.5033","0.3868","1.3561","0.2872","1e+07"
"xe","185","333","1e-04","0.8771","0.9183","4.7969","1.2688","1e+07"
"xe","186","333","1e-04","0.1892","0.174","2.2799","55.0614","1e+07"
"xe","187","333","1e-04","0.7581","0.1499","45.5501","3.0835","1e+07"
"xe","188","333","1e-04","0.7245","0.6132","5.8393","0.1211","1e+07"
"xe","189","333","1e-04","0.9437","0.0172","0.1603","2.2409","1e+07"
"xe","190","333","1e-04","0.5476","0.0661","0.2464","0.1207","1e+07"
"xe","191","333","1e-04","0.7117","0.7788","0.2756","0.1135","1e+07"
"xe","192","333","1e-04","0.3889","0.9357","38.1022","41.294","1e+07"
"xe","193","333","1e-04","0.1009","0.2072","70.4414","73.3781","1e+07"
"xe","194","333","1e-04","0.9273","0.6433","48.9024","47.6667","1e+07"
"xe","195","333","1e-04","0.2832","0.3314","0.2193","37.0618","1e+07"
"xe","196","333","1e-04","0.5906","0.9554","23.997","0.2347","1e+07"
"xe","197","333","1e-04","0.1104","0.8172","0.103","0.4623","1e+07"
"xe","198","333","1e-04","0.8405","0.7403","12.4285","11.7711","1e+07"
"xe","199","333","1e-04","0.318","0.2227","3.3182","8.8372","1e+07"
"xe","200","333","1e-04","0.7829","0.0457","0.6432","0.1881","1e+07"
"xe","201","333","1e-04","0.2675","0.3665","8.0158","6.1194","1e+07"
"xe","202","333","1e-04","0.2186","0.7414","98.3943","68.0981","1e+07"
"xe","203","333","1e-04","0.5168","0.9335","3.2751","0.2432","1e+07"
"xe","204","333","1e-04","0.269","0.6732","63.052","3.7506","1e+07"
"xe","205","333","1e-04","0.1812","0.7014","0.3747","62.4636","1e+07"
"xe","206","333","1e-04","0.5186","0.8476","2.8463","2.1181","1e+07"
"xe","207","333","1e-04","0.5628","0.7062","7.9869","1.6066","1e+07"
"xe","208","333","1e-04","0.1292","0.8588","0.4045","1.249","1e+07"
"xe","209","333","1e-04","0.2564","0.4456","1.9445","5.2299","1e+07"
"xe","210","333","1e-04","0.7179","0.6766","10.2817","0.2082","1e+07"
"xe","211","333","1e-04","0.9614","0.1278","29.1584","9.3679","1e+07"
"xe","212","333","1e-04","0.1001","0.7362","1.1914","25.2021","1e+07"
"xe","213","333","1e-04","0.7632","0.0672","7.1584","0.3022","1e+07"
"xe","214","333","1e-04","0.948","0.2808","1.0995","3.1438","1e+07"
"xe","215","333","1e-04","0.8186","0.4116","18.531","0.261","1e+07"
"xe","216","333","1e-04","0.3083","0.9434","4.9691","11.6358","1e+07"
"xe","217","333","1e-04","0.6496","0.9773","7.6342","2.7665","1e+07"
"xe","218","333","1e-04","0.9534","0.0389","1.5019","0.4202","1e+07"
"xe","219","333","1e-04","0.9537","0.5877","9.4438","14.2287","1e+07"
"xe","220","333","1e-04","0.34","0.03","11.2026","1.0006","1e+07"
"xe","221","333","1e-04","0.2625","0.5653","21.3293","3.8751","1e+07"
"xe","222","333","1e-04","0.1655","0.0982","20.0895","6.0325","1e+07"
"xe","223","333","1e-04","0.3222","0.6303","0.108","19.04","1e+07"
"xe","224","333","1e-04","0.5101","0.8185","0.4925","0.1315","1e+07"
"xe","225","333","1e-04","0.924","0.35","12.3921","7.826","1e+07"
"xe","226","333","1e-04","0.511","0.134","51.5046","0.3244","1e+07"
"xe","227","333","1e-04","0.2576","0.0809","0.1849","13.2364","1e+07"
"xe","228","333","1e-04","0.0465","0.3504","9.7297","0.6225","1e+07"
"xe","229","333","1e-04","0.4179","0.9963","8.4192","0.1742","1e+07"
"xe","230","333","1e-04","0.854","0.533","63.3365","13.7918","1e+07"
"xe","231","333","1e-04","0.3472","0.3359","52.1327","17.8831","1e+07"
"xe","232","333","1e-04","0.1314","0.3142","0.1216","0.3241","1e+07"
"xe","233","333","1e-04","0.3745","0.3826","0.957","0.441","1e+07"
"xe","234","333","1e-04","0.6314","0.0185","39.724","0.2574","1e+07"
"xe","235","333","1e-04","0.3901","0.0365","0.4251","0.9165","1e+07"
"xe","236","333","1e-04","0.6896","0.8785","2.9483","9.5271","1e+07"
"xe","237","333","1e-04","0.6894","0.4021","2.4939","2.37","1e+07"
"xe","238","333","1e-04","0.5549","0.4694","3.9463","0.4628","1e+07"
"xe","239","333","1e-04","0.4296","0.4023","67.7166","0.141","1e+07"
"xe","240","333","1e-04","0.4527","0.7021","4.0623","33.7989","1e+07"
"xe","241","333","1e-04","0.3064","0.3992","4.1758","2.4047","1e+07"
"xe","242","333","1e-04","0.5784","0.502","8.25","0.1361","1e+07"
"xe","243","333","1e-04","0.9104","0.037","4.7576","0.9774","1e+07"
"xe","244","333","1e-04","0.1426","0.298","0.1525","1.1258","1e+07"
"xe","245","333","1e-04","0.415","0.9628","0.7536","0.5113","1e+07"
"xe","246","333","1e-04","0.2109","0.9351","2.8241","0.4246","1e+07"
"xe","247","333","1e-04","0.4288","0.9611","0.7881","0.7392","1e+07"
"xe","248","333","1e-04","0.1327","0.7926","3.9927","0.7934","1e+07"
"xe","249","333","1e-04","0.4601","0.7548","2.1535","47.9261","1e+07"
"xe","250","333","1e-04","0.943","0.066","23.879","19.408","1e+07"
"xe","251","333","1e-04","0.762","0.1355","0.1472","0.2052","1e+07"
"xe","252","333","1e-04","0.9329","0.1236","1.2448","18.8803","1e+07"
"xe","253","333","1e-04","0.4707","0.7625","47.2339","1.7547","1e+07"
"xe","254","333","1e-04","0.6036","0.9035","3.6118","0.4604","1e+07"
"xe","255","333","1e-04","0.485","0.4027","1.2762","0.1048","1e+07"
"xe","256","333","1e-04","0.1088","0.1826","1.7893","0.1232","1e+07"
"xe","257","333","1e-04","0.2477","0.3746","0.117","0.5627","1e+07"
"xe","258","333","1e-04","0.4985","0.5062","5.9083","0.4587","1e+07"
"xe","259","333","1e-04","0.3729","0.9135","3.0137","0.8399","1e+07"
"xe","260","333","1e-04","0.9347","0.0766","0.2036","53.2939","1e+07"
"xe","261","333","1e-04","0.524","0.1097","1.6382","65.3895","1e+07"
"xe","262","333","1e-04","0.3171","0.7543","0.1437","2.9903","1e+07"
"xe","263","333","1e-04","0.278","0.3046","0.1287","0.3192","1e+07"
"xe","264","333","1e-04","0.7875","0.7238","0.4935","0.3687","1e+07"
"xe","265","333","1e-04","0.7025","0.2323","86.9778","0.3755","1e+07"
"xe","266","333","1e-04","0.165","0.3935","0.1377","3.2393","1e+07"
"xe","267","333","1e-04","0.0645","0.5079","0.2488","0.1751","1e+07"
"xe","268","333","1e-04","0.7547","0.9399","60.9988","24.2153","1e+07"
"xe","269","333","1e-04","0.6204","0.0579","0.1836","5.1766","1e+07"
"xe","270","333","1e-04","0.1696","0.3048","67.26","80.6843","1e+07"
"xe","271","333","1e-04","0.0622","0.2409","10.5279","42.3942","1e+07"
"xe","272","333","1e-04","0.109","0.3852","0.1027","13.1087","1e+07"
"xe","273","333","1e-04","0.3817","0.763","35.2983","0.2219","1e+07"
"xe","274","333","1e-04","0.1693","0.8646","3.5219","0.3041","1e+07"
"xe","275","333","1e-04","0.2987","0.6791","1.8495","1.0127","1e+07"
"xe","276","333","1e-04","0.1922","0.6768","37.9171","92.4331","1e+07"
"xe","277","333","1e-04","0.2572","0.1651","5.8847","55.2379","1e+07"
"xe","278","333","1e-04","0.1812","0.8029","0.1555","4.0299","1e+07"
"xe","279","333","1e-04","0.4773","0.712","0.2544","0.5504","1e+07"
"xe","280","333","1e-04","0.7707","0.9287","1.7114","58.4845","1e+07"
"xe","281","333","1e-04","0.0278","0.0075","30.9631","18.2167","1e+07"
"xe","282","333","1e-04","0.5273","0.5963","1.4501","51.3478","1e+07"
"xe","283","333","1e-04","0.8803","0.3667","7.3856","9.0083","1e+07"
"xe","284","333","1e-04","0.3731","0.742","6.5436","0.1154","1e+07"
"xe","285","333","1e-04","0.048","0.7621","4.1752","0.1939","1e+07"
"xe","286","333","1e-04","0.1386","0.2607","5.6638","70.5929","1e+07"
"xe","287","333","1e-04","0.3215","0.2549","20.8168","46.1881","1e+07"
"xe","288","333","1e-04","0.1548","0.6788","12.4354","2.3372","1e+07"
"xe","289","333","1e-04","0.1322","0.4855","33.3641","22.9209","1e+07"
"xe","290","333","1e-04","0.2213","0.3786","85.6124","0.4009","1e+07"
"xe","291","333","1e-04","0.2264","0.0555","0.4963","0.8672","1e+07"
"xe","292","333","1e-04","0.1314","0.899","37.318","3.8841","1e+07"
"xe","293","333","1e-04","0.9816","0.8017","11.327","0.354","1e+07"
"xe","294","333","1e-04","0.327","0.481","0.7954","3.9556","1e+07"
"xe","295","333","1e-04","0.5069","0.0321","0.3046","1.1075","1e+07"
"xe","296","333","1e-04","0.6814","0.512","20.031","3.3943","1e+07"
"xe","297","333","1e-04","0.0992","0.3731","91.4818","23.8006","1e+07"
"xe","298","333","1e-04","0.1189","0.4986","37.5225","2.1068","1e+07"
"xe","299","333","1e-04","0.0504","0.3993","10.6711","0.7226","1e+07"
"xe","300","333","1e-04","0.9293","0.0209","27.236","63.1947","1e+07"
"xe","301","333","1e-04","0.6737","0.5243","2.8651","0.1234","1e+07"
"xe","302","333","1e-04","0.0949","0.1604","2.4083","35.2336","1e+07"
"xe","303","333","1e-04","0.4926","0.2051","0.8624","2.1357","1e+07"
"xe","304","333","1e-04","0.4616","0.9752","0.1153","7.8745","1e+07"
"xe","305","333","1e-04","0.3752","0.9664","1.7304","21.8647","1e+07"
"xe","306","333","1e-04","0.9911","0.7601","87.0963","0.6941","1e+07"
"xe","307","333","1e-04","0.1764","0.0764","0.2548","0.2342","1e+07"
"xe","308","333","1e-04","0.8134","0.5158","15.5607","47.896","1e+07"
"xe","309","333","1e-04","0.0684","0.6003","3.7663","1.6517","1e+07"
"xe","310","333","1e-04","0.4004","0.437","76.7005","18.4215","1e+07"
"xe","311","333","1e-04","0.1411","0.0016","14.4774","0.215","1e+07"
"xe","312","333","1e-04","0.1933","0.4356","53.9323","1.035","1e+07"
"xe","313","333","1e-04","0.8414","0.501","0.8157","4.3599","1e+07"
"xe","314","333","1e-04","0.7199","0.6696","7.6914","0.8638","1e+07"
"xe","315","333","1e-04","0.2672","0.6949","0.4214","2.1973","1e+07"
"xe","316","333","1e-04","0.495","0.7825","35.6038","1.6325","1e+07"
"xe","317","333","1e-04","0.0831","0.139","0.1428","2.882","1e+07"
"xe","318","333","1e-04","0.3539","0.1632","19.4907","2.0773","1e+07"
"xe","319","333","1e-04","0.9692","0.7595","13.9917","0.6318","1e+07"
"xe","320","333","1e-04","0.6247","0.4437","20.1035","9.0289","1e+07"
"xe","321","333","1e-04","0.6646","0.6297","7.8016","0.5214","1e+07"
"xe","322","333","1e-04","0.3125","0.1045","28.156","27.5389","1e+07"
"xe","323","333","1e-04","0.4057","0.8355","1.774","26.5909","1e+07"
"xe","324","333","1e-04","0.9961","0.3339","65.0377","5.8497","1e+07"
"xe","325","333","1e-04","0.8551","0.1995","0.7453","4.2228","1e+07"
"xe","326","333","1e-04","0.9535","0.6945","0.2198","0.1379","1e+07"
"xe","327","333","1e-04","0.8123","0.1659","6.3945","1.8948","1e+07"
"xe","328","333","1e-04","0.7822","0.074","0.1192","8.3545","1e+07"
"xe","329","333","1e-04","0.2679","0.0382","0.1793","0.1005","1e+07"
"xe","330","333","1e-04","0.7622","0.846","1.0019","39.7343","1e+07"
"xe","331","333","1e-04","0.9863","0.3735","0.1626","0.201","1e+07"
"xe","332","333","1e-04","0.2936","0.8807","13.0389","0.1937","1e+07"
"xe","333","333","1e-04","0.3994","0.0903","0.167","21.4645","1e+07"
"xe","334","333","1e-04","0.8121","0.4959","0.9442","0.1226","1e+07"
"xe","335","333","1e-04","0.0772","0.7543","1.1935","1.0622","1e+07"
"xe","336","333","1e-04","0.3637","0.6059","1.4622","22.8532","1e+07"
"xe","337","333","1e-04","0.4426","0.5284","22.7159","0.219","1e+07"
"xe","338","333","1e-04","0.1567","0.9102","6.502","1.124","1e+07"
"xe","339","333","1e-04","0.5822","0.9857","19.3985","0.9787","1e+07"
"xe","340","333","1e-04","0.9702","0.2797","0.51","12.3035","1e+07"
"xe","341","333","1e-04","0.9895","0.1235","0.721","1.1504","1e+07"
"xe","342","333","1e-04","0.1765","0.1744","0.8967","1.654","1e+07"
"xe","343","333","1e-04","0.5421","0.8813","58.3069","0.8396","1e+07"
"xe","344","333","1e-04","0.3843","0.1246","2.2455","75.4412","1e+07"
"xe","345","333","1e-04","0.6762","0.299","0.2387","11.7708","1e+07"
"xe","346","333","1e-04","0.2693","0.1647","0.2704","45.417","1e+07"
"xe","347","333","1e-04","0.4693","0.0726","0.8575","64.2045","1e+07"
"xe","348","333","1e-04","0.1718","0.2384","84.3076","17.0702","1e+07"
"xe","349","333","1e-04","0.3692","0.7167","0.4958","32.7596","1e+07"
"xe","350","333","1e-04","0.7254","0.645","0.1302","25.0075","1e+07"
"xe","351","333","1e-04","0.4861","0.0759","4.8952","47.9646","1e+07"
"xe","352","333","1e-04","0.0638","0.1727","28.5357","31.1466","1e+07"
"xe","353","333","1e-04","0.7845","0.1457","0.1318","1.2949","1e+07"
"xe","354","333","1e-04","0.4183","0.3919","0.1231","41.299","1e+07"
"xe","355","333","1e-04","0.981","0.2317","44.2459","25.2514","1e+07"
"xe","356","333","1e-04","0.2829","0.5614","0.1944","0.3403","1e+07"
"xe","357","333","1e-04","0.8479","0.5835","45.59","0.3089","1e+07"
"xe","358","333","1e-04","0.0822","0.0988","43.6393","68.1502","1e+07"
"xe","359","333","1e-04","0.8865","0.1589","32.1831","2.1573","1e+07"
"xe","360","333","1e-04","0.4719","0.9221","4.696","0.1719","1e+07"
"xe","361","333","1e-04","0.1091","0.8594","2.5234","90.5138","1e+07"
"xe","362","333","1e-04","0.3333","0.9072","19.6039","0.1116","1e+07"
"xe","363","333","1e-04","0.8374","0.1153","42.5246","3.0524","1e+07"
"xe","364","333","1e-04","0.2768","0.0355","12.7602","1.9049","1e+07"
"xe","365","333","1e-04","0.587","0.5858","11.492","1.381","1e+07"
"xe","366","333","1e-04","0.8367","0.3142","8.1398","16.2492","1e+07"
"xe","367","333","1e-04","0.0712","0.5569","31.1564","0.6896","1e+07"
"xe","368","333","1e-04","0.7028","0.3545","1.2454","9.3079","1e+07"
"xe","369","333","1e-04","0.6988","0.1433","5.1484","21.8363","1e+07"
"xe","370","333","1e-04","0.464","0.5671","7.7706","14.6608","1e+07"
"xe","371","333","1e-04","0.4369","0.3341","6.9961","88.556","1e+07"
"xe","372","333","1e-04","0.5622","0.1204","0.129","4.2655","1e+07"
"xe","373","333","1e-04","0.9285","0.2559","0.1127","9.5425","1e+07"
"xe","374","333","1e-04","0.2305","0.3534","0.16","0.6685","1e+07"
"xe","375","333","1e-04","0.2218","0.8313","0.7688","1.5518","1e+07"
"xe","376","333","1e-04","0.4202","0.7832","0.2399","4.7594","1e+07"
"xe","377","333","1e-04","0.3335","0.9402","34.2093","87.67","1e+07"
"xe","378","333","1e-04","0.8648","0.8392","5.6063","78.5055","1e+07"
"xe","379","333","1e-04","0.1772","0.149","4.1783","0.4509","1e+07"
"xe","380","333","1e-04","0.4933","0.5907","4.9343","1.5119","1e+07"
"xe","381","333","1e-04","0.4297","0.824","0.216","41.0444","1e+07"
"xe","382","333","1e-04","0.5643","0.6319","3.2344","11.8786","1e+07"
"xe","383","333","1e-04","0.6562","0.4699","0.3212","1.0239","1e+07"
"xe","384","333","1e-04","0.9786","0.2587","0.9802","11.7881","1e+07"
"xe","385","333","1e-04","0.2322","0.0246","0.7371","0.2886","1e+07"
"xe","386","333","1e-04","0.2408","0.3288","41.2653","46.9025","1e+07"
"xe","387","333","1e-04","0.7968","0.2249","88.9668","46.2741","1e+07"
"xe","388","333","1e-04","0.8317","0.8773","2.2347","0.2594","1e+07"
"xe","389","333","1e-04","0.1135","0.6777","1.9329","0.1282","1e+07"
"xe","390","333","1e-04","0.9633","0.5259","0.7873","1.1616","1e+07"
"xe","391","333","1e-04","0.1473","0.5577","0.6007","1.3704","1e+07"
"xe","392","333","1e-04","0.1436","0.2475","23.9912","6.9876","1e+07"
"xe","393","333","1e-04","0.9252","0.0073","0.1134","3.3004","1e+07"
"xe","394","333","1e-04","0.507","0.9489","0.127","1.0324","1e+07"
"xe","395","333","1e-04","0.1549","0.7192","0.1218","0.9714","1e+07"
"xe","396","333","1e-04","0.3483","0.2793","5.0731","5.2468","1e+07"
"xe","397","333","1e-04","0.6598","0.7438","46.5137","0.1419","1e+07"
"xe","398","333","1e-04","0.3118","0.8707","4.6192","1.5955","1e+07"
"xe","399","333","1e-04","0.3516","0.3804","0.3908","0.6052","1e+07"
"xe","400","333","1e-04","0.1478","0.7194","23.8392","0.3207","1e+07"
"xe","401","333","1e-04","0.6589","0.2396","69.5887","0.1511","1e+07"
"xe","402","333","1e-04","0.1851","0.6478","0.1636","0.1438","1e+07"
"xe","403","333","1e-04","0.9544","0.9757","1.2975","82.8535","1e+07"
"xe","404","333","1e-04","0.8978","0.378","10.2163","24.2004","1e+07"
"xe","405","333","1e-04","0.9437","0.4641","0.1072","0.1245","1e+07"
"xe","406","333","1e-04","0.7237","0.8123","17.7698","4.2644","1e+07"
"xe","407","333","1e-04","0.3704","0.4944","90.6857","0.1129","1e+07"
"xe","408","333","1e-04","0.781","0.0503","0.6633","21.3801","1e+07"
"xe","409","333","1e-04","0.0111","0.1306","0.2622","18.7027","1e+07"
"xe","410","333","1e-04","0.9403","0.1614","84.9597","0.1076","1e+07"
"xe","411","333","1e-04","0.9937","0.0895","0.8297","28.4277","1e+07"
"xe","412","333","1e-04","0.3574","0.4036","5.1083","37.0713","1e+07"
"xe","413","333","1e-04","0.7476","0.0639","4.1174","1.849","1e+07"
"xe","414","333","1e-04","0.7929","0.562","76.6263","7.9963","1e+07"
"xe","415","333","1e-04","0.7059","0.3365","2.2726","1.7957","1e+07"
"xe","416","333","1e-04","0.4758","0.5406","1.3678","0.9419","1e+07"
"xe","417","333","1e-04","0.4947","0.9132","0.1561","19.8318","1e+07"
"xe","418","333","1e-04","0.3081","0.3869","10.3057","13.0007","1e+07"
"xe","419","333","1e-04","0.695","0.9603","0.1572","57.1681","1e+07"
"xe","420","333","1e-04","0.8228","0.3847","0.4036","6.7672","1e+07"
"xe","421","333","1e-04","0.4347","0.9416","56.9836","0.1471","1e+07"
"xe","422","333","1e-04","0.5147","0.6806","74.2431","16.1606","1e+07"
"xe","423","333","1e-04","0.663","0.9026","0.5224","51.5114","1e+07"
"xe","424","333","1e-04","0.1432","0.2538","1.6627","12.7481","1e+07"
"xe","425","333","1e-04","0.3445","0.4061","24.4592","5.4088","1e+07"
"xe","426","333","1e-04","0.4058","0.0142","43.8415","4.9833","1e+07"
"xe","427","333","1e-04","0.0853","0.1104","73.8716","1.2634","1e+07"
"xe","428","333","1e-04","0.9326","0.5015","7.6135","4.6856","1e+07"
"xe","429","333","1e-04","0.8384","0.3715","0.4506","49.1214","1e+07"
"xe","430","333","1e-04","0.8794","0.8059","3.7739","0.6557","1e+07"
"xe","431","333","1e-04","0.9357","0.0079","0.5241","30.13","1e+07"
"xe","432","333","1e-04","0.0725","0.8365","66.3666","10.6656","1e+07"
"xe","433","333","1e-04","0.3788","0.3768","0.1173","49.9","1e+07"
"xe","434","333","1e-04","0.5379","0.3852","8.0193","0.7762","1e+07"
"xe","435","333","1e-04","0.1051","0.9515","82.0023","1.4335","1e+07"
"xe","436","333","1e-04","0.8017","0.4757","0.2099","52.0055","1e+07"
"xe","437","333","1e-04","0.7396","0.5521","0.4724","22.0561","1e+07"
"xe","438","333","1e-04","0.0521","0.9347","0.2746","4.2428","1e+07"
"xe","439","333","1e-04","0.4822","0.8634","1.1434","7.0606","1e+07"
"xe","440","333","1e-04","0.9205","0.2599","1.0007","59.8699","1e+07"
"xe","441","333","1e-04","0.0415","0.6877","0.1815","0.8082","1e+07"
"xe","442","333","1e-04","0.294","0.4479","81.9308","1.2294","1e+07"
"xe","443","333","1e-04","0.5009","0.218","20.5509","76.1523","1e+07"
"xe","444","333","1e-04","0.6097","0.6862","0.1231","1.8144","1e+07"
"xe","445","333","1e-04","0.2642","0.9594","69.0594","4.9285","1e+07"
"xe","446","333","1e-04","0.4231","0.2594","2.5962","25.2017","1e+07"
"xe","447","333","1e-04","0.3666","0.4688","5.8859","2.7201","1e+07"
"xe","448","333","1e-04","0.9425","0.3213","91.5505","41.2089","1e+07"
"xe","449","333","1e-04","0.1237","0.1646","1.0794","12.7281","1e+07"
"xe","450","333","1e-04","0.07","0.7147","9.6744","0.2427","1e+07"
"xe","451","333","1e-04","0.9643","0.5282","0.1388","9.0137","1e+07"
"xe","452","333","1e-04","0.4425","0.2347","43.9533","25.0337","1e+07"
"xe","453","333","1e-04","0.3703","0.0644","62.5086","0.5254","1e+07"
"xe","454","333","1e-04","0.1702","0.6758","73.2388","39.0828","1e+07"
"xe","455","333","1e-04","0.0542","0.8061","18.4549","2.7314","1e+07"
"xe","456","333","1e-04","0.6578","0.1155","30.596","0.9755","1e+07"
"xe","457","333","1e-04","0.5782","0.692","2.8247","96.8895","1e+07"
"xe","458","333","1e-04","0.9871","0.0218","15.006","18.9944","1e+07"
"xe","459","333","1e-04","0.6038","0.3614","45.4272","2.5894","1e+07"
"xe","460","333","1e-04","0.0649","0.7323","0.1539","0.5926","1e+07"
"xe","461","333","1e-04","0.1621","0.3126","51.1487","1.4143","1e+07"
"xe","462","333","1e-04","0.4754","0.4472","0.1216","0.7832","1e+07"
"xe","463","333","1e-04","0.0019","0.8254","0.9245","20.2245","1e+07"
"xe","464","333","1e-04","0.4415","0.3318","0.2424","1.9464","1e+07"
"xe","465","333","1e-04","0.2609","0.144","0.214","9.2875","1e+07"
"xe","466","333","1e-04","0.9384","0.3009","3.4676","0.5345","1e+07"
"xe","467","333","1e-04","0.7158","0.1626","31.3964","0.7683","1e+07"
"xe","468","333","1e-04","0.1631","0.8395","2.1733","61.6252","1e+07"
"xe","469","333","1e-04","0.4762","0.6643","18.524","0.2621","1e+07"
"xe","470","333","1e-04","0.6903","0.1389","50.0252","2.7995","1e+07"
"xe","471","333","1e-04","0.4609","0.3259","0.8397","25.4201","1e+07"
"xe","472","333","1e-04","0.9551","0.8314","4.6834","1.0137","1e+07"
"xe","473","333","1e-04","0.7125","0.8225","99.4452","4.3843","1e+07"
"xe","474","333","1e-04","0.3971","0.1494","0.4039","0.1419","1e+07"
"xe","475","333","1e-04","0.1177","0.4213","0.1038","11.3646","1e+07"
"xe","476","333","1e-04","0.2401","0.4452","0.8171","3.7849","1e+07"
"xe","477","333","1e-04","0.8636","0.8839","3.0921","1.4329","1e+07"
"xe","478","333","1e-04","0.436","0.415","0.1217","0.4511","1e+07"
"xe","479","333","1e-04","0.4979","0.6899","41.4771","0.1405","1e+07"
"xe","480","333","1e-04","0.6919","0.7169","63.4214","1.0371","1e+07"
"xe","481","333","1e-04","0.7603","0.0124","62.0337","3.825","1e+07"
"xe","482","333","1e-04","0.1554","0.0378","0.1379","1.2031","1e+07"
"xe","483","333","1e-04","0.8495","0.0909","32.084","94.3555","1e+07"
"xe","484","333","1e-04","0.9468","0.3988","32.1861","0.1377","1e+07"
"xe","485","333","1e-04","0.5884","0.9002","4.7523","0.1643","1e+07"
"xe","486","333","1e-04","0.5023","0.4449","43.9999","10.6931","1e+07"
"xe","487","333","1e-04","0.1898","0.7552","22.6335","0.307","1e+07"
"xe","488","333","1e-04","0.0018","0.7115","51.6675","5.5096","1e+07"
"xe","489","333","1e-04","0.8776","0.1668","13.624","0.1872","1e+07"
"xe","490","333","1e-04","0.1341","0.8691","5.3274","9.296","1e+07"
"xe","491","333","1e-04","0.0227","0.0892","2.9324","1.1817","1e+07"
"xe","492","333","1e-04","0.9391","0.163","0.4101","0.5036","1e+07"
"xe","493","333","1e-04","0.2929","0.8494","0.3721","56.1424","1e+07"
"xe","494","333","1e-04","0.1643","0.6281","32.7457","0.1235","1e+07"
"xe","495","333","1e-04","0.3991","0.2085","46.1489","2.076","1e+07"
"xe","496","333","1e-04","0.4596","0.6729","5.0505","83.3817","1e+07"
"xe","497","333","1e-04","0.434","0.9642","1.2249","1.5755","1e+07"
"xe","498","333","1e-04","0.517","0.8817","0.4936","57.4526","1e+07"
"xe","499","333","1e-04","0.8462","0.9618","1.4213","0.1978","1e+07"
"xe","500","333","1e-04","0.0552","0.4647","5.2158","0.9162","1e+07"
"xe","501","333","1e-04","0.5542","0.0729","6.3061","3.7849","1e+07"
"xe","502","333","1e-04","0.6883","0.8743","24.1749","0.166","1e+07"
"xe","503","333","1e-04","0.6581","0.1989","3.2641","35.4181","1e+07"
"xe","504","333","1e-04","0.6633","0.5346","4.1731","1.8585","1e+07"
"xe","505","333","1e-04","0.4722","0.1056","0.1181","92.1061","1e+07"
"xe","506","333","1e-04","0.9695","0.384","21.4629","2.7329","1e+07"
"xe","507","333","1e-04","0.4022","0.7477","1.0111","52.1293","1e+07"
"xe","508","333","1e-04","0.8496","0.6958","2.5435","0.1136","1e+07"
"xe","509","333","1e-04","0.7566","0.0984","15.4701","0.3771","1e+07"
"xe","510","333","1e-04","0.5326","0.6115","17.1458","1.4221","1e+07"
"xe","511","333","1e-04","0.8741","0.0209","47.0339","0.8362","1e+07"
"xe","512","333","1e-04","0.4671","0.6497","0.7978","3.8448","1e+07"
"xe","513","333","1e-04","0.0081","0.9784","0.2022","15.2995","1e+07"
"xe","514","333","1e-04","0.7278","0.8425","0.3733","72.5554","1e+07"
"xe","515","333","1e-04","0.7166","0.8428","0.5929","3.076","1e+07"
"xe","516","333","1e-04","0.1874","0.3875","0.6575","0.2489","1e+07"
"xe","517","333","1e-04","0.6461","0.7931","0.1052","6.6897","1e+07"
"xe","518","333","1e-04","0.542","0.4062","56.7178","94.5379","1e+07"
"xe","519","333","1e-04","0.3353","0.2533","33.2296","0.1924","1e+07"
"xe","520","333","1e-04","0.6379","0.4193","1.3526","48.5121","1e+07"
"xe","521","333","1e-04","0.8292","0.4955","3.2072","1.0106","1e+07"
"xe","522","333","1e-04","0.709","0.8582","0.992","2.6094","1e+07"
"xe","523","333","1e-04","0.3486","0.7323","22.7303","0.3399","1e+07"
"xe","524","333","1e-04","0.1283","0.9744","22.1246","1.1349","1e+07"
"xe","525","333","1e-04","0.3881","0.1001","0.7244","0.3386","1e+07"
"xe","526","333","1e-04","0.9282","0.8326","1.4549","9.102","1e+07"
"xe","527","333","1e-04","0.8044","0.4506","5.6751","0.5109","1e+07"
"xe","528","333","1e-04","0.7587","0.8505","96.0397","49.1464","1e+07"
"xe","529","333","1e-04","0.9572","0.5698","32.152","1.041","1e+07"
"xe","530","333","1e-04","0.9939","0.9615","15.1554","59.0729","1e+07"
"xe","531","333","1e-04","0.6064","0.9548","1.6684","3.1133","1e+07"
"xe","532","333","1e-04","0.0294","0.2838","75.0895","5.123","1e+07"
"xe","533","333","1e-04","0.3364","0.7396","25.4621","16.2308","1e+07"
"xe","534","333","1e-04","0.2777","0.0707","13.0183","0.441","1e+07"
"xe","535","333","1e-04","0.1172","0.9001","16.9943","0.824","1e+07"
"xe","536","333","1e-04","0.0432","0.1334","0.1329","38.9493","1e+07"
"xe","537","333","1e-04","0.3703","0.5559","0.1471","0.3865","1e+07"
"xe","538","333","1e-04","0.3369","0.6004","49.0198","35.7138","1e+07"
"xe","539","333","1e-04","0.1737","0.133","7.3198","69.3287","1e+07"
"xe","540","333","1e-04","0.6218","0.5093","14.0227","0.6663","1e+07"
"xe","541","333","1e-04","0.3978","0.367","0.1046","33.0802","1e+07"
"xe","542","333","1e-04","0.9557","0.0033","0.2834","0.2701","1e+07"
"xe","543","333","1e-04","0.6533","0.048","1.4826","18.6703","1e+07"
"xe","544","333","1e-04","0.3287","0.882","13.8831","2.1796","1e+07"
"xe","545","333","1e-04","0.1971","0.8235","0.743","73.5014","1e+07"
"xe","546","333","1e-04","0.1153","0.413","32.5083","8.0533","1e+07"
"xe","547","333","1e-04","0.996","0.9217","26.8219","0.3107","1e+07"
"xe","548","333","1e-04","0.3793","0.4774","0.3512","1.6631","1e+07"
"xe","549","333","1e-04","0.562","0.475","7.0189","86.9521","1e+07"
"xe","550","333","1e-04","0.7327","0.6578","0.197","0.2759","1e+07"
"xe","551","333","1e-04","0.8708","0.1633","0.6692","46.7687","1e+07"
"xe","552","333","1e-04","0.5722","0.0952","21.8997","0.3891","1e+07"
"xe","553","333","1e-04","0.011","0.8615","2.0541","7.2738","1e+07"
"xe","554","333","1e-04","0.9063","0.2399","0.4634","23.8574","1e+07"
"xe","555","333","1e-04","0.7707","0.5554","5.2384","15.8996","1e+07"
"xe","556","333","1e-04","0.3825","0.8494","21.9513","17.9954","1e+07"
"xe","557","333","1e-04","0.094","0.3496","0.2928","3.7443","1e+07"
"xe","558","333","1e-04","0.0497","0.9757","34.7848","7.7599","1e+07"
"xe","559","333","1e-04","0.8212","0.8694","0.5558","2.3315","1e+07"
"xe","560","333","1e-04","0.8293","0.7541","25.4857","0.5781","1e+07"
"xe","561","333","1e-04","0.6547","0.2237","0.2094","0.1488","1e+07"
"xe","562","333","1e-04","0.1328","0.7698","5.4592","2.0226","1e+07"
"xe","563","333","1e-04","0.3418","0.8747","0.1539","20.5781","1e+07"
"xe","564","333","1e-04","0.7314","0.0438","0.1871","0.244","1e+07"
"xe","565","333","1e-04","0.9073","0.1998","0.7941","89.4847","1e+07"
"xe","566","333","1e-04","0.6962","0.8537","8.3655","27.7033","1e+07"
"xe","567","333","1e-04","0.2416","0.6523","3.0049","88.1136","1e+07"
"xe","568","333","1e-04","0.6441","0.8693","4.6339","0.1285","1e+07"
"xe","569","333","1e-04","0.2808","0.8136","0.1497","5.0378","1e+07"
"xe","570","333","1e-04","0.9576","0.3614","1.0684","1.6038","1e+07"
"xe","571","333","1e-04","0.1584","0.0909","10.9689","2.3504","1e+07"
"xe","572","333","1e-04","0.4183","0.5747","2.0098","1.6217","1e+07"
"xe","573","333","1e-04","0.252","0.6547","0.5706","5.2074","1e+07"
"xe","574","333","1e-04","0.0944","0.8222","0.275","0.6036","1e+07"
"xe","575","333","1e-04","0.8277","0.4556","7.3518","41.9047","1e+07"
"xe","576","333","1e-04","0.5253","0.9843","5.4832","95.3371","1e+07"
"xe","577","333","1e-04","0.6677","0.7504","4.6777","61.7457","1e+07"
"xe","578","333","1e-04","0.4083","0.1336","0.1183","91.1138","1e+07"
"xe","579","333","1e-04","0.8426","0.2152","1.155","9.4412","1e+07"
"xe","580","333","1e-04","0.7373","0.8484","1.3604","0.8075","1e+07"
"xe","581","333","1e-04","0.3482","0.4653","0.1196","40.0185","1e+07"
"xe","582","333","1e-04","0.9489","0.9158","10.6975","10.3224","1e+07"
"xe","583","333","1e-04","0.6467","0.9166","0.1463","2.9349","1e+07"
"xe","584","333","1e-04","0.0353","0.8199","0.1348","7.6869","1e+07"
"xe","585","333","1e-04","0.5964","0.5669","0.1039","11.8027","1e+07"
"xe","586","333","1e-04","0.4153","0.6155","0.4172","10.3962","1e+07"
"xe","587","333","1e-04","0.0769","0.7948","54.9826","44.2949","1e+07"
"xe","588","333","1e-04","0.528","0.4397","1.0551","11.5668","1e+07"
"xe","589","333","1e-04","0.9623","0.4126","1.1954","99.9057","1e+07"
"xe","590","333","1e-04","0.7087","0.5655","39.6989","0.5644","1e+07"
"xe","591","333","1e-04","0.5535","0.1516","83.3242","2.7252","1e+07"
"xe","592","333","1e-04","0.243","0.8075","87.252","0.111","1e+07"
"xe","593","333","1e-04","0.778","0.4956","0.1652","0.5702","1e+07"
"xe","594","333","1e-04","0.6519","0.1405","2.4273","0.9549","1e+07"
"xe","595","333","1e-04","0.8302","0.1103","62.0086","10.3847","1e+07"
"xe","596","333","1e-04","0.6486","0.1108","0.2458","17.5924","1e+07"
"xe","597","333","1e-04","0.4798","0.0047","37.7737","1.0649","1e+07"
"xe","598","333","1e-04","0.4951","0.2384","3.6313","0.6931","1e+07"
"xe","599","333","1e-04","0.3799","0.8788","0.4711","16.298","1e+07"
"xe","600","333","1e-04","0.4505","0.0772","1.9116","7.6017","1e+07"
"xe","601","333","1e-04","0.8143","0.1385","19.3749","7.9547","1e+07"
"xe","602","333","1e-04","0.9288","0.0475","6.0462","0.4446","1e+07"
"xe","603","333","1e-04","0.1475","0.0339","14.4055","52.2183","1e+07"
"xe","604","333","1e-04","0.7498","0.9161","0.7117","5.7377","1e+07"
"xe","605","333","1e-04","0.9757","0.8402","2.1136","0.3204","1e+07"
"xe","606","333","1e-04","0.9748","0.1789","17.9542","11.2097","1e+07"
"xe","607","333","1e-04","0.3506","0.4953","63.4274","0.2198","1e+07"
"xe","608","333","1e-04","0.3939","0.307","0.1638","3.834","1e+07"
"xe","609","333","1e-04","0.951","0.2744","1.4783","66.7619","1e+07"
"xe","610","333","1e-04","0.1066","0.1282","0.2415","0.2798","1e+07"
"xe","611","333","1e-04","0.9348","0.4294","86.3216","5.8528","1e+07"
"xe","612","333","1e-04","0.3462","0.6959","0.3044","43.135","1e+07"
"xe","613","333","1e-04","0.5331","0.3351","0.2227","0.3424","1e+07"
"xe","614","333","1e-04","0.5388","0.7012","22.8144","2.5852","1e+07"
"xe","615","333","1e-04","0.7147","0.8405","51.9853","0.2657","1e+07"
"xe","616","333","1e-04","0.4058","0.8826","6.3039","0.1987","1e+07"
"xe","617","333","1e-04","0.1528","0.7666","0.7951","0.7431","1e+07"
"xe","618","333","1e-04","0.3402","0.322","0.4766","0.545","1e+07"
"xe","619","333","1e-04","0.6267","0.0421","8.2276","14.7122","1e+07"
"xe","620","333","1e-04","0.0574","0.8927","0.6872","4.0628","1e+07"
"xe","621","333","1e-04","0.8517","0.6381","2.5959","0.7889","1e+07"
"xe","622","333","1e-04","0.2126","0.5545","58.6823","0.3973","1e+07"
"xe","623","333","1e-04","0.5395","0.7663","2.1934","53.7689","1e+07"
"xe","624","333","1e-04","0.1365","0.0969","0.3376","0.1256","1e+07"
"xe","625","333","1e-04","0.3249","0.748","2.4815","6.1514","1e+07"
"xe","626","333","1e-04","0.6211","0.8752","39.9402","0.2836","1e+07"
"xe","627","333","1e-04","0.256","0.0077","28.9672","5.4069","1e+07"
"xe","628","333","1e-04","0.6349","0.9349","68.8304","2.309","1e+07"
"xe","629","333","1e-04","0.4857","0.407","3.4484","3.0299","1e+07"
"xe","630","333","1e-04","0.9382","0.7888","0.2069","3.7898","1e+07"
"xe","631","333","1e-04","0.8575","0.9761","54.7958","1.4094","1e+07"
"xe","632","333","1e-04","0.3709","0.3334","93.136","61.1919","1e+07"
"xe","633","333","1e-04","0.3142","0.7872","4.3206","1.9964","1e+07"
"xe","634","333","1e-04","0.8285","0.0894","1.7246","0.5424","1e+07"
"xe","635","333","1e-04","0.4518","0.0437","5.0999","42.5375","1e+07"
"xe","636","333","1e-04","0.3159","0.5149","63.9059","0.3532","1e+07"
"xe","637","333","1e-04","0.0978","0.0481","2.7291","0.1866","1e+07"
"xe","638","333","1e-04","0.0649","0.0892","2.1591","0.5218","1e+07"
"xe","639","333","1e-04","0.6895","0.6883","1.0151","38.3965","1e+07"
"xe","640","333","1e-04","0.6681","0.0348","0.1534","31.4533","1e+07"
"xe","641","333","1e-04","0.9045","0.4309","5.5854","1.2267","1e+07"
"xe","642","333","1e-04","0.3017","0.7593","0.329","0.3662","1e+07"
"xe","643","333","1e-04","0.9328","0.8318","33.0277","20.2413","1e+07"
"xe","644","333","1e-04","0.202","0.3825","0.6982","2.1007","1e+07"
"xe","645","333","1e-04","0.7924","0.6156","23.7909","2.6923","1e+07"
"xe","646","333","1e-04","0.2246","0.345","15.3939","87.4925","1e+07"
"xe","647","333","1e-04","0.0308","0.5323","33.1993","0.1852","1e+07"
"xe","648","333","1e-04","0.862","0.26","3.0509","0.196","1e+07"
"xe","649","333","1e-04","0.6851","0.5729","75.0392","8.0725","1e+07"
"xe","650","333","1e-04","0.9421","0.9058","0.17","0.3941","1e+07"
"xe","651","333","1e-04","0.6759","0.566","8.2872","0.6093","1e+07"
"xe","652","333","1e-04","0.8431","0.0565","34.9197","0.9042","1e+07"
"xe","653","333","1e-04","0.3619","0.1021","4.8487","40.6191","1e+07"
"xe","654","333","1e-04","0.3924","0.3283","5.6443","0.1433","1e+07"
"xe","655","333","1e-04","0.5677","0.9906","65.9614","0.409","1e+07"
"xe","656","333","1e-04","0.0952","0.7144","0.8189","5.2093","1e+07"
"xe","657","333","1e-04","0.1938","0.079","2.6508","0.129","1e+07"
"xe","658","333","1e-04","0.5881","0.6142","30.7873","0.1133","1e+07"
"xe","659","333","1e-04","0.7515","0.4932","0.2951","0.3887","1e+07"
"xe","660","333","1e-04","0.8672","0.2691","62.4448","1.0542","1e+07"
"xe","661","333","1e-04","0.3718","0.2931","0.3613","0.7095","1e+07"
"xe","662","333","1e-04","0.7988","0.4753","0.7559","0.3622","1e+07"
"xe","663","333","1e-04","0.0583","0.9641","0.5877","0.4105","1e+07"
"xe","664","333","1e-04","0.6234","0.4236","0.2146","0.4961","1e+07"
"xe","665","333","1e-04","0.3566","0.8441","0.1688","1.6531","1e+07"
"xe","666","333","1e-04","0.5879","0.9538","0.1305","39.9492","1e+07"
"xe","667","333","1e-04","0.9138","0.2865","58.3169","0.6721","1e+07"
"xe","668","333","1e-04","0.1994","0.5408","15.9674","18.0994","1e+07"
"xe","669","333","1e-04","0.3691","0.5814","0.6743","1.0517","1e+07"
"xe","670","333","1e-04","0.6714","0.2563","1.1339","75.9119","1e+07"
"xe","671","333","1e-04","0.7681","0.8781","40.2969","7.6846","1e+07"
"xe","672","333","1e-04","0.5222","0.8823","20.495","34.351","1e+07"
"xe","673","333","1e-04","0.8281","0.9873","94.2578","0.2327","1e+07"
"xe","674","333","1e-04","0.5271","0.1016","85.7121","4.6465","1e+07"
"xe","675","333","1e-04","0.5018","0.6188","1.0718","21.3441","1e+07"
"xe","676","333","1e-04","0.42","0.7047","47.8517","0.6","1e+07"
"xe","677","333","1e-04","0.3623","0.1486","8.5713","3.1401","1e+07"
"xe","678","333","1e-04","0.1234","0.8908","0.7624","5.6657","1e+07"
"xe","679","333","1e-04","0.2982","0.1627","0.7041","2.8462","1e+07"
"xe","680","333","1e-04","0.2767","0.1219","0.1464","6.693","1e+07"
"xe","681","333","1e-04","0.7702","0.9776","98.7954","0.1155","1e+07"
"xe","682","333","1e-04","0.7782","0.6271","76.1779","1.4073","1e+07"
"xe","683","333","1e-04","0.1438","0.0192","0.2636","1.3959","1e+07"
"xe","684","333","1e-04","0.5155","0.8292","74.0981","0.1593","1e+07"
"xe","685","333","1e-04","0.5972","0.9989","43.8631","0.7374","1e+07"
"xe","686","333","1e-04","0.5058","0.8681","0.4989","19.6892","1e+07"
"xe","687","333","1e-04","0.3861","0.3969","26.4986","25.3954","1e+07"
"xe","688","333","1e-04","0.4261","0.9362","60.5239","0.4093","1e+07"
"xe","689","333","1e-04","0.0118","0.3248","29.6721","56.6996","1e+07"
"xe","690","333","1e-04","0.9193","0.9724","36.1736","0.2025","1e+07"
"xe","691","333","1e-04","0.0794","0.5626","34.812","47.0602","1e+07"
"xe","692","333","1e-04","0.5074","0.5793","23.1194","3.4697","1e+07"
"xe","693","333","1e-04","0.8202","0.8247","15.4939","0.2502","1e+07"
"xe","694","333","1e-04","0.5984","0.1984","0.7251","1.0326","1e+07"
"xe","695","333","1e-04","0.4242","0.619","15.3253","0.4355","1e+07"
"xe","696","333","1e-04","0.5593","0.2246","4.3764","30.6271","1e+07"
"xe","697","333","1e-04","0.7891","0.0252","0.3613","2.4717","1e+07"
"xe","698","333","1e-04","0.1677","0.7565","1.1465","1.0204","1e+07"
"xe","699","333","1e-04","0.9705","0.6382","10.5471","0.2716","1e+07"
"xe","700","333","1e-04","0.4735","0.0579","28.9798","40.1988","1e+07"
"xe","701","333","1e-04","0.9297","0.6738","1.153","0.1455","1e+07"
"xe","702","333","1e-04","0.9009","0.6915","1.7598","6.9446","1e+07"
"xe","703","333","1e-04","0.7509","0.7452","98.4548","22.7453","1e+07"
"xe","704","333","1e-04","0.6766","0.1241","40.2713","5.4744","1e+07"
"xe","705","333","1e-04","0.648","0.1512","20.1422","3.8151","1e+07"
"xe","706","333","1e-04","0.0732","0.1774","3.3083","1.7043","1e+07"
"xe","707","333","1e-04","0.4236","0.0089","25.0653","15.5442","1e+07"
"xe","708","333","1e-04","0.5308","0.6338","0.2396","44.7507","1e+07"
"xe","709","333","1e-04","0.9427","0.3728","0.1096","0.2205","1e+07"
"xe","710","333","1e-04","0.7122","0.2777","37.4281","0.9385","1e+07"
"xe","711","333","1e-04","0.7245","0.1725","0.189","1.2597","1e+07"
"xe","712","333","1e-04","0.4701","0.2037","7.6144","0.5779","1e+07"
"xe","713","333","1e-04","0.1203","0.2219","0.3112","0.2303","1e+07"
"xe","714","333","1e-04","0.7831","0.2534","0.5874","5.6092","1e+07"
"xe","715","333","1e-04","0.4382","0.1701","0.6851","0.4077","1e+07"
"xe","716","333","1e-04","0.4315","0.9217","0.4504","5.486","1e+07"
"xe","717","333","1e-04","0.0275","0.3453","0.7162","5.9149","1e+07"
"xe","718","333","1e-04","0.1466","0.0851","0.3238","85.4201","1e+07"
"xe","719","333","1e-04","0.4226","0.3778","16.6069","0.4194","1e+07"
"xe","720","333","1e-04","0.7671","0.5433","2.9533","0.5349","1e+07"
"xe","721","333","1e-04","0.0048","0.787","1.6544","0.3025","1e+07"
"xe","722","333","1e-04","0.6036","0.3203","45.234","23.3081","1e+07"
"xe","723","333","1e-04","0.9056","0.838","1.4057","0.1938","1e+07"
"xe","724","333","1e-04","0.7067","0.9985","19.4096","2.3381","1e+07"
"xe","725","333","1e-04","0.2625","0.2134","44.532","0.1688","1e+07"
"xe","726","333","1e-04","0.8511","0.4373","0.9873","64.9605","1e+07"
"xe","727","333","1e-04","0.3336","0.3787","0.1128","0.3822","1e+07"
"xe","728","333","1e-04","0.5783","0.9656","22.0331","13.9231","1e+07"
"xe","729","333","1e-04","0.4328","0.6411","2.5845","73.6838","1e+07"
"xe","730","333","1e-04","0.0516","0.8061","0.1416","16.8103","1e+07"
"xe","731","333","1e-04","0.7298","0.9191","26.1894","0.5863","1e+07"
"xe","732","333","1e-04","0.5482","0.0586","17.7683","6.8801","1e+07"
"xe","733","333","1e-04","0.7512","0.4776","37.6913","0.2503","1e+07"
"xe","734","333","1e-04","0.0508","0.6969","55.902","0.3472","1e+07"
"xe","735","333","1e-04","0.715","0.0447","1.8004","0.1737","1e+07"
"xe","736","333","1e-04","0.2977","0.7569","35.0215","0.6509","1e+07"
"xe","737","333","1e-04","0.2835","0.5917","0.9928","2.0912","1e+07"
"xe","738","333","1e-04","0.8299","0.5101","0.2732","13.6262","1e+07"
"xe","739","333","1e-04","0.0864","0.4526","1.9192","1.0974","1e+07"
"xe","740","333","1e-04","0.0427","0.0255","0.7401","0.2828","1e+07"
"xe","741","333","1e-04","0.3487","0.9618","0.9991","6.2881","1e+07"
"xe","742","333","1e-04","0.5423","0.9876","1.4714","46.9737","1e+07"
"xe","743","333","1e-04","0.6095","0.6344","1.0155","1.4659","1e+07"
"xe","744","333","1e-04","0.2714","0.4255","0.2124","0.197","1e+07"
"xe","745","333","1e-04","0.2052","0.2666","0.1835","26.4019","1e+07"
"xe","746","333","1e-04","0.3816","0.0806","51.696","0.2261","1e+07"
"xe","747","333","1e-04","0.4726","0.3301","1.8459","19.6244","1e+07"
"xe","748","333","1e-04","0.8355","0.8941","0.1238","0.2392","1e+07"
"xe","749","333","1e-04","0.1215","0.3067","5.9932","36.6096","1e+07"
"xe","750","333","1e-04","0.6758","0.4024","2.0947","4.0767","1e+07"
"xe","751","333","1e-04","0.4967","0.5738","0.7346","6.1458","1e+07"
"xe","752","333","1e-04","0.9022","0.597","1.9129","38.8296","1e+07"
"xe","753","333","1e-04","0.5513","0.57","0.2502","40.0235","1e+07"
"xe","754","333","1e-04","0.1286","0.2181","2.5507","0.1504","1e+07"
"xe","755","333","1e-04","0.442","0.8201","0.1427","2.5614","1e+07"
"xe","756","333","1e-04","0.1923","0.0367","2.8223","1.0652","1e+07"
"xe","757","333","1e-04","0.4349","0.6256","1.1149","29.7654","1e+07"
"xe","758","333","1e-04","0.2251","0.4335","43.0359","3.8714","1e+07"
"xe","759","333","1e-04","0.9611","0.3569","74.5706","2.0498","1e+07"
"xe","760","333","1e-04","0.4484","0.7737","0.9596","0.1477","1e+07"
"xe","761","333","1e-04","0.7771","0.1735","0.7324","0.5538","1e+07"
"xe","762","333","1e-04","0.1582","0.4932","83.8988","1.5641","1e+07"
"xe","763","333","1e-04","0.8668","0.7372","0.6117","0.2156","1e+07"
"xe","764","333","1e-04","0.2061","0.511","26.2479","1.8402","1e+07"
"xe","765","333","1e-04","0.1779","0.4751","98.1479","0.5219","1e+07"
"xe","766","333","1e-04","0.1649","0.5879","37.5292","35.612","1e+07"
"xe","767","333","1e-04","0.5653","0.5725","0.119","0.4798","1e+07"
"xe","768","333","1e-04","0.7272","0.6549","0.1309","17.504","1e+07"
"xe","769","333","1e-04","0.8759","0.8651","4.6774","14.2284","1e+07"
"xe","770","333","1e-04","0.7084","0.3968","0.456","0.193","1e+07"
"xe","771","333","1e-04","0.4775","0.9601","17.3958","2.7395","1e+07"
"xe","772","333","1e-04","0.8203","0.3809","4.4193","0.2407","1e+07"
"xe","773","333","1e-04","0.0166","0.1701","0.8878","0.6205","1e+07"
"xe","774","333","1e-04","0.9961","0.2316","0.3932","0.4799","1e+07"
"xe","775","333","1e-04","0.6349","0.9499","44.177","0.3577","1e+07"
"xe","776","333","1e-04","0.4285","0.0835","0.3049","0.1127","1e+07"
"xe","777","333","1e-04","0.0284","0.193","23.3964","63.7472","1e+07"
"xe","778","333","1e-04","0.7533","0.0747","58.2472","0.2307","1e+07"
"xe","779","333","1e-04","0.2086","0.605","3.6625","1.6568","1e+07"
"xe","780","333","1e-04","0.9995","0.2158","0.1151","23.3079","1e+07"
"xe","781","333","1e-04","0.9072","0.588","0.2315","0.2078","1e+07"
"xe","782","333","1e-04","0.7125","0.2289","0.4581","1.0587","1e+07"
"xe","783","333","1e-04","0.7309","0.3909","7.592","1.0018","1e+07"
"xe","784","333","1e-04","0.4725","0.3479","14.1095","21.0478","1e+07"
"xe","785","333","1e-04","0.8625","0.9184","1.3261","4.0879","1e+07"
"xe","786","333","1e-04","0.1654","0.112","1.9499","22.9887","1e+07"
"xe","787","333","1e-04","0.6204","0.255","0.366","24.704","1e+07"
"xe","788","333","1e-04","0.2923","0.1866","0.3251","0.4696","1e+07"
"xe","789","333","1e-04","0.4561","0.7455","4.7903","2.5031","1e+07"
"xe","790","333","1e-04","0.0456","0.933","71.7823","0.9269","1e+07"
"xe","791","333","1e-04","0.1777","0.4947","14.3379","4.3012","1e+07"
"xe","792","333","1e-04","0.0579","0.645","6.8114","82.1691","1e+07"
"xe","793","333","1e-04","0.9444","0.1758","2.543","0.2805","1e+07"
"xe","794","333","1e-04","0.3427","0.603","0.1196","1.2332","1e+07"
"xe","795","333","1e-04","0.518","0.8878","25.4674","22.9784","1e+07"
"xe","796","333","1e-04","0.6252","0.4902","0.9741","5.7521","1e+07"
"xe","797","333","1e-04","0.2373","0.0184","0.1042","4.1626","1e+07"
"xe","798","333","1e-04","0.5161","0.1794","67.3831","41.8464","1e+07"
"xe","799","333","1e-04","0.8065","0.2994","20.4015","20.3367","1e+07"
"xe","800","333","1e-04","0.3483","0.277","84.8161","2.2517","1e+07"
"xe","801","333","1e-04","0.8587","0.0616","0.7112","65.639","1e+07"
"xe","802","333","1e-04","0.0344","0.3553","17.5697","4.7399","1e+07"
"xe","803","333","1e-04","0.971","0.577","6.8913","5.1642","1e+07"
"xe","804","333","1e-04","0.7451","0.535","3.4547","0.2099","1e+07"
"xe","805","333","1e-04","0.2733","0.6043","42.006","1.4665","1e+07"
"xe","806","333","1e-04","0.6771","0.4861","0.1096","85.5922","1e+07"
"xe","807","333","1e-04","0.3479","0.1316","4.6397","0.4617","1e+07"
"xe","808","333","1e-04","0.947","0.9646","59.1956","0.4573","1e+07"
"xe","809","333","1e-04","0.3386","0.7425","4.0391","0.7023","1e+07"
"xe","810","333","1e-04","0.0317","0.3668","0.4826","0.2279","1e+07"
"xe","811","333","1e-04","0.3536","0.1508","0.103","0.3471","1e+07"
"xe","812","333","1e-04","0.3871","0.2269","10.5737","0.7134","1e+07"
"xe","813","333","1e-04","0.3569","0.7451","0.2164","8.567","1e+07"
"xe","814","333","1e-04","0.96","0.0506","0.221","76.044","1e+07"
"xe","815","333","1e-04","0.3837","0.594","20.8618","0.1634","1e+07"
"xe","816","333","1e-04","0.5463","0.1533","15.063","0.1299","1e+07"
"xe","817","333","1e-04","0.9253","0.7628","0.1719","0.1322","1e+07"
"xe","818","333","1e-04","0.9169","0.9953","0.1036","1.7815","1e+07"
"xe","819","333","1e-04","0.2427","0.174","2.3216","0.5712","1e+07"
"xe","820","333","1e-04","0.7171","0.6191","92.6994","0.2117","1e+07"
"xe","821","333","1e-04","0.3489","0.538","7.2168","38.2506","1e+07"
"xe","822","333","1e-04","0.5543","0.8183","0.5154","0.2846","1e+07"
"xe","823","333","1e-04","0.743","0.3217","1.2162","4.4324","1e+07"
"xe","824","333","1e-04","0.8197","0.5823","16.8992","3.4054","1e+07"
"xe","825","333","1e-04","0.8697","0.0709","0.3908","0.8545","1e+07"
"xe","826","333","1e-04","0.0359","0.5706","0.1199","11.1927","1e+07"
"xe","827","333","1e-04","0.22","0.5607","0.1644","17.5922","1e+07"
"xe","828","333","1e-04","0.367","0.4342","5.5654","72.037","1e+07"
"xe","829","333","1e-04","0.3057","0.9619","6.4956","1.2242","1e+07"
"xe","830","333","1e-04","0.7278","0.7113","88.6778","1.0937","1e+07"
"xe","831","333","1e-04","0.6997","0.2585","0.1215","2.3051","1e+07"
"xe","832","333","1e-04","0.9101","0.9257","38.5848","10.1418","1e+07"
"xe","833","333","1e-04","0.8456","0.4208","0.3406","3.8661","1e+07"
"xe","834","333","1e-04","0.7785","0.8163","9.5251","0.102","1e+07"
"xe","835","333","1e-04","0.4008","0.7547","2.3267","38.5141","1e+07"
"xe","836","333","1e-04","0.5768","0.4121","0.8859","4.6844","1e+07"
"xe","837","333","1e-04","0.0764","0.5144","0.3174","50.7878","1e+07"
"xe","838","333","1e-04","0.873","0.5423","1.9483","70.9542","1e+07"
"xe","839","333","1e-04","0.9563","0.974","2.0225","50.177","1e+07"
"xe","840","333","1e-04","0.5055","0.0736","99.1836","12.0737","1e+07"
"xe","841","333","1e-04","0.9244","0.7695","26.0297","32.2605","1e+07"
"xe","842","333","1e-04","0.1345","0.8726","1.025","2.4523","1e+07"
"xe","843","333","1e-04","0.2387","0.9899","3.324","7.7143","1e+07"
"xe","844","333","1e-04","0.49","0.9651","0.7438","2.0764","1e+07"
"xe","845","333","1e-04","0.4741","0.6364","4.6107","81.2388","1e+07"
"xe","846","333","1e-04","0.435","0.0654","0.6277","0.6897","1e+07"
"xe","847","333","1e-04","0.0392","0.1284","68.4276","86.7773","1e+07"
"xe","848","333","1e-04","0.6443","0.4928","0.24","11.1886","1e+07"
"xe","849","333","1e-04","0.7156","0.6632","2.3284","52.9686","1e+07"
"xe","850","333","1e-04","0.3517","0.1894","9.1814","10.2314","1e+07"
"xe","851","333","1e-04","0.9466","0.1776","6.8716","1.7346","1e+07"
"xe","852","333","1e-04","0.7431","0.1156","5.0913","62.2528","1e+07"
"xe","853","333","1e-04","0.0508","0.157","0.1177","0.2802","1e+07"
"xe","854","333","1e-04","0.9804","0.8574","44.6849","0.1125","1e+07"
"xe","855","333","1e-04","0.2178","0.4249","3.4418","5.3642","1e+07"
"xe","856","333","1e-04","0.0362","0.8783","10.2847","3.3591","1e+07"
"xe","857","333","1e-04","0.2607","0.8248","0.4687","0.7381","1e+07"
"xe","858","333","1e-04","0.7204","0.9788","0.2033","0.6749","1e+07"
"xe","859","333","1e-04","0.2479","0.6345","0.2145","6.6837","1e+07"
"xe","860","333","1e-04","0.2349","0.6915","1.3418","1.4844","1e+07"
"xe","861","333","1e-04","0.021","0.7922","33.5545","0.7464","1e+07"
"xe","862","333","1e-04","0.2646","0.0342","4.1292","1.4382","1e+07"
"xe","863","333","1e-04","0.6918","0.82","2.98","29.1493","1e+07"
"xe","864","333","1e-04","0.0347","0.6876","91.9378","0.5","1e+07"
"xe","865","333","1e-04","0.0628","0.4318","30.4269","90.6055","1e+07"
"xe","866","333","1e-04","0.3977","0.2439","0.2754","7.02","1e+07"
"xe","867","333","1e-04","0.49","0.0081","0.3511","31.436","1e+07"
"xe","868","333","1e-04","0.631","0.4211","1.6662","0.5127","1e+07"
"xe","869","333","1e-04","0.7234","0.787","0.1058","20.5449","1e+07"
"xe","870","333","1e-04","0.0768","0.5956","22.8504","0.1501","1e+07"
"xe","871","333","1e-04","0.4214","0.985","4.9448","3.5051","1e+07"
"xe","872","333","1e-04","0.9737","0.528","0.6249","38.2858","1e+07"
"xe","873","333","1e-04","0.8138","0.5233","30.3137","90.4079","1e+07"
"xe","874","333","1e-04","0.2238","0.7864","0.9422","1.5498","1e+07"
"xe","875","333","1e-04","0.4897","0.0877","96.2919","2.5401","1e+07"
"xe","876","333","1e-04","0.0113","0.2561","0.523","1.828","1e+07"
"xe","877","333","1e-04","0.2586","0.3566","27.3865","55.8347","1e+07"
"xe","878","333","1e-04","0.4546","0.2491","0.1288","2.7986","1e+07"
"xe","879","333","1e-04","0.741","0.175","36.8622","67.1777","1e+07"
"xe","880","333","1e-04","0.9907","0.5729","0.1008","0.2358","1e+07"
"xe","881","333","1e-04","0.3322","0.4834","0.6413","4.9105","1e+07"
"xe","882","333","1e-04","0.9448","0.8099","2.419","15.621","1e+07"
"xe","883","333","1e-04","0.9619","0.7505","8.1979","0.1004","1e+07"
"xe","884","333","1e-04","0.8993","0.3474","0.1959","7.6748","1e+07"
"xe","885","333","1e-04","0.4927","0.8069","0.895","1.2947","1e+07"
"xe","886","333","1e-04","0.7849","0.2518","5.3385","0.1808","1e+07"
"xe","887","333","1e-04","0.8031","0.593","9.7842","10.6805","1e+07"
"xe","888","333","1e-04","0.6778","0.1562","23.6621","6.7216","1e+07"
"xe","889","333","1e-04","0.5813","0.1752","0.2264","0.1942","1e+07"
"xe","890","333","1e-04","0.3307","0.2264","0.4938","1.5729","1e+07"
"xe","891","333","1e-04","0.0013","0.792","1.1265","0.1972","1e+07"
"xe","892","333","1e-04","0.0658","0.3884","2.3714","24.1937","1e+07"
"xe","893","333","1e-04","0.086","0.9112","0.1647","28.3725","1e+07"
"xe","894","333","1e-04","0.0131","0.1218","0.5372","1.6408","1e+07"
"xe","895","333","1e-04","0.3357","0.9878","3.5873","0.1018","1e+07"
"xe","896","333","1e-04","0.1193","0.7553","3.1898","6.6949","1e+07"
"xe","897","333","1e-04","0.5936","0.3108","10.5582","5.9843","1e+07"
"xe","898","333","1e-04","0.0373","0.0199","0.3968","53.7616","1e+07"
"xe","899","333","1e-04","0.0096","0.6823","3.7056","1.52","1e+07"
"xe","900","333","1e-04","0.1616","0.4387","0.5507","78.091","1e+07"
"xe","901","333","1e-04","0.8319","0.8837","0.6089","0.5825","1e+07"
"xe","902","333","1e-04","0.7668","0.0742","25.3318","0.2644","1e+07"
"xe","903","333","1e-04","0.2728","0.4537","1.6483","3.765","1e+07"
"xe","904","333","1e-04","0.1882","0.888","0.6294","2.3025","1e+07"
"xe","905","333","1e-04","0.2258","0.7002","0.1415","3.6742","1e+07"
"xe","906","333","1e-04","0.062","0.3046","27.262","0.1808","1e+07"
"xe","907","333","1e-04","0.0599","0.5849","1.7211","6.2037","1e+07"
"xe","908","333","1e-04","0.1482","0.8705","5.8662","11.2343","1e+07"
"xe","909","333","1e-04","0.073","0.4465","0.1299","4.447","1e+07"
"xe","910","333","1e-04","0.0429","0.3374","0.7279","7.2557","1e+07"
"xe","911","333","1e-04","0.5225","0.5669","3.0303","0.7739","1e+07"
"xe","912","333","1e-04","0.7892","0.4158","0.7507","0.7137","1e+07"
"xe","913","333","1e-04","0.6948","0.8327","75.874","6.3966","1e+07"
"xe","914","333","1e-04","0.0666","0.1537","7.7351","0.3184","1e+07"
"xe","915","333","1e-04","0.018","0.6586","18.969","56.5147","1e+07"
"xe","916","333","1e-04","0.4422","0.001","0.4751","93.9142","1e+07"
"xe","917","333","1e-04","0.1576","0.3205","61.9581","17.4987","1e+07"
"xe","918","333","1e-04","0.7189","0.9501","43.0581","3.0034","1e+07"
"xe","919","333","1e-04","0.7039","0.0126","54.4331","62.868","1e+07"
"xe","920","333","1e-04","0.8852","0.0791","1.4828","7.0977","1e+07"
"xe","921","333","1e-04","0.3253","0.2133","1.2946","1.4966","1e+07"
"xe","922","333","1e-04","0.9709","0.9948","0.7528","0.3883","1e+07"
"xe","923","333","1e-04","0.9848","0.492","8.4266","14.4623","1e+07"
"xe","924","333","1e-04","0.0392","0.6276","1.4791","63.4624","1e+07"
"xe","925","333","1e-04","0.8936","0.006","0.1263","11.9655","1e+07"
"xe","926","333","1e-04","0.8224","0.2859","5.6486","46.3173","1e+07"
"xe","927","333","1e-04","0.7242","0.9865","27.7229","0.4853","1e+07"
"xe","928","333","1e-04","0.2889","0.7577","5.2101","4.3622","1e+07"
"xe","929","333","1e-04","0.5019","0.0683","0.5106","0.4178","1e+07"
"xe","930","333","1e-04","0.4283","0.8108","0.2192","4.0846","1e+07"
"xe","931","333","1e-04","0.61","0.1229","30.1693","80.8785","1e+07"
"xe","932","333","1e-04","0.9261","0.4099","66.057","25.6863","1e+07"
"xe","933","333","1e-04","0.2401","0.9275","0.1236","0.4094","1e+07"
"xe","934","333","1e-04","0.2719","0.5542","0.1329","1.592","1e+07"
"xe","935","333","1e-04","0.735","0.0143","41.9691","30.7167","1e+07"
"xe","936","333","1e-04","0.7515","0.9674","1.1394","2.1056","1e+07"
"xe","937","333","1e-04","0.9306","0.7701","0.8365","1.5317","1e+07"
"xe","938","333","1e-04","0.4627","0.08","41.072","0.1238","1e+07"
"xe","939","333","1e-04","0.8607","0.3654","58.7697","0.2556","1e+07"
"xe","940","333","1e-04","0.312","0.4804","2.9564","10.7536","1e+07"
"xe","941","333","1e-04","0.208","0.6758","2.9982","0.154","1e+07"
"xe","942","333","1e-04","0.9208","0.7864","0.359","98.3138","1e+07"
"xe","943","333","1e-04","0.0527","0.8101","0.6097","0.2196","1e+07"
"xe","944","333","1e-04","0.4112","0.0787","1.1085","7.5162","1e+07"
"xe","945","333","1e-04","0.4563","0.1689","11.8184","0.1193","1e+07"
"xe","946","333","1e-04","0.4159","0.0367","0.2637","0.1608","1e+07"
"xe","947","333","1e-04","0.6704","0.2401","2.6936","0.3673","1e+07"
"xe","948","333","1e-04","0.7569","0.9122","31.4673","25.1521","1e+07"
"xe","949","333","1e-04","0.9117","0.0014","0.6263","31.9501","1e+07"
"xe","950","333","1e-04","0.82","0.2273","21.1692","14.9301","1e+07"
"xe","951","333","1e-04","0.0936","0.1683","0.3602","0.6948","1e+07"
"xe","952","333","1e-04","0.1779","0.1498","1.4815","8.4861","1e+07"
"xe","953","333","1e-04","0.6422","0.6481","94.6401","75.2242","1e+07"
"xe","954","333","1e-04","0.8743","0.4856","0.2757","4.0863","1e+07"
"xe","955","333","1e-04","0.5923","0.6932","0.3262","1.9695","1e+07"
"xe","956","333","1e-04","0.2624","0.2897","0.25","14.8715","1e+07"
"xe","957","333","1e-04","0.8838","0.9787","13.6745","0.3329","1e+07"
"xe","958","333","1e-04","0.1877","0.2881","54.3945","0.9141","1e+07"
"xe","959","333","1e-04","0.4889","0.5258","1.7736","1.4586","1e+07"
"xe","960","333","1e-04","0.0098","0.0778","22.6207","0.1457","1e+07"
"xe","961","333","1e-04","0.3604","0.6786","0.2905","0.682","1e+07"
"xe","962","333","1e-04","0.4422","0.1819","0.1089","14.0075","1e+07"
"xe","963","333","1e-04","0.1257","0.5298","0.1765","0.9675","1e+07"
"xe","964","333","1e-04","0.6244","0.8017","3.6081","6.3733","1e+07"
"xe","965","333","1e-04","0.3024","0.3132","0.1603","3.7305","1e+07"
"xe","966","333","1e-04","0.2396","0.6913","27.0257","38.1634","1e+07"
"xe","967","333","1e-04","0.3586","0.773","0.1736","3.9656","1e+07"
"xe","968","333","1e-04","0.8929","0.2618","0.2912","0.2159","1e+07"
"xe","969","333","1e-04","0.9906","0.6788","0.1592","21.2657","1e+07"
"xe","970","333","1e-04","0.7324","0.9921","2.0471","0.1545","1e+07"
"xe","971","333","1e-04","0.9928","0.5515","18.2418","13.0574","1e+07"
"xe","972","333","1e-04","0.5398","0.9307","0.1088","0.1405","1e+07"
"xe","973","333","1e-04","0.4338","0.2074","1.6568","22.0775","1e+07"
"xe","974","333","1e-04","0.9647","0.23","1.7177","22.5122","1e+07"
"xe","975","333","1e-04","0.1483","0.484","85.43","4.547","1e+07"
"xe","976","333","1e-04","0.0665","0.4611","0.4616","36.7557","1e+07"
"xe","977","333","1e-04","0.0243","0.7827","16.2231","0.4262","1e+07"
"xe","978","333","1e-04","0.6124","6e-04","29.5978","0.49","1e+07"
"xe","979","333","1e-04","0.6966","0.7506","70.963","10.4769","1e+07"
"xe","980","333","1e-04","0.8011","0.8307","0.1975","2.1595","1e+07"
"xe","981","333","1e-04","0.1377","0.3147","11.9469","9.5542","1e+07"
"xe","982","333","1e-04","0.1598","0.712","0.7123","0.1712","1e+07"
"xe","983","333","1e-04","0.9888","0.2517","25.3061","1.0709","1e+07"
"xe","984","333","1e-04","0.3986","0.3093","31.2885","26.4463","1e+07"
"xe","985","333","1e-04","0.1879","0.696","10.9526","1.1141","1e+07"
"xe","986","333","1e-04","0.4777","0.4231","1.7706","0.1433","1e+07"
"xe","987","333","1e-04","0.5442","0.8529","1.0751","38.8909","1e+07"
"xe","988","333","1e-04","0.3282","0.5344","0.7774","4.6855","1e+07"
"xe","989","333","1e-04","0.9999","0.5482","29.2685","53.6866","1e+07"
"xe","990","333","1e-04","0.5278","0.8455","3.1816","19.226","1e+07"
"xe","991","333","1e-04","0.1337","0.377","3.0929","4.3314","1e+07"
"xe","992","333","1e-04","0.4385","0.166","1.239","2.7142","1e+07"
"xe","993","333","1e-04","0.6208","0.1892","35.3301","1.1023","1e+07"
"xe","994","333","1e-04","0.2029","0.8569","0.8722","5.0655","1e+07"
"xe","995","333","1e-04","0.1342","0.3375","0.4328","71.1717","1e+07"
"xe","996","333","1e-04","0.7768","0.775","5.7198","0.6083","1e+07"
"xe","997","333","1e-04","0.6359","0.0691","33.6589","0.2091","1e+07"
"xe","998","333","1e-04","0.2821","0.2409","0.2378","0.5771","1e+07"
"xe","999","333","1e-04","0.1913","0.2428","1.357","0.3489","1e+07"
"xe","1000","333","1e-04","0.2655","0.3871","10.3469","3.928","1e+07"
