"model","simID","Dispersal","Speciation","Generations","Mode"
"mt",1,5e-04,0.00012,4500,"PM"
"mt",2,5e-04,0.00012,4500,"PM"
"mt",3,5e-04,0.00012,4500,"PM"
"mt",4,5e-04,0.00012,4500,"PM"
"mt",5,5e-04,0.00012,4500,"PM"
"mt",6,5e-04,0.00012,4500,"PM"
"mt",7,5e-04,0.00012,4500,"PM"
"mt",8,5e-04,0.00012,4500,"PM"
"mt",9,5e-04,0.00012,4500,"PM"
"mt",10,5e-04,0.00012,4500,"PM"
"mt",11,5e-04,0.00023,4500,"PM"
"mt",12,5e-04,0.00023,4500,"PM"
"mt",13,5e-04,0.00023,4500,"PM"
"mt",14,5e-04,0.00023,4500,"PM"
"mt",15,5e-04,0.00023,4500,"PM"
"mt",16,5e-04,0.00023,4500,"PM"
"mt",17,5e-04,0.00023,4500,"PM"
"mt",18,5e-04,0.00023,4500,"PM"
"mt",19,5e-04,0.00023,4500,"PM"
"mt",20,5e-04,0.00023,4500,"PM"
"mt",21,5e-04,0.00034,4500,"PM"
"mt",22,5e-04,0.00034,4500,"PM"
"mt",23,5e-04,0.00034,4500,"PM"
"mt",24,5e-04,0.00034,4500,"PM"
"mt",25,5e-04,0.00034,4500,"PM"
"mt",26,5e-04,0.00034,4500,"PM"
"mt",27,5e-04,0.00034,4500,"PM"
"mt",28,5e-04,0.00034,4500,"PM"
"mt",29,5e-04,0.00034,4500,"PM"
"mt",30,5e-04,0.00034,4500,"PM"
"mt",31,5e-04,0.00045,4500,"PM"
"mt",32,5e-04,0.00045,4500,"PM"
"mt",33,5e-04,0.00045,4500,"PM"
"mt",34,5e-04,0.00045,4500,"PM"
"mt",35,5e-04,0.00045,4500,"PM"
"mt",36,5e-04,0.00045,4500,"PM"
"mt",37,5e-04,0.00045,4500,"PM"
"mt",38,5e-04,0.00045,4500,"PM"
"mt",39,5e-04,0.00045,4500,"PM"
"mt",40,5e-04,0.00045,4500,"PM"
"mt",41,5e-04,0.00056,4500,"PM"
"mt",42,5e-04,0.00056,4500,"PM"
"mt",43,5e-04,0.00056,4500,"PM"
"mt",44,5e-04,0.00056,4500,"PM"
"mt",45,5e-04,0.00056,4500,"PM"
"mt",46,5e-04,0.00056,4500,"PM"
"mt",47,5e-04,0.00056,4500,"PM"
"mt",48,5e-04,0.00056,4500,"PM"
"mt",49,5e-04,0.00056,4500,"PM"
"mt",50,5e-04,0.00056,4500,"PM"
"mt",51,5e-04,0.00067,4500,"PM"
"mt",52,5e-04,0.00067,4500,"PM"
"mt",53,5e-04,0.00067,4500,"PM"
"mt",54,5e-04,0.00067,4500,"PM"
"mt",55,5e-04,0.00067,4500,"PM"
"mt",56,5e-04,0.00067,4500,"PM"
"mt",57,5e-04,0.00067,4500,"PM"
"mt",58,5e-04,0.00067,4500,"PM"
"mt",59,5e-04,0.00067,4500,"PM"
"mt",60,5e-04,0.00067,4500,"PM"
"mt",61,5e-04,0.00078,4500,"PM"
"mt",62,5e-04,0.00078,4500,"PM"
"mt",63,5e-04,0.00078,4500,"PM"
"mt",64,5e-04,0.00078,4500,"PM"
"mt",65,5e-04,0.00078,4500,"PM"
"mt",66,5e-04,0.00078,4500,"PM"
"mt",67,5e-04,0.00078,4500,"PM"
"mt",68,5e-04,0.00078,4500,"PM"
"mt",69,5e-04,0.00078,4500,"PM"
"mt",70,5e-04,0.00078,4500,"PM"
"mt",71,5e-04,0.00089,4500,"PM"
"mt",72,5e-04,0.00089,4500,"PM"
"mt",73,5e-04,0.00089,4500,"PM"
"mt",74,5e-04,0.00089,4500,"PM"
"mt",75,5e-04,0.00089,4500,"PM"
"mt",76,5e-04,0.00089,4500,"PM"
"mt",77,5e-04,0.00089,4500,"PM"
"mt",78,5e-04,0.00089,4500,"PM"
"mt",79,5e-04,0.00089,4500,"PM"
"mt",80,5e-04,0.00089,4500,"PM"
"mt",81,5e-04,0.001,4500,"PM"
"mt",82,5e-04,0.001,4500,"PM"
"mt",83,5e-04,0.001,4500,"PM"
"mt",84,5e-04,0.001,4500,"PM"
"mt",85,5e-04,0.001,4500,"PM"
"mt",86,5e-04,0.001,4500,"PM"
"mt",87,5e-04,0.001,4500,"PM"
"mt",88,5e-04,0.001,4500,"PM"
"mt",89,5e-04,0.001,4500,"PM"
"mt",90,5e-04,0.001,4500,"PM"
"mt",91,5e-04,1e-05,4500,"PM"
"mt",92,5e-04,1e-05,4500,"PM"
"mt",93,5e-04,1e-05,4500,"PM"
"mt",94,5e-04,1e-05,4500,"PM"
"mt",95,5e-04,1e-05,4500,"PM"
"mt",96,5e-04,1e-05,4500,"PM"
"mt",97,5e-04,1e-05,4500,"PM"
"mt",98,5e-04,1e-05,4500,"PM"
"mt",99,5e-04,1e-05,4500,"PM"
"mt",100,5e-04,1e-05,4500,"PM"
"mt",101,0.006,0.00012,4500,"PM"
"mt",102,0.006,0.00012,4500,"PM"
"mt",103,0.006,0.00012,4500,"PM"
"mt",104,0.006,0.00012,4500,"PM"
"mt",105,0.006,0.00012,4500,"PM"
"mt",106,0.006,0.00012,4500,"PM"
"mt",107,0.006,0.00012,4500,"PM"
"mt",108,0.006,0.00012,4500,"PM"
"mt",109,0.006,0.00012,4500,"PM"
"mt",110,0.006,0.00012,4500,"PM"
"mt",111,0.006,0.00023,4500,"PM"
"mt",112,0.006,0.00023,4500,"PM"
"mt",113,0.006,0.00023,4500,"PM"
"mt",114,0.006,0.00023,4500,"PM"
"mt",115,0.006,0.00023,4500,"PM"
"mt",116,0.006,0.00023,4500,"PM"
"mt",117,0.006,0.00023,4500,"PM"
"mt",118,0.006,0.00023,4500,"PM"
"mt",119,0.006,0.00023,4500,"PM"
"mt",120,0.006,0.00023,4500,"PM"
"mt",121,0.006,0.00034,4500,"PM"
"mt",122,0.006,0.00034,4500,"PM"
"mt",123,0.006,0.00034,4500,"PM"
"mt",124,0.006,0.00034,4500,"PM"
"mt",125,0.006,0.00034,4500,"PM"
"mt",126,0.006,0.00034,4500,"PM"
"mt",127,0.006,0.00034,4500,"PM"
"mt",128,0.006,0.00034,4500,"PM"
"mt",129,0.006,0.00034,4500,"PM"
"mt",130,0.006,0.00034,4500,"PM"
"mt",131,0.006,0.00045,4500,"PM"
"mt",132,0.006,0.00045,4500,"PM"
"mt",133,0.006,0.00045,4500,"PM"
"mt",134,0.006,0.00045,4500,"PM"
"mt",135,0.006,0.00045,4500,"PM"
"mt",136,0.006,0.00045,4500,"PM"
"mt",137,0.006,0.00045,4500,"PM"
"mt",138,0.006,0.00045,4500,"PM"
"mt",139,0.006,0.00045,4500,"PM"
"mt",140,0.006,0.00045,4500,"PM"
"mt",141,0.006,0.00056,4500,"PM"
"mt",142,0.006,0.00056,4500,"PM"
"mt",143,0.006,0.00056,4500,"PM"
"mt",144,0.006,0.00056,4500,"PM"
"mt",145,0.006,0.00056,4500,"PM"
"mt",146,0.006,0.00056,4500,"PM"
"mt",147,0.006,0.00056,4500,"PM"
"mt",148,0.006,0.00056,4500,"PM"
"mt",149,0.006,0.00056,4500,"PM"
"mt",150,0.006,0.00056,4500,"PM"
"mt",151,0.006,0.00067,4500,"PM"
"mt",152,0.006,0.00067,4500,"PM"
"mt",153,0.006,0.00067,4500,"PM"
"mt",154,0.006,0.00067,4500,"PM"
"mt",155,0.006,0.00067,4500,"PM"
"mt",156,0.006,0.00067,4500,"PM"
"mt",157,0.006,0.00067,4500,"PM"
"mt",158,0.006,0.00067,4500,"PM"
"mt",159,0.006,0.00067,4500,"PM"
"mt",160,0.006,0.00067,4500,"PM"
"mt",161,0.006,0.00078,4500,"PM"
"mt",162,0.006,0.00078,4500,"PM"
"mt",163,0.006,0.00078,4500,"PM"
"mt",164,0.006,0.00078,4500,"PM"
"mt",165,0.006,0.00078,4500,"PM"
"mt",166,0.006,0.00078,4500,"PM"
"mt",167,0.006,0.00078,4500,"PM"
"mt",168,0.006,0.00078,4500,"PM"
"mt",169,0.006,0.00078,4500,"PM"
"mt",170,0.006,0.00078,4500,"PM"
"mt",171,0.006,0.00089,4500,"PM"
"mt",172,0.006,0.00089,4500,"PM"
"mt",173,0.006,0.00089,4500,"PM"
"mt",174,0.006,0.00089,4500,"PM"
"mt",175,0.006,0.00089,4500,"PM"
"mt",176,0.006,0.00089,4500,"PM"
"mt",177,0.006,0.00089,4500,"PM"
"mt",178,0.006,0.00089,4500,"PM"
"mt",179,0.006,0.00089,4500,"PM"
"mt",180,0.006,0.00089,4500,"PM"
"mt",181,0.006,0.001,4500,"PM"
"mt",182,0.006,0.001,4500,"PM"
"mt",183,0.006,0.001,4500,"PM"
"mt",184,0.006,0.001,4500,"PM"
"mt",185,0.006,0.001,4500,"PM"
"mt",186,0.006,0.001,4500,"PM"
"mt",187,0.006,0.001,4500,"PM"
"mt",188,0.006,0.001,4500,"PM"
"mt",189,0.006,0.001,4500,"PM"
"mt",190,0.006,0.001,4500,"PM"
"mt",191,0.006,1e-05,4500,"PM"
"mt",192,0.006,1e-05,4500,"PM"
"mt",193,0.006,1e-05,4500,"PM"
"mt",194,0.006,1e-05,4500,"PM"
"mt",195,0.006,1e-05,4500,"PM"
"mt",196,0.006,1e-05,4500,"PM"
"mt",197,0.006,1e-05,4500,"PM"
"mt",198,0.006,1e-05,4500,"PM"
"mt",199,0.006,1e-05,4500,"PM"
"mt",200,0.006,1e-05,4500,"PM"
"mt",201,0.0115,0.00012,4500,"PM"
"mt",202,0.0115,0.00012,4500,"PM"
"mt",203,0.0115,0.00012,4500,"PM"
"mt",204,0.0115,0.00012,4500,"PM"
"mt",205,0.0115,0.00012,4500,"PM"
"mt",206,0.0115,0.00012,4500,"PM"
"mt",207,0.0115,0.00012,4500,"PM"
"mt",208,0.0115,0.00012,4500,"PM"
"mt",209,0.0115,0.00012,4500,"PM"
"mt",210,0.0115,0.00012,4500,"PM"
"mt",211,0.0115,0.00023,4500,"PM"
"mt",212,0.0115,0.00023,4500,"PM"
"mt",213,0.0115,0.00023,4500,"PM"
"mt",214,0.0115,0.00023,4500,"PM"
"mt",215,0.0115,0.00023,4500,"PM"
"mt",216,0.0115,0.00023,4500,"PM"
"mt",217,0.0115,0.00023,4500,"PM"
"mt",218,0.0115,0.00023,4500,"PM"
"mt",219,0.0115,0.00023,4500,"PM"
"mt",220,0.0115,0.00023,4500,"PM"
"mt",221,0.0115,0.00034,4500,"PM"
"mt",222,0.0115,0.00034,4500,"PM"
"mt",223,0.0115,0.00034,4500,"PM"
"mt",224,0.0115,0.00034,4500,"PM"
"mt",225,0.0115,0.00034,4500,"PM"
"mt",226,0.0115,0.00034,4500,"PM"
"mt",227,0.0115,0.00034,4500,"PM"
"mt",228,0.0115,0.00034,4500,"PM"
"mt",229,0.0115,0.00034,4500,"PM"
"mt",230,0.0115,0.00034,4500,"PM"
"mt",231,0.0115,0.00045,4500,"PM"
"mt",232,0.0115,0.00045,4500,"PM"
"mt",233,0.0115,0.00045,4500,"PM"
"mt",234,0.0115,0.00045,4500,"PM"
"mt",235,0.0115,0.00045,4500,"PM"
"mt",236,0.0115,0.00045,4500,"PM"
"mt",237,0.0115,0.00045,4500,"PM"
"mt",238,0.0115,0.00045,4500,"PM"
"mt",239,0.0115,0.00045,4500,"PM"
"mt",240,0.0115,0.00045,4500,"PM"
"mt",241,0.0115,0.00056,4500,"PM"
"mt",242,0.0115,0.00056,4500,"PM"
"mt",243,0.0115,0.00056,4500,"PM"
"mt",244,0.0115,0.00056,4500,"PM"
"mt",245,0.0115,0.00056,4500,"PM"
"mt",246,0.0115,0.00056,4500,"PM"
"mt",247,0.0115,0.00056,4500,"PM"
"mt",248,0.0115,0.00056,4500,"PM"
"mt",249,0.0115,0.00056,4500,"PM"
"mt",250,0.0115,0.00056,4500,"PM"
"mt",251,0.0115,0.00067,4500,"PM"
"mt",252,0.0115,0.00067,4500,"PM"
"mt",253,0.0115,0.00067,4500,"PM"
"mt",254,0.0115,0.00067,4500,"PM"
"mt",255,0.0115,0.00067,4500,"PM"
"mt",256,0.0115,0.00067,4500,"PM"
"mt",257,0.0115,0.00067,4500,"PM"
"mt",258,0.0115,0.00067,4500,"PM"
"mt",259,0.0115,0.00067,4500,"PM"
"mt",260,0.0115,0.00067,4500,"PM"
"mt",261,0.0115,0.00078,4500,"PM"
"mt",262,0.0115,0.00078,4500,"PM"
"mt",263,0.0115,0.00078,4500,"PM"
"mt",264,0.0115,0.00078,4500,"PM"
"mt",265,0.0115,0.00078,4500,"PM"
"mt",266,0.0115,0.00078,4500,"PM"
"mt",267,0.0115,0.00078,4500,"PM"
"mt",268,0.0115,0.00078,4500,"PM"
"mt",269,0.0115,0.00078,4500,"PM"
"mt",270,0.0115,0.00078,4500,"PM"
"mt",271,0.0115,0.00089,4500,"PM"
"mt",272,0.0115,0.00089,4500,"PM"
"mt",273,0.0115,0.00089,4500,"PM"
"mt",274,0.0115,0.00089,4500,"PM"
"mt",275,0.0115,0.00089,4500,"PM"
"mt",276,0.0115,0.00089,4500,"PM"
"mt",277,0.0115,0.00089,4500,"PM"
"mt",278,0.0115,0.00089,4500,"PM"
"mt",279,0.0115,0.00089,4500,"PM"
"mt",280,0.0115,0.00089,4500,"PM"
"mt",281,0.0115,0.001,4500,"PM"
"mt",282,0.0115,0.001,4500,"PM"
"mt",283,0.0115,0.001,4500,"PM"
"mt",284,0.0115,0.001,4500,"PM"
"mt",285,0.0115,0.001,4500,"PM"
"mt",286,0.0115,0.001,4500,"PM"
"mt",287,0.0115,0.001,4500,"PM"
"mt",288,0.0115,0.001,4500,"PM"
"mt",289,0.0115,0.001,4500,"PM"
"mt",290,0.0115,0.001,4500,"PM"
"mt",291,0.0115,1e-05,4500,"PM"
"mt",292,0.0115,1e-05,4500,"PM"
"mt",293,0.0115,1e-05,4500,"PM"
"mt",294,0.0115,1e-05,4500,"PM"
"mt",295,0.0115,1e-05,4500,"PM"
"mt",296,0.0115,1e-05,4500,"PM"
"mt",297,0.0115,1e-05,4500,"PM"
"mt",298,0.0115,1e-05,4500,"PM"
"mt",299,0.0115,1e-05,4500,"PM"
"mt",300,0.0115,1e-05,4500,"PM"
"mt",301,0.017,0.00012,4500,"PM"
"mt",302,0.017,0.00012,4500,"PM"
"mt",303,0.017,0.00012,4500,"PM"
"mt",304,0.017,0.00012,4500,"PM"
"mt",305,0.017,0.00012,4500,"PM"
"mt",306,0.017,0.00012,4500,"PM"
"mt",307,0.017,0.00012,4500,"PM"
"mt",308,0.017,0.00012,4500,"PM"
"mt",309,0.017,0.00012,4500,"PM"
"mt",310,0.017,0.00012,4500,"PM"
"mt",311,0.017,0.00023,4500,"PM"
"mt",312,0.017,0.00023,4500,"PM"
"mt",313,0.017,0.00023,4500,"PM"
"mt",314,0.017,0.00023,4500,"PM"
"mt",315,0.017,0.00023,4500,"PM"
"mt",316,0.017,0.00023,4500,"PM"
"mt",317,0.017,0.00023,4500,"PM"
"mt",318,0.017,0.00023,4500,"PM"
"mt",319,0.017,0.00023,4500,"PM"
"mt",320,0.017,0.00023,4500,"PM"
"mt",321,0.017,0.00034,4500,"PM"
"mt",322,0.017,0.00034,4500,"PM"
"mt",323,0.017,0.00034,4500,"PM"
"mt",324,0.017,0.00034,4500,"PM"
"mt",325,0.017,0.00034,4500,"PM"
"mt",326,0.017,0.00034,4500,"PM"
"mt",327,0.017,0.00034,4500,"PM"
"mt",328,0.017,0.00034,4500,"PM"
"mt",329,0.017,0.00034,4500,"PM"
"mt",330,0.017,0.00034,4500,"PM"
"mt",331,0.017,0.00045,4500,"PM"
"mt",332,0.017,0.00045,4500,"PM"
"mt",333,0.017,0.00045,4500,"PM"
"mt",334,0.017,0.00045,4500,"PM"
"mt",335,0.017,0.00045,4500,"PM"
"mt",336,0.017,0.00045,4500,"PM"
"mt",337,0.017,0.00045,4500,"PM"
"mt",338,0.017,0.00045,4500,"PM"
"mt",339,0.017,0.00045,4500,"PM"
"mt",340,0.017,0.00045,4500,"PM"
"mt",341,0.017,0.00056,4500,"PM"
"mt",342,0.017,0.00056,4500,"PM"
"mt",343,0.017,0.00056,4500,"PM"
"mt",344,0.017,0.00056,4500,"PM"
"mt",345,0.017,0.00056,4500,"PM"
"mt",346,0.017,0.00056,4500,"PM"
"mt",347,0.017,0.00056,4500,"PM"
"mt",348,0.017,0.00056,4500,"PM"
"mt",349,0.017,0.00056,4500,"PM"
"mt",350,0.017,0.00056,4500,"PM"
"mt",351,0.017,0.00067,4500,"PM"
"mt",352,0.017,0.00067,4500,"PM"
"mt",353,0.017,0.00067,4500,"PM"
"mt",354,0.017,0.00067,4500,"PM"
"mt",355,0.017,0.00067,4500,"PM"
"mt",356,0.017,0.00067,4500,"PM"
"mt",357,0.017,0.00067,4500,"PM"
"mt",358,0.017,0.00067,4500,"PM"
"mt",359,0.017,0.00067,4500,"PM"
"mt",360,0.017,0.00067,4500,"PM"
"mt",361,0.017,0.00078,4500,"PM"
"mt",362,0.017,0.00078,4500,"PM"
"mt",363,0.017,0.00078,4500,"PM"
"mt",364,0.017,0.00078,4500,"PM"
"mt",365,0.017,0.00078,4500,"PM"
"mt",366,0.017,0.00078,4500,"PM"
"mt",367,0.017,0.00078,4500,"PM"
"mt",368,0.017,0.00078,4500,"PM"
"mt",369,0.017,0.00078,4500,"PM"
"mt",370,0.017,0.00078,4500,"PM"
"mt",371,0.017,0.00089,4500,"PM"
"mt",372,0.017,0.00089,4500,"PM"
"mt",373,0.017,0.00089,4500,"PM"
"mt",374,0.017,0.00089,4500,"PM"
"mt",375,0.017,0.00089,4500,"PM"
"mt",376,0.017,0.00089,4500,"PM"
"mt",377,0.017,0.00089,4500,"PM"
"mt",378,0.017,0.00089,4500,"PM"
"mt",379,0.017,0.00089,4500,"PM"
"mt",380,0.017,0.00089,4500,"PM"
"mt",381,0.017,0.001,4500,"PM"
"mt",382,0.017,0.001,4500,"PM"
"mt",383,0.017,0.001,4500,"PM"
"mt",384,0.017,0.001,4500,"PM"
"mt",385,0.017,0.001,4500,"PM"
"mt",386,0.017,0.001,4500,"PM"
"mt",387,0.017,0.001,4500,"PM"
"mt",388,0.017,0.001,4500,"PM"
"mt",389,0.017,0.001,4500,"PM"
"mt",390,0.017,0.001,4500,"PM"
"mt",391,0.017,1e-05,4500,"PM"
"mt",392,0.017,1e-05,4500,"PM"
"mt",393,0.017,1e-05,4500,"PM"
"mt",394,0.017,1e-05,4500,"PM"
"mt",395,0.017,1e-05,4500,"PM"
"mt",396,0.017,1e-05,4500,"PM"
"mt",397,0.017,1e-05,4500,"PM"
"mt",398,0.017,1e-05,4500,"PM"
"mt",399,0.017,1e-05,4500,"PM"
"mt",400,0.017,1e-05,4500,"PM"
"mt",401,0.0225,0.00012,4500,"PM"
"mt",402,0.0225,0.00012,4500,"PM"
"mt",403,0.0225,0.00012,4500,"PM"
"mt",404,0.0225,0.00012,4500,"PM"
"mt",405,0.0225,0.00012,4500,"PM"
"mt",406,0.0225,0.00012,4500,"PM"
"mt",407,0.0225,0.00012,4500,"PM"
"mt",408,0.0225,0.00012,4500,"PM"
"mt",409,0.0225,0.00012,4500,"PM"
"mt",410,0.0225,0.00012,4500,"PM"
"mt",411,0.0225,0.00023,4500,"PM"
"mt",412,0.0225,0.00023,4500,"PM"
"mt",413,0.0225,0.00023,4500,"PM"
"mt",414,0.0225,0.00023,4500,"PM"
"mt",415,0.0225,0.00023,4500,"PM"
"mt",416,0.0225,0.00023,4500,"PM"
"mt",417,0.0225,0.00023,4500,"PM"
"mt",418,0.0225,0.00023,4500,"PM"
"mt",419,0.0225,0.00023,4500,"PM"
"mt",420,0.0225,0.00023,4500,"PM"
"mt",421,0.0225,0.00034,4500,"PM"
"mt",422,0.0225,0.00034,4500,"PM"
"mt",423,0.0225,0.00034,4500,"PM"
"mt",424,0.0225,0.00034,4500,"PM"
"mt",425,0.0225,0.00034,4500,"PM"
"mt",426,0.0225,0.00034,4500,"PM"
"mt",427,0.0225,0.00034,4500,"PM"
"mt",428,0.0225,0.00034,4500,"PM"
"mt",429,0.0225,0.00034,4500,"PM"
"mt",430,0.0225,0.00034,4500,"PM"
"mt",431,0.0225,0.00045,4500,"PM"
"mt",432,0.0225,0.00045,4500,"PM"
"mt",433,0.0225,0.00045,4500,"PM"
"mt",434,0.0225,0.00045,4500,"PM"
"mt",435,0.0225,0.00045,4500,"PM"
"mt",436,0.0225,0.00045,4500,"PM"
"mt",437,0.0225,0.00045,4500,"PM"
"mt",438,0.0225,0.00045,4500,"PM"
"mt",439,0.0225,0.00045,4500,"PM"
"mt",440,0.0225,0.00045,4500,"PM"
"mt",441,0.0225,0.00056,4500,"PM"
"mt",442,0.0225,0.00056,4500,"PM"
"mt",443,0.0225,0.00056,4500,"PM"
"mt",444,0.0225,0.00056,4500,"PM"
"mt",445,0.0225,0.00056,4500,"PM"
"mt",446,0.0225,0.00056,4500,"PM"
"mt",447,0.0225,0.00056,4500,"PM"
"mt",448,0.0225,0.00056,4500,"PM"
"mt",449,0.0225,0.00056,4500,"PM"
"mt",450,0.0225,0.00056,4500,"PM"
"mt",451,0.0225,0.00067,4500,"PM"
"mt",452,0.0225,0.00067,4500,"PM"
"mt",453,0.0225,0.00067,4500,"PM"
"mt",454,0.0225,0.00067,4500,"PM"
"mt",455,0.0225,0.00067,4500,"PM"
"mt",456,0.0225,0.00067,4500,"PM"
"mt",457,0.0225,0.00067,4500,"PM"
"mt",458,0.0225,0.00067,4500,"PM"
"mt",459,0.0225,0.00067,4500,"PM"
"mt",460,0.0225,0.00067,4500,"PM"
"mt",461,0.0225,0.00078,4500,"PM"
"mt",462,0.0225,0.00078,4500,"PM"
"mt",463,0.0225,0.00078,4500,"PM"
"mt",464,0.0225,0.00078,4500,"PM"
"mt",465,0.0225,0.00078,4500,"PM"
"mt",466,0.0225,0.00078,4500,"PM"
"mt",467,0.0225,0.00078,4500,"PM"
"mt",468,0.0225,0.00078,4500,"PM"
"mt",469,0.0225,0.00078,4500,"PM"
"mt",470,0.0225,0.00078,4500,"PM"
"mt",471,0.0225,0.00089,4500,"PM"
"mt",472,0.0225,0.00089,4500,"PM"
"mt",473,0.0225,0.00089,4500,"PM"
"mt",474,0.0225,0.00089,4500,"PM"
"mt",475,0.0225,0.00089,4500,"PM"
"mt",476,0.0225,0.00089,4500,"PM"
"mt",477,0.0225,0.00089,4500,"PM"
"mt",478,0.0225,0.00089,4500,"PM"
"mt",479,0.0225,0.00089,4500,"PM"
"mt",480,0.0225,0.00089,4500,"PM"
"mt",481,0.0225,0.001,4500,"PM"
"mt",482,0.0225,0.001,4500,"PM"
"mt",483,0.0225,0.001,4500,"PM"
"mt",484,0.0225,0.001,4500,"PM"
"mt",485,0.0225,0.001,4500,"PM"
"mt",486,0.0225,0.001,4500,"PM"
"mt",487,0.0225,0.001,4500,"PM"
"mt",488,0.0225,0.001,4500,"PM"
"mt",489,0.0225,0.001,4500,"PM"
"mt",490,0.0225,0.001,4500,"PM"
"mt",491,0.0225,1e-05,4500,"PM"
"mt",492,0.0225,1e-05,4500,"PM"
"mt",493,0.0225,1e-05,4500,"PM"
"mt",494,0.0225,1e-05,4500,"PM"
"mt",495,0.0225,1e-05,4500,"PM"
"mt",496,0.0225,1e-05,4500,"PM"
"mt",497,0.0225,1e-05,4500,"PM"
"mt",498,0.0225,1e-05,4500,"PM"
"mt",499,0.0225,1e-05,4500,"PM"
"mt",500,0.0225,1e-05,4500,"PM"
"mt",501,0.028,0.00012,4500,"PM"
"mt",502,0.028,0.00012,4500,"PM"
"mt",503,0.028,0.00012,4500,"PM"
"mt",504,0.028,0.00012,4500,"PM"
"mt",505,0.028,0.00012,4500,"PM"
"mt",506,0.028,0.00012,4500,"PM"
"mt",507,0.028,0.00012,4500,"PM"
"mt",508,0.028,0.00012,4500,"PM"
"mt",509,0.028,0.00012,4500,"PM"
"mt",510,0.028,0.00012,4500,"PM"
"mt",511,0.028,0.00023,4500,"PM"
"mt",512,0.028,0.00023,4500,"PM"
"mt",513,0.028,0.00023,4500,"PM"
"mt",514,0.028,0.00023,4500,"PM"
"mt",515,0.028,0.00023,4500,"PM"
"mt",516,0.028,0.00023,4500,"PM"
"mt",517,0.028,0.00023,4500,"PM"
"mt",518,0.028,0.00023,4500,"PM"
"mt",519,0.028,0.00023,4500,"PM"
"mt",520,0.028,0.00023,4500,"PM"
"mt",521,0.028,0.00034,4500,"PM"
"mt",522,0.028,0.00034,4500,"PM"
"mt",523,0.028,0.00034,4500,"PM"
"mt",524,0.028,0.00034,4500,"PM"
"mt",525,0.028,0.00034,4500,"PM"
"mt",526,0.028,0.00034,4500,"PM"
"mt",527,0.028,0.00034,4500,"PM"
"mt",528,0.028,0.00034,4500,"PM"
"mt",529,0.028,0.00034,4500,"PM"
"mt",530,0.028,0.00034,4500,"PM"
"mt",531,0.028,0.00045,4500,"PM"
"mt",532,0.028,0.00045,4500,"PM"
"mt",533,0.028,0.00045,4500,"PM"
"mt",534,0.028,0.00045,4500,"PM"
"mt",535,0.028,0.00045,4500,"PM"
"mt",536,0.028,0.00045,4500,"PM"
"mt",537,0.028,0.00045,4500,"PM"
"mt",538,0.028,0.00045,4500,"PM"
"mt",539,0.028,0.00045,4500,"PM"
"mt",540,0.028,0.00045,4500,"PM"
"mt",541,0.028,0.00056,4500,"PM"
"mt",542,0.028,0.00056,4500,"PM"
"mt",543,0.028,0.00056,4500,"PM"
"mt",544,0.028,0.00056,4500,"PM"
"mt",545,0.028,0.00056,4500,"PM"
"mt",546,0.028,0.00056,4500,"PM"
"mt",547,0.028,0.00056,4500,"PM"
"mt",548,0.028,0.00056,4500,"PM"
"mt",549,0.028,0.00056,4500,"PM"
"mt",550,0.028,0.00056,4500,"PM"
"mt",551,0.028,0.00067,4500,"PM"
"mt",552,0.028,0.00067,4500,"PM"
"mt",553,0.028,0.00067,4500,"PM"
"mt",554,0.028,0.00067,4500,"PM"
"mt",555,0.028,0.00067,4500,"PM"
"mt",556,0.028,0.00067,4500,"PM"
"mt",557,0.028,0.00067,4500,"PM"
"mt",558,0.028,0.00067,4500,"PM"
"mt",559,0.028,0.00067,4500,"PM"
"mt",560,0.028,0.00067,4500,"PM"
"mt",561,0.028,0.00078,4500,"PM"
"mt",562,0.028,0.00078,4500,"PM"
"mt",563,0.028,0.00078,4500,"PM"
"mt",564,0.028,0.00078,4500,"PM"
"mt",565,0.028,0.00078,4500,"PM"
"mt",566,0.028,0.00078,4500,"PM"
"mt",567,0.028,0.00078,4500,"PM"
"mt",568,0.028,0.00078,4500,"PM"
"mt",569,0.028,0.00078,4500,"PM"
"mt",570,0.028,0.00078,4500,"PM"
"mt",571,0.028,0.00089,4500,"PM"
"mt",572,0.028,0.00089,4500,"PM"
"mt",573,0.028,0.00089,4500,"PM"
"mt",574,0.028,0.00089,4500,"PM"
"mt",575,0.028,0.00089,4500,"PM"
"mt",576,0.028,0.00089,4500,"PM"
"mt",577,0.028,0.00089,4500,"PM"
"mt",578,0.028,0.00089,4500,"PM"
"mt",579,0.028,0.00089,4500,"PM"
"mt",580,0.028,0.00089,4500,"PM"
"mt",581,0.028,0.001,4500,"PM"
"mt",582,0.028,0.001,4500,"PM"
"mt",583,0.028,0.001,4500,"PM"
"mt",584,0.028,0.001,4500,"PM"
"mt",585,0.028,0.001,4500,"PM"
"mt",586,0.028,0.001,4500,"PM"
"mt",587,0.028,0.001,4500,"PM"
"mt",588,0.028,0.001,4500,"PM"
"mt",589,0.028,0.001,4500,"PM"
"mt",590,0.028,0.001,4500,"PM"
"mt",591,0.028,1e-05,4500,"PM"
"mt",592,0.028,1e-05,4500,"PM"
"mt",593,0.028,1e-05,4500,"PM"
"mt",594,0.028,1e-05,4500,"PM"
"mt",595,0.028,1e-05,4500,"PM"
"mt",596,0.028,1e-05,4500,"PM"
"mt",597,0.028,1e-05,4500,"PM"
"mt",598,0.028,1e-05,4500,"PM"
"mt",599,0.028,1e-05,4500,"PM"
"mt",600,0.028,1e-05,4500,"PM"
"mt",601,0.0335,0.00012,4500,"PM"
"mt",602,0.0335,0.00012,4500,"PM"
"mt",603,0.0335,0.00012,4500,"PM"
"mt",604,0.0335,0.00012,4500,"PM"
"mt",605,0.0335,0.00012,4500,"PM"
"mt",606,0.0335,0.00012,4500,"PM"
"mt",607,0.0335,0.00012,4500,"PM"
"mt",608,0.0335,0.00012,4500,"PM"
"mt",609,0.0335,0.00012,4500,"PM"
"mt",610,0.0335,0.00012,4500,"PM"
"mt",611,0.0335,0.00023,4500,"PM"
"mt",612,0.0335,0.00023,4500,"PM"
"mt",613,0.0335,0.00023,4500,"PM"
"mt",614,0.0335,0.00023,4500,"PM"
"mt",615,0.0335,0.00023,4500,"PM"
"mt",616,0.0335,0.00023,4500,"PM"
"mt",617,0.0335,0.00023,4500,"PM"
"mt",618,0.0335,0.00023,4500,"PM"
"mt",619,0.0335,0.00023,4500,"PM"
"mt",620,0.0335,0.00023,4500,"PM"
"mt",621,0.0335,0.00034,4500,"PM"
"mt",622,0.0335,0.00034,4500,"PM"
"mt",623,0.0335,0.00034,4500,"PM"
"mt",624,0.0335,0.00034,4500,"PM"
"mt",625,0.0335,0.00034,4500,"PM"
"mt",626,0.0335,0.00034,4500,"PM"
"mt",627,0.0335,0.00034,4500,"PM"
"mt",628,0.0335,0.00034,4500,"PM"
"mt",629,0.0335,0.00034,4500,"PM"
"mt",630,0.0335,0.00034,4500,"PM"
"mt",631,0.0335,0.00045,4500,"PM"
"mt",632,0.0335,0.00045,4500,"PM"
"mt",633,0.0335,0.00045,4500,"PM"
"mt",634,0.0335,0.00045,4500,"PM"
"mt",635,0.0335,0.00045,4500,"PM"
"mt",636,0.0335,0.00045,4500,"PM"
"mt",637,0.0335,0.00045,4500,"PM"
"mt",638,0.0335,0.00045,4500,"PM"
"mt",639,0.0335,0.00045,4500,"PM"
"mt",640,0.0335,0.00045,4500,"PM"
"mt",641,0.0335,0.00056,4500,"PM"
"mt",642,0.0335,0.00056,4500,"PM"
"mt",643,0.0335,0.00056,4500,"PM"
"mt",644,0.0335,0.00056,4500,"PM"
"mt",645,0.0335,0.00056,4500,"PM"
"mt",646,0.0335,0.00056,4500,"PM"
"mt",647,0.0335,0.00056,4500,"PM"
"mt",648,0.0335,0.00056,4500,"PM"
"mt",649,0.0335,0.00056,4500,"PM"
"mt",650,0.0335,0.00056,4500,"PM"
"mt",651,0.0335,0.00067,4500,"PM"
"mt",652,0.0335,0.00067,4500,"PM"
"mt",653,0.0335,0.00067,4500,"PM"
"mt",654,0.0335,0.00067,4500,"PM"
"mt",655,0.0335,0.00067,4500,"PM"
"mt",656,0.0335,0.00067,4500,"PM"
"mt",657,0.0335,0.00067,4500,"PM"
"mt",658,0.0335,0.00067,4500,"PM"
"mt",659,0.0335,0.00067,4500,"PM"
"mt",660,0.0335,0.00067,4500,"PM"
"mt",661,0.0335,0.00078,4500,"PM"
"mt",662,0.0335,0.00078,4500,"PM"
"mt",663,0.0335,0.00078,4500,"PM"
"mt",664,0.0335,0.00078,4500,"PM"
"mt",665,0.0335,0.00078,4500,"PM"
"mt",666,0.0335,0.00078,4500,"PM"
"mt",667,0.0335,0.00078,4500,"PM"
"mt",668,0.0335,0.00078,4500,"PM"
"mt",669,0.0335,0.00078,4500,"PM"
"mt",670,0.0335,0.00078,4500,"PM"
"mt",671,0.0335,0.00089,4500,"PM"
"mt",672,0.0335,0.00089,4500,"PM"
"mt",673,0.0335,0.00089,4500,"PM"
"mt",674,0.0335,0.00089,4500,"PM"
"mt",675,0.0335,0.00089,4500,"PM"
"mt",676,0.0335,0.00089,4500,"PM"
"mt",677,0.0335,0.00089,4500,"PM"
"mt",678,0.0335,0.00089,4500,"PM"
"mt",679,0.0335,0.00089,4500,"PM"
"mt",680,0.0335,0.00089,4500,"PM"
"mt",681,0.0335,0.001,4500,"PM"
"mt",682,0.0335,0.001,4500,"PM"
"mt",683,0.0335,0.001,4500,"PM"
"mt",684,0.0335,0.001,4500,"PM"
"mt",685,0.0335,0.001,4500,"PM"
"mt",686,0.0335,0.001,4500,"PM"
"mt",687,0.0335,0.001,4500,"PM"
"mt",688,0.0335,0.001,4500,"PM"
"mt",689,0.0335,0.001,4500,"PM"
"mt",690,0.0335,0.001,4500,"PM"
"mt",691,0.0335,1e-05,4500,"PM"
"mt",692,0.0335,1e-05,4500,"PM"
"mt",693,0.0335,1e-05,4500,"PM"
"mt",694,0.0335,1e-05,4500,"PM"
"mt",695,0.0335,1e-05,4500,"PM"
"mt",696,0.0335,1e-05,4500,"PM"
"mt",697,0.0335,1e-05,4500,"PM"
"mt",698,0.0335,1e-05,4500,"PM"
"mt",699,0.0335,1e-05,4500,"PM"
"mt",700,0.0335,1e-05,4500,"PM"
"mt",701,0.039,0.00012,4500,"PM"
"mt",702,0.039,0.00012,4500,"PM"
"mt",703,0.039,0.00012,4500,"PM"
"mt",704,0.039,0.00012,4500,"PM"
"mt",705,0.039,0.00012,4500,"PM"
"mt",706,0.039,0.00012,4500,"PM"
"mt",707,0.039,0.00012,4500,"PM"
"mt",708,0.039,0.00012,4500,"PM"
"mt",709,0.039,0.00012,4500,"PM"
"mt",710,0.039,0.00012,4500,"PM"
"mt",711,0.039,0.00023,4500,"PM"
"mt",712,0.039,0.00023,4500,"PM"
"mt",713,0.039,0.00023,4500,"PM"
"mt",714,0.039,0.00023,4500,"PM"
"mt",715,0.039,0.00023,4500,"PM"
"mt",716,0.039,0.00023,4500,"PM"
"mt",717,0.039,0.00023,4500,"PM"
"mt",718,0.039,0.00023,4500,"PM"
"mt",719,0.039,0.00023,4500,"PM"
"mt",720,0.039,0.00023,4500,"PM"
"mt",721,0.039,0.00034,4500,"PM"
"mt",722,0.039,0.00034,4500,"PM"
"mt",723,0.039,0.00034,4500,"PM"
"mt",724,0.039,0.00034,4500,"PM"
"mt",725,0.039,0.00034,4500,"PM"
"mt",726,0.039,0.00034,4500,"PM"
"mt",727,0.039,0.00034,4500,"PM"
"mt",728,0.039,0.00034,4500,"PM"
"mt",729,0.039,0.00034,4500,"PM"
"mt",730,0.039,0.00034,4500,"PM"
"mt",731,0.039,0.00045,4500,"PM"
"mt",732,0.039,0.00045,4500,"PM"
"mt",733,0.039,0.00045,4500,"PM"
"mt",734,0.039,0.00045,4500,"PM"
"mt",735,0.039,0.00045,4500,"PM"
"mt",736,0.039,0.00045,4500,"PM"
"mt",737,0.039,0.00045,4500,"PM"
"mt",738,0.039,0.00045,4500,"PM"
"mt",739,0.039,0.00045,4500,"PM"
"mt",740,0.039,0.00045,4500,"PM"
"mt",741,0.039,0.00056,4500,"PM"
"mt",742,0.039,0.00056,4500,"PM"
"mt",743,0.039,0.00056,4500,"PM"
"mt",744,0.039,0.00056,4500,"PM"
"mt",745,0.039,0.00056,4500,"PM"
"mt",746,0.039,0.00056,4500,"PM"
"mt",747,0.039,0.00056,4500,"PM"
"mt",748,0.039,0.00056,4500,"PM"
"mt",749,0.039,0.00056,4500,"PM"
"mt",750,0.039,0.00056,4500,"PM"
"mt",751,0.039,0.00067,4500,"PM"
"mt",752,0.039,0.00067,4500,"PM"
"mt",753,0.039,0.00067,4500,"PM"
"mt",754,0.039,0.00067,4500,"PM"
"mt",755,0.039,0.00067,4500,"PM"
"mt",756,0.039,0.00067,4500,"PM"
"mt",757,0.039,0.00067,4500,"PM"
"mt",758,0.039,0.00067,4500,"PM"
"mt",759,0.039,0.00067,4500,"PM"
"mt",760,0.039,0.00067,4500,"PM"
"mt",761,0.039,0.00078,4500,"PM"
"mt",762,0.039,0.00078,4500,"PM"
"mt",763,0.039,0.00078,4500,"PM"
"mt",764,0.039,0.00078,4500,"PM"
"mt",765,0.039,0.00078,4500,"PM"
"mt",766,0.039,0.00078,4500,"PM"
"mt",767,0.039,0.00078,4500,"PM"
"mt",768,0.039,0.00078,4500,"PM"
"mt",769,0.039,0.00078,4500,"PM"
"mt",770,0.039,0.00078,4500,"PM"
"mt",771,0.039,0.00089,4500,"PM"
"mt",772,0.039,0.00089,4500,"PM"
"mt",773,0.039,0.00089,4500,"PM"
"mt",774,0.039,0.00089,4500,"PM"
"mt",775,0.039,0.00089,4500,"PM"
"mt",776,0.039,0.00089,4500,"PM"
"mt",777,0.039,0.00089,4500,"PM"
"mt",778,0.039,0.00089,4500,"PM"
"mt",779,0.039,0.00089,4500,"PM"
"mt",780,0.039,0.00089,4500,"PM"
"mt",781,0.039,0.001,4500,"PM"
"mt",782,0.039,0.001,4500,"PM"
"mt",783,0.039,0.001,4500,"PM"
"mt",784,0.039,0.001,4500,"PM"
"mt",785,0.039,0.001,4500,"PM"
"mt",786,0.039,0.001,4500,"PM"
"mt",787,0.039,0.001,4500,"PM"
"mt",788,0.039,0.001,4500,"PM"
"mt",789,0.039,0.001,4500,"PM"
"mt",790,0.039,0.001,4500,"PM"
"mt",791,0.039,1e-05,4500,"PM"
"mt",792,0.039,1e-05,4500,"PM"
"mt",793,0.039,1e-05,4500,"PM"
"mt",794,0.039,1e-05,4500,"PM"
"mt",795,0.039,1e-05,4500,"PM"
"mt",796,0.039,1e-05,4500,"PM"
"mt",797,0.039,1e-05,4500,"PM"
"mt",798,0.039,1e-05,4500,"PM"
"mt",799,0.039,1e-05,4500,"PM"
"mt",800,0.039,1e-05,4500,"PM"
"mt",801,0.0445,0.00012,4500,"PM"
"mt",802,0.0445,0.00012,4500,"PM"
"mt",803,0.0445,0.00012,4500,"PM"
"mt",804,0.0445,0.00012,4500,"PM"
"mt",805,0.0445,0.00012,4500,"PM"
"mt",806,0.0445,0.00012,4500,"PM"
"mt",807,0.0445,0.00012,4500,"PM"
"mt",808,0.0445,0.00012,4500,"PM"
"mt",809,0.0445,0.00012,4500,"PM"
"mt",810,0.0445,0.00012,4500,"PM"
"mt",811,0.0445,0.00023,4500,"PM"
"mt",812,0.0445,0.00023,4500,"PM"
"mt",813,0.0445,0.00023,4500,"PM"
"mt",814,0.0445,0.00023,4500,"PM"
"mt",815,0.0445,0.00023,4500,"PM"
"mt",816,0.0445,0.00023,4500,"PM"
"mt",817,0.0445,0.00023,4500,"PM"
"mt",818,0.0445,0.00023,4500,"PM"
"mt",819,0.0445,0.00023,4500,"PM"
"mt",820,0.0445,0.00023,4500,"PM"
"mt",821,0.0445,0.00034,4500,"PM"
"mt",822,0.0445,0.00034,4500,"PM"
"mt",823,0.0445,0.00034,4500,"PM"
"mt",824,0.0445,0.00034,4500,"PM"
"mt",825,0.0445,0.00034,4500,"PM"
"mt",826,0.0445,0.00034,4500,"PM"
"mt",827,0.0445,0.00034,4500,"PM"
"mt",828,0.0445,0.00034,4500,"PM"
"mt",829,0.0445,0.00034,4500,"PM"
"mt",830,0.0445,0.00034,4500,"PM"
"mt",831,0.0445,0.00045,4500,"PM"
"mt",832,0.0445,0.00045,4500,"PM"
"mt",833,0.0445,0.00045,4500,"PM"
"mt",834,0.0445,0.00045,4500,"PM"
"mt",835,0.0445,0.00045,4500,"PM"
"mt",836,0.0445,0.00045,4500,"PM"
"mt",837,0.0445,0.00045,4500,"PM"
"mt",838,0.0445,0.00045,4500,"PM"
"mt",839,0.0445,0.00045,4500,"PM"
"mt",840,0.0445,0.00045,4500,"PM"
"mt",841,0.0445,0.00056,4500,"PM"
"mt",842,0.0445,0.00056,4500,"PM"
"mt",843,0.0445,0.00056,4500,"PM"
"mt",844,0.0445,0.00056,4500,"PM"
"mt",845,0.0445,0.00056,4500,"PM"
"mt",846,0.0445,0.00056,4500,"PM"
"mt",847,0.0445,0.00056,4500,"PM"
"mt",848,0.0445,0.00056,4500,"PM"
"mt",849,0.0445,0.00056,4500,"PM"
"mt",850,0.0445,0.00056,4500,"PM"
"mt",851,0.0445,0.00067,4500,"PM"
"mt",852,0.0445,0.00067,4500,"PM"
"mt",853,0.0445,0.00067,4500,"PM"
"mt",854,0.0445,0.00067,4500,"PM"
"mt",855,0.0445,0.00067,4500,"PM"
"mt",856,0.0445,0.00067,4500,"PM"
"mt",857,0.0445,0.00067,4500,"PM"
"mt",858,0.0445,0.00067,4500,"PM"
"mt",859,0.0445,0.00067,4500,"PM"
"mt",860,0.0445,0.00067,4500,"PM"
"mt",861,0.0445,0.00078,4500,"PM"
"mt",862,0.0445,0.00078,4500,"PM"
"mt",863,0.0445,0.00078,4500,"PM"
"mt",864,0.0445,0.00078,4500,"PM"
"mt",865,0.0445,0.00078,4500,"PM"
"mt",866,0.0445,0.00078,4500,"PM"
"mt",867,0.0445,0.00078,4500,"PM"
"mt",868,0.0445,0.00078,4500,"PM"
"mt",869,0.0445,0.00078,4500,"PM"
"mt",870,0.0445,0.00078,4500,"PM"
"mt",871,0.0445,0.00089,4500,"PM"
"mt",872,0.0445,0.00089,4500,"PM"
"mt",873,0.0445,0.00089,4500,"PM"
"mt",874,0.0445,0.00089,4500,"PM"
"mt",875,0.0445,0.00089,4500,"PM"
"mt",876,0.0445,0.00089,4500,"PM"
"mt",877,0.0445,0.00089,4500,"PM"
"mt",878,0.0445,0.00089,4500,"PM"
"mt",879,0.0445,0.00089,4500,"PM"
"mt",880,0.0445,0.00089,4500,"PM"
"mt",881,0.0445,0.001,4500,"PM"
"mt",882,0.0445,0.001,4500,"PM"
"mt",883,0.0445,0.001,4500,"PM"
"mt",884,0.0445,0.001,4500,"PM"
"mt",885,0.0445,0.001,4500,"PM"
"mt",886,0.0445,0.001,4500,"PM"
"mt",887,0.0445,0.001,4500,"PM"
"mt",888,0.0445,0.001,4500,"PM"
"mt",889,0.0445,0.001,4500,"PM"
"mt",890,0.0445,0.001,4500,"PM"
"mt",891,0.0445,1e-05,4500,"PM"
"mt",892,0.0445,1e-05,4500,"PM"
"mt",893,0.0445,1e-05,4500,"PM"
"mt",894,0.0445,1e-05,4500,"PM"
"mt",895,0.0445,1e-05,4500,"PM"
"mt",896,0.0445,1e-05,4500,"PM"
"mt",897,0.0445,1e-05,4500,"PM"
"mt",898,0.0445,1e-05,4500,"PM"
"mt",899,0.0445,1e-05,4500,"PM"
"mt",900,0.0445,1e-05,4500,"PM"
"mt",901,0.05,0.00012,4500,"PM"
"mt",902,0.05,0.00012,4500,"PM"
"mt",903,0.05,0.00012,4500,"PM"
"mt",904,0.05,0.00012,4500,"PM"
"mt",905,0.05,0.00012,4500,"PM"
"mt",906,0.05,0.00012,4500,"PM"
"mt",907,0.05,0.00012,4500,"PM"
"mt",908,0.05,0.00012,4500,"PM"
"mt",909,0.05,0.00012,4500,"PM"
"mt",910,0.05,0.00012,4500,"PM"
"mt",911,0.05,0.00023,4500,"PM"
"mt",912,0.05,0.00023,4500,"PM"
"mt",913,0.05,0.00023,4500,"PM"
"mt",914,0.05,0.00023,4500,"PM"
"mt",915,0.05,0.00023,4500,"PM"
"mt",916,0.05,0.00023,4500,"PM"
"mt",917,0.05,0.00023,4500,"PM"
"mt",918,0.05,0.00023,4500,"PM"
"mt",919,0.05,0.00023,4500,"PM"
"mt",920,0.05,0.00023,4500,"PM"
"mt",921,0.05,0.00034,4500,"PM"
"mt",922,0.05,0.00034,4500,"PM"
"mt",923,0.05,0.00034,4500,"PM"
"mt",924,0.05,0.00034,4500,"PM"
"mt",925,0.05,0.00034,4500,"PM"
"mt",926,0.05,0.00034,4500,"PM"
"mt",927,0.05,0.00034,4500,"PM"
"mt",928,0.05,0.00034,4500,"PM"
"mt",929,0.05,0.00034,4500,"PM"
"mt",930,0.05,0.00034,4500,"PM"
"mt",931,0.05,0.00045,4500,"PM"
"mt",932,0.05,0.00045,4500,"PM"
"mt",933,0.05,0.00045,4500,"PM"
"mt",934,0.05,0.00045,4500,"PM"
"mt",935,0.05,0.00045,4500,"PM"
"mt",936,0.05,0.00045,4500,"PM"
"mt",937,0.05,0.00045,4500,"PM"
"mt",938,0.05,0.00045,4500,"PM"
"mt",939,0.05,0.00045,4500,"PM"
"mt",940,0.05,0.00045,4500,"PM"
"mt",941,0.05,0.00056,4500,"PM"
"mt",942,0.05,0.00056,4500,"PM"
"mt",943,0.05,0.00056,4500,"PM"
"mt",944,0.05,0.00056,4500,"PM"
"mt",945,0.05,0.00056,4500,"PM"
"mt",946,0.05,0.00056,4500,"PM"
"mt",947,0.05,0.00056,4500,"PM"
"mt",948,0.05,0.00056,4500,"PM"
"mt",949,0.05,0.00056,4500,"PM"
"mt",950,0.05,0.00056,4500,"PM"
"mt",951,0.05,0.00067,4500,"PM"
"mt",952,0.05,0.00067,4500,"PM"
"mt",953,0.05,0.00067,4500,"PM"
"mt",954,0.05,0.00067,4500,"PM"
"mt",955,0.05,0.00067,4500,"PM"
"mt",956,0.05,0.00067,4500,"PM"
"mt",957,0.05,0.00067,4500,"PM"
"mt",958,0.05,0.00067,4500,"PM"
"mt",959,0.05,0.00067,4500,"PM"
"mt",960,0.05,0.00067,4500,"PM"
"mt",961,0.05,0.00078,4500,"PM"
"mt",962,0.05,0.00078,4500,"PM"
"mt",963,0.05,0.00078,4500,"PM"
"mt",964,0.05,0.00078,4500,"PM"
"mt",965,0.05,0.00078,4500,"PM"
"mt",966,0.05,0.00078,4500,"PM"
"mt",967,0.05,0.00078,4500,"PM"
"mt",968,0.05,0.00078,4500,"PM"
"mt",969,0.05,0.00078,4500,"PM"
"mt",970,0.05,0.00078,4500,"PM"
"mt",971,0.05,0.00089,4500,"PM"
"mt",972,0.05,0.00089,4500,"PM"
"mt",973,0.05,0.00089,4500,"PM"
"mt",974,0.05,0.00089,4500,"PM"
"mt",975,0.05,0.00089,4500,"PM"
"mt",976,0.05,0.00089,4500,"PM"
"mt",977,0.05,0.00089,4500,"PM"
"mt",978,0.05,0.00089,4500,"PM"
"mt",979,0.05,0.00089,4500,"PM"
"mt",980,0.05,0.00089,4500,"PM"
"mt",981,0.05,0.001,4500,"PM"
"mt",982,0.05,0.001,4500,"PM"
"mt",983,0.05,0.001,4500,"PM"
"mt",984,0.05,0.001,4500,"PM"
"mt",985,0.05,0.001,4500,"PM"
"mt",986,0.05,0.001,4500,"PM"
"mt",987,0.05,0.001,4500,"PM"
"mt",988,0.05,0.001,4500,"PM"
"mt",989,0.05,0.001,4500,"PM"
"mt",990,0.05,0.001,4500,"PM"
"mt",991,0.05,1e-05,4500,"PM"
"mt",992,0.05,1e-05,4500,"PM"
"mt",993,0.05,1e-05,4500,"PM"
"mt",994,0.05,1e-05,4500,"PM"
"mt",995,0.05,1e-05,4500,"PM"
"mt",996,0.05,1e-05,4500,"PM"
"mt",997,0.05,1e-05,4500,"PM"
"mt",998,0.05,1e-05,4500,"PM"
"mt",999,0.05,1e-05,4500,"PM"
"mt",1000,0.05,1e-05,4500,"PM"
