"model","simID","L","v","Psi","s_phi","s_spar","s_disp","ticks","seed","file"
"XE","11111","333","1e-04","0","0.707106781186548","0.1","0.1","1e+07","1","11111.m"
"XE","11112","333","1e-04","0","0.707106781186548","0.1","0.1","1e+07","2","11112.m"
"XE","11113","333","1e-04","0","0.707106781186548","0.1","0.1","1e+07","3","11113.m"
"XE","11121","333","1e-04","0","70.7106781186548","0.1","0.1","1e+07","1","11121.m"
"XE","11122","333","1e-04","0","70.7106781186548","0.1","0.1","1e+07","2","11122.m"
"XE","11123","333","1e-04","0","70.7106781186548","0.1","0.1","1e+07","3","11123.m"
"XE","11131","333","1e-04","0","7071.06781186548","0.1","0.1","1e+07","1","11131.m"
"XE","11132","333","1e-04","0","7071.06781186548","0.1","0.1","1e+07","2","11132.m"
"XE","11133","333","1e-04","0","7071.06781186548","0.1","0.1","1e+07","3","11133.m"
"XE","11141","333","1e-04","0","707106.781186548","0.1","0.1","1e+07","1","11141.m"
"XE","11142","333","1e-04","0","707106.781186548","0.1","0.1","1e+07","2","11142.m"
"XE","11143","333","1e-04","0","707106.781186548","0.1","0.1","1e+07","3","11143.m"
"XE","11151","333","1e-04","0","70710678.1186548","0.1","0.1","1e+07","1","11151.m"
"XE","11152","333","1e-04","0","70710678.1186548","0.1","0.1","1e+07","2","11152.m"
"XE","11153","333","1e-04","0","70710678.1186548","0.1","0.1","1e+07","3","11153.m"
"XE","11161","333","1e-04","0","-1","0.1","0.1","1e+07","1","11161.m"
"XE","11162","333","1e-04","0","-1","0.1","0.1","1e+07","2","11162.m"
"XE","11163","333","1e-04","0","-1","0.1","0.1","1e+07","3","11163.m"
"XE","11211","333","1e-04","0.5","0.707106781186548","0.1","0.1","1e+07","1","11211.m"
"XE","11212","333","1e-04","0.5","0.707106781186548","0.1","0.1","1e+07","2","11212.m"
"XE","11213","333","1e-04","0.5","0.707106781186548","0.1","0.1","1e+07","3","11213.m"
"XE","11221","333","1e-04","0.5","70.7106781186548","0.1","0.1","1e+07","1","11221.m"
"XE","11222","333","1e-04","0.5","70.7106781186548","0.1","0.1","1e+07","2","11222.m"
"XE","11223","333","1e-04","0.5","70.7106781186548","0.1","0.1","1e+07","3","11223.m"
"XE","11231","333","1e-04","0.5","7071.06781186548","0.1","0.1","1e+07","1","11231.m"
"XE","11232","333","1e-04","0.5","7071.06781186548","0.1","0.1","1e+07","2","11232.m"
"XE","11233","333","1e-04","0.5","7071.06781186548","0.1","0.1","1e+07","3","11233.m"
"XE","11241","333","1e-04","0.5","707106.781186548","0.1","0.1","1e+07","1","11241.m"
"XE","11242","333","1e-04","0.5","707106.781186548","0.1","0.1","1e+07","2","11242.m"
"XE","11243","333","1e-04","0.5","707106.781186548","0.1","0.1","1e+07","3","11243.m"
"XE","11251","333","1e-04","0.5","70710678.1186548","0.1","0.1","1e+07","1","11251.m"
"XE","11252","333","1e-04","0.5","70710678.1186548","0.1","0.1","1e+07","2","11252.m"
"XE","11253","333","1e-04","0.5","70710678.1186548","0.1","0.1","1e+07","3","11253.m"
"XE","11261","333","1e-04","0.5","-1","0.1","0.1","1e+07","1","11261.m"
"XE","11262","333","1e-04","0.5","-1","0.1","0.1","1e+07","2","11262.m"
"XE","11263","333","1e-04","0.5","-1","0.1","0.1","1e+07","3","11263.m"
"XE","11311","333","1e-04","1","0.707106781186548","0.1","0.1","1e+07","1","11311.m"
"XE","11312","333","1e-04","1","0.707106781186548","0.1","0.1","1e+07","2","11312.m"
"XE","11313","333","1e-04","1","0.707106781186548","0.1","0.1","1e+07","3","11313.m"
"XE","11321","333","1e-04","1","70.7106781186548","0.1","0.1","1e+07","1","11321.m"
"XE","11322","333","1e-04","1","70.7106781186548","0.1","0.1","1e+07","2","11322.m"
"XE","11323","333","1e-04","1","70.7106781186548","0.1","0.1","1e+07","3","11323.m"
"XE","11331","333","1e-04","1","7071.06781186548","0.1","0.1","1e+07","1","11331.m"
"XE","11332","333","1e-04","1","7071.06781186548","0.1","0.1","1e+07","2","11332.m"
"XE","11333","333","1e-04","1","7071.06781186548","0.1","0.1","1e+07","3","11333.m"
"XE","11341","333","1e-04","1","707106.781186548","0.1","0.1","1e+07","1","11341.m"
"XE","11342","333","1e-04","1","707106.781186548","0.1","0.1","1e+07","2","11342.m"
"XE","11343","333","1e-04","1","707106.781186548","0.1","0.1","1e+07","3","11343.m"
"XE","11351","333","1e-04","1","70710678.1186548","0.1","0.1","1e+07","1","11351.m"
"XE","11352","333","1e-04","1","70710678.1186548","0.1","0.1","1e+07","2","11352.m"
"XE","11353","333","1e-04","1","70710678.1186548","0.1","0.1","1e+07","3","11353.m"
"XE","11361","333","1e-04","1","-1","0.1","0.1","1e+07","1","11361.m"
"XE","11362","333","1e-04","1","-1","0.1","0.1","1e+07","2","11362.m"
"XE","11363","333","1e-04","1","-1","0.1","0.1","1e+07","3","11363.m"
"XE","11411","333","1e-04","0.25","0.707106781186548","0.1","0.1","1e+07","1","11411.m"
"XE","11412","333","1e-04","0.25","0.707106781186548","0.1","0.1","1e+07","2","11412.m"
"XE","11413","333","1e-04","0.25","0.707106781186548","0.1","0.1","1e+07","3","11413.m"
"XE","11421","333","1e-04","0.25","70.7106781186548","0.1","0.1","1e+07","1","11421.m"
"XE","11422","333","1e-04","0.25","70.7106781186548","0.1","0.1","1e+07","2","11422.m"
"XE","11423","333","1e-04","0.25","70.7106781186548","0.1","0.1","1e+07","3","11423.m"
"XE","11431","333","1e-04","0.25","7071.06781186548","0.1","0.1","1e+07","1","11431.m"
"XE","11432","333","1e-04","0.25","7071.06781186548","0.1","0.1","1e+07","2","11432.m"
"XE","11433","333","1e-04","0.25","7071.06781186548","0.1","0.1","1e+07","3","11433.m"
"XE","11441","333","1e-04","0.25","707106.781186548","0.1","0.1","1e+07","1","11441.m"
"XE","11442","333","1e-04","0.25","707106.781186548","0.1","0.1","1e+07","2","11442.m"
"XE","11443","333","1e-04","0.25","707106.781186548","0.1","0.1","1e+07","3","11443.m"
"XE","11451","333","1e-04","0.25","70710678.1186548","0.1","0.1","1e+07","1","11451.m"
"XE","11452","333","1e-04","0.25","70710678.1186548","0.1","0.1","1e+07","2","11452.m"
"XE","11453","333","1e-04","0.25","70710678.1186548","0.1","0.1","1e+07","3","11453.m"
"XE","11461","333","1e-04","0.25","-1","0.1","0.1","1e+07","1","11461.m"
"XE","11462","333","1e-04","0.25","-1","0.1","0.1","1e+07","2","11462.m"
"XE","11463","333","1e-04","0.25","-1","0.1","0.1","1e+07","3","11463.m"
"XE","11511","333","1e-04","0.75","0.707106781186548","0.1","0.1","1e+07","1","11511.m"
"XE","11512","333","1e-04","0.75","0.707106781186548","0.1","0.1","1e+07","2","11512.m"
"XE","11513","333","1e-04","0.75","0.707106781186548","0.1","0.1","1e+07","3","11513.m"
"XE","11521","333","1e-04","0.75","70.7106781186548","0.1","0.1","1e+07","1","11521.m"
"XE","11522","333","1e-04","0.75","70.7106781186548","0.1","0.1","1e+07","2","11522.m"
"XE","11523","333","1e-04","0.75","70.7106781186548","0.1","0.1","1e+07","3","11523.m"
"XE","11531","333","1e-04","0.75","7071.06781186548","0.1","0.1","1e+07","1","11531.m"
"XE","11532","333","1e-04","0.75","7071.06781186548","0.1","0.1","1e+07","2","11532.m"
"XE","11533","333","1e-04","0.75","7071.06781186548","0.1","0.1","1e+07","3","11533.m"
"XE","11541","333","1e-04","0.75","707106.781186548","0.1","0.1","1e+07","1","11541.m"
"XE","11542","333","1e-04","0.75","707106.781186548","0.1","0.1","1e+07","2","11542.m"
"XE","11543","333","1e-04","0.75","707106.781186548","0.1","0.1","1e+07","3","11543.m"
"XE","11551","333","1e-04","0.75","70710678.1186548","0.1","0.1","1e+07","1","11551.m"
"XE","11552","333","1e-04","0.75","70710678.1186548","0.1","0.1","1e+07","2","11552.m"
"XE","11553","333","1e-04","0.75","70710678.1186548","0.1","0.1","1e+07","3","11553.m"
"XE","11561","333","1e-04","0.75","-1","0.1","0.1","1e+07","1","11561.m"
"XE","11562","333","1e-04","0.75","-1","0.1","0.1","1e+07","2","11562.m"
"XE","11563","333","1e-04","0.75","-1","0.1","0.1","1e+07","3","11563.m"
"XE","12111","333","1e-04","0","0.707106781186548","1","0.1","1e+07","1","12111.m"
"XE","12112","333","1e-04","0","0.707106781186548","1","0.1","1e+07","2","12112.m"
"XE","12113","333","1e-04","0","0.707106781186548","1","0.1","1e+07","3","12113.m"
"XE","12121","333","1e-04","0","70.7106781186548","1","0.1","1e+07","1","12121.m"
"XE","12122","333","1e-04","0","70.7106781186548","1","0.1","1e+07","2","12122.m"
"XE","12123","333","1e-04","0","70.7106781186548","1","0.1","1e+07","3","12123.m"
"XE","12131","333","1e-04","0","7071.06781186548","1","0.1","1e+07","1","12131.m"
"XE","12132","333","1e-04","0","7071.06781186548","1","0.1","1e+07","2","12132.m"
"XE","12133","333","1e-04","0","7071.06781186548","1","0.1","1e+07","3","12133.m"
"XE","12141","333","1e-04","0","707106.781186548","1","0.1","1e+07","1","12141.m"
"XE","12142","333","1e-04","0","707106.781186548","1","0.1","1e+07","2","12142.m"
"XE","12143","333","1e-04","0","707106.781186548","1","0.1","1e+07","3","12143.m"
"XE","12151","333","1e-04","0","70710678.1186548","1","0.1","1e+07","1","12151.m"
"XE","12152","333","1e-04","0","70710678.1186548","1","0.1","1e+07","2","12152.m"
"XE","12153","333","1e-04","0","70710678.1186548","1","0.1","1e+07","3","12153.m"
"XE","12161","333","1e-04","0","-1","1","0.1","1e+07","1","12161.m"
"XE","12162","333","1e-04","0","-1","1","0.1","1e+07","2","12162.m"
"XE","12163","333","1e-04","0","-1","1","0.1","1e+07","3","12163.m"
"XE","12211","333","1e-04","0.5","0.707106781186548","1","0.1","1e+07","1","12211.m"
"XE","12212","333","1e-04","0.5","0.707106781186548","1","0.1","1e+07","2","12212.m"
"XE","12213","333","1e-04","0.5","0.707106781186548","1","0.1","1e+07","3","12213.m"
"XE","12221","333","1e-04","0.5","70.7106781186548","1","0.1","1e+07","1","12221.m"
"XE","12222","333","1e-04","0.5","70.7106781186548","1","0.1","1e+07","2","12222.m"
"XE","12223","333","1e-04","0.5","70.7106781186548","1","0.1","1e+07","3","12223.m"
"XE","12231","333","1e-04","0.5","7071.06781186548","1","0.1","1e+07","1","12231.m"
"XE","12232","333","1e-04","0.5","7071.06781186548","1","0.1","1e+07","2","12232.m"
"XE","12233","333","1e-04","0.5","7071.06781186548","1","0.1","1e+07","3","12233.m"
"XE","12241","333","1e-04","0.5","707106.781186548","1","0.1","1e+07","1","12241.m"
"XE","12242","333","1e-04","0.5","707106.781186548","1","0.1","1e+07","2","12242.m"
"XE","12243","333","1e-04","0.5","707106.781186548","1","0.1","1e+07","3","12243.m"
"XE","12251","333","1e-04","0.5","70710678.1186548","1","0.1","1e+07","1","12251.m"
"XE","12252","333","1e-04","0.5","70710678.1186548","1","0.1","1e+07","2","12252.m"
"XE","12253","333","1e-04","0.5","70710678.1186548","1","0.1","1e+07","3","12253.m"
"XE","12261","333","1e-04","0.5","-1","1","0.1","1e+07","1","12261.m"
"XE","12262","333","1e-04","0.5","-1","1","0.1","1e+07","2","12262.m"
"XE","12263","333","1e-04","0.5","-1","1","0.1","1e+07","3","12263.m"
"XE","12311","333","1e-04","1","0.707106781186548","1","0.1","1e+07","1","12311.m"
"XE","12312","333","1e-04","1","0.707106781186548","1","0.1","1e+07","2","12312.m"
"XE","12313","333","1e-04","1","0.707106781186548","1","0.1","1e+07","3","12313.m"
"XE","12321","333","1e-04","1","70.7106781186548","1","0.1","1e+07","1","12321.m"
"XE","12322","333","1e-04","1","70.7106781186548","1","0.1","1e+07","2","12322.m"
"XE","12323","333","1e-04","1","70.7106781186548","1","0.1","1e+07","3","12323.m"
"XE","12331","333","1e-04","1","7071.06781186548","1","0.1","1e+07","1","12331.m"
"XE","12332","333","1e-04","1","7071.06781186548","1","0.1","1e+07","2","12332.m"
"XE","12333","333","1e-04","1","7071.06781186548","1","0.1","1e+07","3","12333.m"
"XE","12341","333","1e-04","1","707106.781186548","1","0.1","1e+07","1","12341.m"
"XE","12342","333","1e-04","1","707106.781186548","1","0.1","1e+07","2","12342.m"
"XE","12343","333","1e-04","1","707106.781186548","1","0.1","1e+07","3","12343.m"
"XE","12351","333","1e-04","1","70710678.1186548","1","0.1","1e+07","1","12351.m"
"XE","12352","333","1e-04","1","70710678.1186548","1","0.1","1e+07","2","12352.m"
"XE","12353","333","1e-04","1","70710678.1186548","1","0.1","1e+07","3","12353.m"
"XE","12361","333","1e-04","1","-1","1","0.1","1e+07","1","12361.m"
"XE","12362","333","1e-04","1","-1","1","0.1","1e+07","2","12362.m"
"XE","12363","333","1e-04","1","-1","1","0.1","1e+07","3","12363.m"
"XE","12411","333","1e-04","0.25","0.707106781186548","1","0.1","1e+07","1","12411.m"
"XE","12412","333","1e-04","0.25","0.707106781186548","1","0.1","1e+07","2","12412.m"
"XE","12413","333","1e-04","0.25","0.707106781186548","1","0.1","1e+07","3","12413.m"
"XE","12421","333","1e-04","0.25","70.7106781186548","1","0.1","1e+07","1","12421.m"
"XE","12422","333","1e-04","0.25","70.7106781186548","1","0.1","1e+07","2","12422.m"
"XE","12423","333","1e-04","0.25","70.7106781186548","1","0.1","1e+07","3","12423.m"
"XE","12431","333","1e-04","0.25","7071.06781186548","1","0.1","1e+07","1","12431.m"
"XE","12432","333","1e-04","0.25","7071.06781186548","1","0.1","1e+07","2","12432.m"
"XE","12433","333","1e-04","0.25","7071.06781186548","1","0.1","1e+07","3","12433.m"
"XE","12441","333","1e-04","0.25","707106.781186548","1","0.1","1e+07","1","12441.m"
"XE","12442","333","1e-04","0.25","707106.781186548","1","0.1","1e+07","2","12442.m"
"XE","12443","333","1e-04","0.25","707106.781186548","1","0.1","1e+07","3","12443.m"
"XE","12451","333","1e-04","0.25","70710678.1186548","1","0.1","1e+07","1","12451.m"
"XE","12452","333","1e-04","0.25","70710678.1186548","1","0.1","1e+07","2","12452.m"
"XE","12453","333","1e-04","0.25","70710678.1186548","1","0.1","1e+07","3","12453.m"
"XE","12461","333","1e-04","0.25","-1","1","0.1","1e+07","1","12461.m"
"XE","12462","333","1e-04","0.25","-1","1","0.1","1e+07","2","12462.m"
"XE","12463","333","1e-04","0.25","-1","1","0.1","1e+07","3","12463.m"
"XE","12511","333","1e-04","0.75","0.707106781186548","1","0.1","1e+07","1","12511.m"
"XE","12512","333","1e-04","0.75","0.707106781186548","1","0.1","1e+07","2","12512.m"
"XE","12513","333","1e-04","0.75","0.707106781186548","1","0.1","1e+07","3","12513.m"
"XE","12521","333","1e-04","0.75","70.7106781186548","1","0.1","1e+07","1","12521.m"
"XE","12522","333","1e-04","0.75","70.7106781186548","1","0.1","1e+07","2","12522.m"
"XE","12523","333","1e-04","0.75","70.7106781186548","1","0.1","1e+07","3","12523.m"
"XE","12531","333","1e-04","0.75","7071.06781186548","1","0.1","1e+07","1","12531.m"
"XE","12532","333","1e-04","0.75","7071.06781186548","1","0.1","1e+07","2","12532.m"
"XE","12533","333","1e-04","0.75","7071.06781186548","1","0.1","1e+07","3","12533.m"
"XE","12541","333","1e-04","0.75","707106.781186548","1","0.1","1e+07","1","12541.m"
"XE","12542","333","1e-04","0.75","707106.781186548","1","0.1","1e+07","2","12542.m"
"XE","12543","333","1e-04","0.75","707106.781186548","1","0.1","1e+07","3","12543.m"
"XE","12551","333","1e-04","0.75","70710678.1186548","1","0.1","1e+07","1","12551.m"
"XE","12552","333","1e-04","0.75","70710678.1186548","1","0.1","1e+07","2","12552.m"
"XE","12553","333","1e-04","0.75","70710678.1186548","1","0.1","1e+07","3","12553.m"
"XE","12561","333","1e-04","0.75","-1","1","0.1","1e+07","1","12561.m"
"XE","12562","333","1e-04","0.75","-1","1","0.1","1e+07","2","12562.m"
"XE","12563","333","1e-04","0.75","-1","1","0.1","1e+07","3","12563.m"
"XE","13111","333","1e-04","0","0.707106781186548","10","0.1","1e+07","1","13111.m"
"XE","13112","333","1e-04","0","0.707106781186548","10","0.1","1e+07","2","13112.m"
"XE","13113","333","1e-04","0","0.707106781186548","10","0.1","1e+07","3","13113.m"
"XE","13121","333","1e-04","0","70.7106781186548","10","0.1","1e+07","1","13121.m"
"XE","13122","333","1e-04","0","70.7106781186548","10","0.1","1e+07","2","13122.m"
"XE","13123","333","1e-04","0","70.7106781186548","10","0.1","1e+07","3","13123.m"
"XE","13131","333","1e-04","0","7071.06781186548","10","0.1","1e+07","1","13131.m"
"XE","13132","333","1e-04","0","7071.06781186548","10","0.1","1e+07","2","13132.m"
"XE","13133","333","1e-04","0","7071.06781186548","10","0.1","1e+07","3","13133.m"
"XE","13141","333","1e-04","0","707106.781186548","10","0.1","1e+07","1","13141.m"
"XE","13142","333","1e-04","0","707106.781186548","10","0.1","1e+07","2","13142.m"
"XE","13143","333","1e-04","0","707106.781186548","10","0.1","1e+07","3","13143.m"
"XE","13151","333","1e-04","0","70710678.1186548","10","0.1","1e+07","1","13151.m"
"XE","13152","333","1e-04","0","70710678.1186548","10","0.1","1e+07","2","13152.m"
"XE","13153","333","1e-04","0","70710678.1186548","10","0.1","1e+07","3","13153.m"
"XE","13161","333","1e-04","0","-1","10","0.1","1e+07","1","13161.m"
"XE","13162","333","1e-04","0","-1","10","0.1","1e+07","2","13162.m"
"XE","13163","333","1e-04","0","-1","10","0.1","1e+07","3","13163.m"
"XE","13211","333","1e-04","0.5","0.707106781186548","10","0.1","1e+07","1","13211.m"
"XE","13212","333","1e-04","0.5","0.707106781186548","10","0.1","1e+07","2","13212.m"
"XE","13213","333","1e-04","0.5","0.707106781186548","10","0.1","1e+07","3","13213.m"
"XE","13221","333","1e-04","0.5","70.7106781186548","10","0.1","1e+07","1","13221.m"
"XE","13222","333","1e-04","0.5","70.7106781186548","10","0.1","1e+07","2","13222.m"
"XE","13223","333","1e-04","0.5","70.7106781186548","10","0.1","1e+07","3","13223.m"
"XE","13231","333","1e-04","0.5","7071.06781186548","10","0.1","1e+07","1","13231.m"
"XE","13232","333","1e-04","0.5","7071.06781186548","10","0.1","1e+07","2","13232.m"
"XE","13233","333","1e-04","0.5","7071.06781186548","10","0.1","1e+07","3","13233.m"
"XE","13241","333","1e-04","0.5","707106.781186548","10","0.1","1e+07","1","13241.m"
"XE","13242","333","1e-04","0.5","707106.781186548","10","0.1","1e+07","2","13242.m"
"XE","13243","333","1e-04","0.5","707106.781186548","10","0.1","1e+07","3","13243.m"
"XE","13251","333","1e-04","0.5","70710678.1186548","10","0.1","1e+07","1","13251.m"
"XE","13252","333","1e-04","0.5","70710678.1186548","10","0.1","1e+07","2","13252.m"
"XE","13253","333","1e-04","0.5","70710678.1186548","10","0.1","1e+07","3","13253.m"
"XE","13261","333","1e-04","0.5","-1","10","0.1","1e+07","1","13261.m"
"XE","13262","333","1e-04","0.5","-1","10","0.1","1e+07","2","13262.m"
"XE","13263","333","1e-04","0.5","-1","10","0.1","1e+07","3","13263.m"
"XE","13311","333","1e-04","1","0.707106781186548","10","0.1","1e+07","1","13311.m"
"XE","13312","333","1e-04","1","0.707106781186548","10","0.1","1e+07","2","13312.m"
"XE","13313","333","1e-04","1","0.707106781186548","10","0.1","1e+07","3","13313.m"
"XE","13321","333","1e-04","1","70.7106781186548","10","0.1","1e+07","1","13321.m"
"XE","13322","333","1e-04","1","70.7106781186548","10","0.1","1e+07","2","13322.m"
"XE","13323","333","1e-04","1","70.7106781186548","10","0.1","1e+07","3","13323.m"
"XE","13331","333","1e-04","1","7071.06781186548","10","0.1","1e+07","1","13331.m"
"XE","13332","333","1e-04","1","7071.06781186548","10","0.1","1e+07","2","13332.m"
"XE","13333","333","1e-04","1","7071.06781186548","10","0.1","1e+07","3","13333.m"
"XE","13341","333","1e-04","1","707106.781186548","10","0.1","1e+07","1","13341.m"
"XE","13342","333","1e-04","1","707106.781186548","10","0.1","1e+07","2","13342.m"
"XE","13343","333","1e-04","1","707106.781186548","10","0.1","1e+07","3","13343.m"
"XE","13351","333","1e-04","1","70710678.1186548","10","0.1","1e+07","1","13351.m"
"XE","13352","333","1e-04","1","70710678.1186548","10","0.1","1e+07","2","13352.m"
"XE","13353","333","1e-04","1","70710678.1186548","10","0.1","1e+07","3","13353.m"
"XE","13361","333","1e-04","1","-1","10","0.1","1e+07","1","13361.m"
"XE","13362","333","1e-04","1","-1","10","0.1","1e+07","2","13362.m"
"XE","13363","333","1e-04","1","-1","10","0.1","1e+07","3","13363.m"
"XE","13411","333","1e-04","0.25","0.707106781186548","10","0.1","1e+07","1","13411.m"
"XE","13412","333","1e-04","0.25","0.707106781186548","10","0.1","1e+07","2","13412.m"
"XE","13413","333","1e-04","0.25","0.707106781186548","10","0.1","1e+07","3","13413.m"
"XE","13421","333","1e-04","0.25","70.7106781186548","10","0.1","1e+07","1","13421.m"
"XE","13422","333","1e-04","0.25","70.7106781186548","10","0.1","1e+07","2","13422.m"
"XE","13423","333","1e-04","0.25","70.7106781186548","10","0.1","1e+07","3","13423.m"
"XE","13431","333","1e-04","0.25","7071.06781186548","10","0.1","1e+07","1","13431.m"
"XE","13432","333","1e-04","0.25","7071.06781186548","10","0.1","1e+07","2","13432.m"
"XE","13433","333","1e-04","0.25","7071.06781186548","10","0.1","1e+07","3","13433.m"
"XE","13441","333","1e-04","0.25","707106.781186548","10","0.1","1e+07","1","13441.m"
"XE","13442","333","1e-04","0.25","707106.781186548","10","0.1","1e+07","2","13442.m"
"XE","13443","333","1e-04","0.25","707106.781186548","10","0.1","1e+07","3","13443.m"
"XE","13451","333","1e-04","0.25","70710678.1186548","10","0.1","1e+07","1","13451.m"
"XE","13452","333","1e-04","0.25","70710678.1186548","10","0.1","1e+07","2","13452.m"
"XE","13453","333","1e-04","0.25","70710678.1186548","10","0.1","1e+07","3","13453.m"
"XE","13461","333","1e-04","0.25","-1","10","0.1","1e+07","1","13461.m"
"XE","13462","333","1e-04","0.25","-1","10","0.1","1e+07","2","13462.m"
"XE","13463","333","1e-04","0.25","-1","10","0.1","1e+07","3","13463.m"
"XE","13511","333","1e-04","0.75","0.707106781186548","10","0.1","1e+07","1","13511.m"
"XE","13512","333","1e-04","0.75","0.707106781186548","10","0.1","1e+07","2","13512.m"
"XE","13513","333","1e-04","0.75","0.707106781186548","10","0.1","1e+07","3","13513.m"
"XE","13521","333","1e-04","0.75","70.7106781186548","10","0.1","1e+07","1","13521.m"
"XE","13522","333","1e-04","0.75","70.7106781186548","10","0.1","1e+07","2","13522.m"
"XE","13523","333","1e-04","0.75","70.7106781186548","10","0.1","1e+07","3","13523.m"
"XE","13531","333","1e-04","0.75","7071.06781186548","10","0.1","1e+07","1","13531.m"
"XE","13532","333","1e-04","0.75","7071.06781186548","10","0.1","1e+07","2","13532.m"
"XE","13533","333","1e-04","0.75","7071.06781186548","10","0.1","1e+07","3","13533.m"
"XE","13541","333","1e-04","0.75","707106.781186548","10","0.1","1e+07","1","13541.m"
"XE","13542","333","1e-04","0.75","707106.781186548","10","0.1","1e+07","2","13542.m"
"XE","13543","333","1e-04","0.75","707106.781186548","10","0.1","1e+07","3","13543.m"
"XE","13551","333","1e-04","0.75","70710678.1186548","10","0.1","1e+07","1","13551.m"
"XE","13552","333","1e-04","0.75","70710678.1186548","10","0.1","1e+07","2","13552.m"
"XE","13553","333","1e-04","0.75","70710678.1186548","10","0.1","1e+07","3","13553.m"
"XE","13561","333","1e-04","0.75","-1","10","0.1","1e+07","1","13561.m"
"XE","13562","333","1e-04","0.75","-1","10","0.1","1e+07","2","13562.m"
"XE","13563","333","1e-04","0.75","-1","10","0.1","1e+07","3","13563.m"
"XE","21111","333","1e-04","0","0.707106781186548","0.1","1","1e+07","1","21111.m"
"XE","21112","333","1e-04","0","0.707106781186548","0.1","1","1e+07","2","21112.m"
"XE","21113","333","1e-04","0","0.707106781186548","0.1","1","1e+07","3","21113.m"
"XE","21121","333","1e-04","0","70.7106781186548","0.1","1","1e+07","1","21121.m"
"XE","21122","333","1e-04","0","70.7106781186548","0.1","1","1e+07","2","21122.m"
"XE","21123","333","1e-04","0","70.7106781186548","0.1","1","1e+07","3","21123.m"
"XE","21131","333","1e-04","0","7071.06781186548","0.1","1","1e+07","1","21131.m"
"XE","21132","333","1e-04","0","7071.06781186548","0.1","1","1e+07","2","21132.m"
"XE","21133","333","1e-04","0","7071.06781186548","0.1","1","1e+07","3","21133.m"
"XE","21141","333","1e-04","0","707106.781186548","0.1","1","1e+07","1","21141.m"
"XE","21142","333","1e-04","0","707106.781186548","0.1","1","1e+07","2","21142.m"
"XE","21143","333","1e-04","0","707106.781186548","0.1","1","1e+07","3","21143.m"
"XE","21151","333","1e-04","0","70710678.1186548","0.1","1","1e+07","1","21151.m"
"XE","21152","333","1e-04","0","70710678.1186548","0.1","1","1e+07","2","21152.m"
"XE","21153","333","1e-04","0","70710678.1186548","0.1","1","1e+07","3","21153.m"
"XE","21161","333","1e-04","0","-1","0.1","1","1e+07","1","21161.m"
"XE","21162","333","1e-04","0","-1","0.1","1","1e+07","2","21162.m"
"XE","21163","333","1e-04","0","-1","0.1","1","1e+07","3","21163.m"
"XE","21211","333","1e-04","0.5","0.707106781186548","0.1","1","1e+07","1","21211.m"
"XE","21212","333","1e-04","0.5","0.707106781186548","0.1","1","1e+07","2","21212.m"
"XE","21213","333","1e-04","0.5","0.707106781186548","0.1","1","1e+07","3","21213.m"
"XE","21221","333","1e-04","0.5","70.7106781186548","0.1","1","1e+07","1","21221.m"
"XE","21222","333","1e-04","0.5","70.7106781186548","0.1","1","1e+07","2","21222.m"
"XE","21223","333","1e-04","0.5","70.7106781186548","0.1","1","1e+07","3","21223.m"
"XE","21231","333","1e-04","0.5","7071.06781186548","0.1","1","1e+07","1","21231.m"
"XE","21232","333","1e-04","0.5","7071.06781186548","0.1","1","1e+07","2","21232.m"
"XE","21233","333","1e-04","0.5","7071.06781186548","0.1","1","1e+07","3","21233.m"
"XE","21241","333","1e-04","0.5","707106.781186548","0.1","1","1e+07","1","21241.m"
"XE","21242","333","1e-04","0.5","707106.781186548","0.1","1","1e+07","2","21242.m"
"XE","21243","333","1e-04","0.5","707106.781186548","0.1","1","1e+07","3","21243.m"
"XE","21251","333","1e-04","0.5","70710678.1186548","0.1","1","1e+07","1","21251.m"
"XE","21252","333","1e-04","0.5","70710678.1186548","0.1","1","1e+07","2","21252.m"
"XE","21253","333","1e-04","0.5","70710678.1186548","0.1","1","1e+07","3","21253.m"
"XE","21261","333","1e-04","0.5","-1","0.1","1","1e+07","1","21261.m"
"XE","21262","333","1e-04","0.5","-1","0.1","1","1e+07","2","21262.m"
"XE","21263","333","1e-04","0.5","-1","0.1","1","1e+07","3","21263.m"
"XE","21311","333","1e-04","1","0.707106781186548","0.1","1","1e+07","1","21311.m"
"XE","21312","333","1e-04","1","0.707106781186548","0.1","1","1e+07","2","21312.m"
"XE","21313","333","1e-04","1","0.707106781186548","0.1","1","1e+07","3","21313.m"
"XE","21321","333","1e-04","1","70.7106781186548","0.1","1","1e+07","1","21321.m"
"XE","21322","333","1e-04","1","70.7106781186548","0.1","1","1e+07","2","21322.m"
"XE","21323","333","1e-04","1","70.7106781186548","0.1","1","1e+07","3","21323.m"
"XE","21331","333","1e-04","1","7071.06781186548","0.1","1","1e+07","1","21331.m"
"XE","21332","333","1e-04","1","7071.06781186548","0.1","1","1e+07","2","21332.m"
"XE","21333","333","1e-04","1","7071.06781186548","0.1","1","1e+07","3","21333.m"
"XE","21341","333","1e-04","1","707106.781186548","0.1","1","1e+07","1","21341.m"
"XE","21342","333","1e-04","1","707106.781186548","0.1","1","1e+07","2","21342.m"
"XE","21343","333","1e-04","1","707106.781186548","0.1","1","1e+07","3","21343.m"
"XE","21351","333","1e-04","1","70710678.1186548","0.1","1","1e+07","1","21351.m"
"XE","21352","333","1e-04","1","70710678.1186548","0.1","1","1e+07","2","21352.m"
"XE","21353","333","1e-04","1","70710678.1186548","0.1","1","1e+07","3","21353.m"
"XE","21361","333","1e-04","1","-1","0.1","1","1e+07","1","21361.m"
"XE","21362","333","1e-04","1","-1","0.1","1","1e+07","2","21362.m"
"XE","21363","333","1e-04","1","-1","0.1","1","1e+07","3","21363.m"
"XE","21411","333","1e-04","0.25","0.707106781186548","0.1","1","1e+07","1","21411.m"
"XE","21412","333","1e-04","0.25","0.707106781186548","0.1","1","1e+07","2","21412.m"
"XE","21413","333","1e-04","0.25","0.707106781186548","0.1","1","1e+07","3","21413.m"
"XE","21421","333","1e-04","0.25","70.7106781186548","0.1","1","1e+07","1","21421.m"
"XE","21422","333","1e-04","0.25","70.7106781186548","0.1","1","1e+07","2","21422.m"
"XE","21423","333","1e-04","0.25","70.7106781186548","0.1","1","1e+07","3","21423.m"
"XE","21431","333","1e-04","0.25","7071.06781186548","0.1","1","1e+07","1","21431.m"
"XE","21432","333","1e-04","0.25","7071.06781186548","0.1","1","1e+07","2","21432.m"
"XE","21433","333","1e-04","0.25","7071.06781186548","0.1","1","1e+07","3","21433.m"
"XE","21441","333","1e-04","0.25","707106.781186548","0.1","1","1e+07","1","21441.m"
"XE","21442","333","1e-04","0.25","707106.781186548","0.1","1","1e+07","2","21442.m"
"XE","21443","333","1e-04","0.25","707106.781186548","0.1","1","1e+07","3","21443.m"
"XE","21451","333","1e-04","0.25","70710678.1186548","0.1","1","1e+07","1","21451.m"
"XE","21452","333","1e-04","0.25","70710678.1186548","0.1","1","1e+07","2","21452.m"
"XE","21453","333","1e-04","0.25","70710678.1186548","0.1","1","1e+07","3","21453.m"
"XE","21461","333","1e-04","0.25","-1","0.1","1","1e+07","1","21461.m"
"XE","21462","333","1e-04","0.25","-1","0.1","1","1e+07","2","21462.m"
"XE","21463","333","1e-04","0.25","-1","0.1","1","1e+07","3","21463.m"
"XE","21511","333","1e-04","0.75","0.707106781186548","0.1","1","1e+07","1","21511.m"
"XE","21512","333","1e-04","0.75","0.707106781186548","0.1","1","1e+07","2","21512.m"
"XE","21513","333","1e-04","0.75","0.707106781186548","0.1","1","1e+07","3","21513.m"
"XE","21521","333","1e-04","0.75","70.7106781186548","0.1","1","1e+07","1","21521.m"
"XE","21522","333","1e-04","0.75","70.7106781186548","0.1","1","1e+07","2","21522.m"
"XE","21523","333","1e-04","0.75","70.7106781186548","0.1","1","1e+07","3","21523.m"
"XE","21531","333","1e-04","0.75","7071.06781186548","0.1","1","1e+07","1","21531.m"
"XE","21532","333","1e-04","0.75","7071.06781186548","0.1","1","1e+07","2","21532.m"
"XE","21533","333","1e-04","0.75","7071.06781186548","0.1","1","1e+07","3","21533.m"
"XE","21541","333","1e-04","0.75","707106.781186548","0.1","1","1e+07","1","21541.m"
"XE","21542","333","1e-04","0.75","707106.781186548","0.1","1","1e+07","2","21542.m"
"XE","21543","333","1e-04","0.75","707106.781186548","0.1","1","1e+07","3","21543.m"
"XE","21551","333","1e-04","0.75","70710678.1186548","0.1","1","1e+07","1","21551.m"
"XE","21552","333","1e-04","0.75","70710678.1186548","0.1","1","1e+07","2","21552.m"
"XE","21553","333","1e-04","0.75","70710678.1186548","0.1","1","1e+07","3","21553.m"
"XE","21561","333","1e-04","0.75","-1","0.1","1","1e+07","1","21561.m"
"XE","21562","333","1e-04","0.75","-1","0.1","1","1e+07","2","21562.m"
"XE","21563","333","1e-04","0.75","-1","0.1","1","1e+07","3","21563.m"
"XE","22111","333","1e-04","0","0.707106781186548","1","1","1e+07","1","22111.m"
"XE","22112","333","1e-04","0","0.707106781186548","1","1","1e+07","2","22112.m"
"XE","22113","333","1e-04","0","0.707106781186548","1","1","1e+07","3","22113.m"
"XE","22121","333","1e-04","0","70.7106781186548","1","1","1e+07","1","22121.m"
"XE","22122","333","1e-04","0","70.7106781186548","1","1","1e+07","2","22122.m"
"XE","22123","333","1e-04","0","70.7106781186548","1","1","1e+07","3","22123.m"
"XE","22131","333","1e-04","0","7071.06781186548","1","1","1e+07","1","22131.m"
"XE","22132","333","1e-04","0","7071.06781186548","1","1","1e+07","2","22132.m"
"XE","22133","333","1e-04","0","7071.06781186548","1","1","1e+07","3","22133.m"
"XE","22141","333","1e-04","0","707106.781186548","1","1","1e+07","1","22141.m"
"XE","22142","333","1e-04","0","707106.781186548","1","1","1e+07","2","22142.m"
"XE","22143","333","1e-04","0","707106.781186548","1","1","1e+07","3","22143.m"
"XE","22151","333","1e-04","0","70710678.1186548","1","1","1e+07","1","22151.m"
"XE","22152","333","1e-04","0","70710678.1186548","1","1","1e+07","2","22152.m"
"XE","22153","333","1e-04","0","70710678.1186548","1","1","1e+07","3","22153.m"
"XE","22161","333","1e-04","0","-1","1","1","1e+07","1","22161.m"
"XE","22162","333","1e-04","0","-1","1","1","1e+07","2","22162.m"
"XE","22163","333","1e-04","0","-1","1","1","1e+07","3","22163.m"
"XE","22211","333","1e-04","0.5","0.707106781186548","1","1","1e+07","1","22211.m"
"XE","22212","333","1e-04","0.5","0.707106781186548","1","1","1e+07","2","22212.m"
"XE","22213","333","1e-04","0.5","0.707106781186548","1","1","1e+07","3","22213.m"
"XE","22221","333","1e-04","0.5","70.7106781186548","1","1","1e+07","1","22221.m"
"XE","22222","333","1e-04","0.5","70.7106781186548","1","1","1e+07","2","22222.m"
"XE","22223","333","1e-04","0.5","70.7106781186548","1","1","1e+07","3","22223.m"
"XE","22231","333","1e-04","0.5","7071.06781186548","1","1","1e+07","1","22231.m"
"XE","22232","333","1e-04","0.5","7071.06781186548","1","1","1e+07","2","22232.m"
"XE","22233","333","1e-04","0.5","7071.06781186548","1","1","1e+07","3","22233.m"
"XE","22241","333","1e-04","0.5","707106.781186548","1","1","1e+07","1","22241.m"
"XE","22242","333","1e-04","0.5","707106.781186548","1","1","1e+07","2","22242.m"
"XE","22243","333","1e-04","0.5","707106.781186548","1","1","1e+07","3","22243.m"
"XE","22251","333","1e-04","0.5","70710678.1186548","1","1","1e+07","1","22251.m"
"XE","22252","333","1e-04","0.5","70710678.1186548","1","1","1e+07","2","22252.m"
"XE","22253","333","1e-04","0.5","70710678.1186548","1","1","1e+07","3","22253.m"
"XE","22261","333","1e-04","0.5","-1","1","1","1e+07","1","22261.m"
"XE","22262","333","1e-04","0.5","-1","1","1","1e+07","2","22262.m"
"XE","22263","333","1e-04","0.5","-1","1","1","1e+07","3","22263.m"
"XE","22311","333","1e-04","1","0.707106781186548","1","1","1e+07","1","22311.m"
"XE","22312","333","1e-04","1","0.707106781186548","1","1","1e+07","2","22312.m"
"XE","22313","333","1e-04","1","0.707106781186548","1","1","1e+07","3","22313.m"
"XE","22321","333","1e-04","1","70.7106781186548","1","1","1e+07","1","22321.m"
"XE","22322","333","1e-04","1","70.7106781186548","1","1","1e+07","2","22322.m"
"XE","22323","333","1e-04","1","70.7106781186548","1","1","1e+07","3","22323.m"
"XE","22331","333","1e-04","1","7071.06781186548","1","1","1e+07","1","22331.m"
"XE","22332","333","1e-04","1","7071.06781186548","1","1","1e+07","2","22332.m"
"XE","22333","333","1e-04","1","7071.06781186548","1","1","1e+07","3","22333.m"
"XE","22341","333","1e-04","1","707106.781186548","1","1","1e+07","1","22341.m"
"XE","22342","333","1e-04","1","707106.781186548","1","1","1e+07","2","22342.m"
"XE","22343","333","1e-04","1","707106.781186548","1","1","1e+07","3","22343.m"
"XE","22351","333","1e-04","1","70710678.1186548","1","1","1e+07","1","22351.m"
"XE","22352","333","1e-04","1","70710678.1186548","1","1","1e+07","2","22352.m"
"XE","22353","333","1e-04","1","70710678.1186548","1","1","1e+07","3","22353.m"
"XE","22361","333","1e-04","1","-1","1","1","1e+07","1","22361.m"
"XE","22362","333","1e-04","1","-1","1","1","1e+07","2","22362.m"
"XE","22363","333","1e-04","1","-1","1","1","1e+07","3","22363.m"
"XE","22411","333","1e-04","0.25","0.707106781186548","1","1","1e+07","1","22411.m"
"XE","22412","333","1e-04","0.25","0.707106781186548","1","1","1e+07","2","22412.m"
"XE","22413","333","1e-04","0.25","0.707106781186548","1","1","1e+07","3","22413.m"
"XE","22421","333","1e-04","0.25","70.7106781186548","1","1","1e+07","1","22421.m"
"XE","22422","333","1e-04","0.25","70.7106781186548","1","1","1e+07","2","22422.m"
"XE","22423","333","1e-04","0.25","70.7106781186548","1","1","1e+07","3","22423.m"
"XE","22431","333","1e-04","0.25","7071.06781186548","1","1","1e+07","1","22431.m"
"XE","22432","333","1e-04","0.25","7071.06781186548","1","1","1e+07","2","22432.m"
"XE","22433","333","1e-04","0.25","7071.06781186548","1","1","1e+07","3","22433.m"
"XE","22441","333","1e-04","0.25","707106.781186548","1","1","1e+07","1","22441.m"
"XE","22442","333","1e-04","0.25","707106.781186548","1","1","1e+07","2","22442.m"
"XE","22443","333","1e-04","0.25","707106.781186548","1","1","1e+07","3","22443.m"
"XE","22451","333","1e-04","0.25","70710678.1186548","1","1","1e+07","1","22451.m"
"XE","22452","333","1e-04","0.25","70710678.1186548","1","1","1e+07","2","22452.m"
"XE","22453","333","1e-04","0.25","70710678.1186548","1","1","1e+07","3","22453.m"
"XE","22461","333","1e-04","0.25","-1","1","1","1e+07","1","22461.m"
"XE","22462","333","1e-04","0.25","-1","1","1","1e+07","2","22462.m"
"XE","22463","333","1e-04","0.25","-1","1","1","1e+07","3","22463.m"
"XE","22511","333","1e-04","0.75","0.707106781186548","1","1","1e+07","1","22511.m"
"XE","22512","333","1e-04","0.75","0.707106781186548","1","1","1e+07","2","22512.m"
"XE","22513","333","1e-04","0.75","0.707106781186548","1","1","1e+07","3","22513.m"
"XE","22521","333","1e-04","0.75","70.7106781186548","1","1","1e+07","1","22521.m"
"XE","22522","333","1e-04","0.75","70.7106781186548","1","1","1e+07","2","22522.m"
"XE","22523","333","1e-04","0.75","70.7106781186548","1","1","1e+07","3","22523.m"
"XE","22531","333","1e-04","0.75","7071.06781186548","1","1","1e+07","1","22531.m"
"XE","22532","333","1e-04","0.75","7071.06781186548","1","1","1e+07","2","22532.m"
"XE","22533","333","1e-04","0.75","7071.06781186548","1","1","1e+07","3","22533.m"
"XE","22541","333","1e-04","0.75","707106.781186548","1","1","1e+07","1","22541.m"
"XE","22542","333","1e-04","0.75","707106.781186548","1","1","1e+07","2","22542.m"
"XE","22543","333","1e-04","0.75","707106.781186548","1","1","1e+07","3","22543.m"
"XE","22551","333","1e-04","0.75","70710678.1186548","1","1","1e+07","1","22551.m"
"XE","22552","333","1e-04","0.75","70710678.1186548","1","1","1e+07","2","22552.m"
"XE","22553","333","1e-04","0.75","70710678.1186548","1","1","1e+07","3","22553.m"
"XE","22561","333","1e-04","0.75","-1","1","1","1e+07","1","22561.m"
"XE","22562","333","1e-04","0.75","-1","1","1","1e+07","2","22562.m"
"XE","22563","333","1e-04","0.75","-1","1","1","1e+07","3","22563.m"
"XE","23111","333","1e-04","0","0.707106781186548","10","1","1e+07","1","23111.m"
"XE","23112","333","1e-04","0","0.707106781186548","10","1","1e+07","2","23112.m"
"XE","23113","333","1e-04","0","0.707106781186548","10","1","1e+07","3","23113.m"
"XE","23121","333","1e-04","0","70.7106781186548","10","1","1e+07","1","23121.m"
"XE","23122","333","1e-04","0","70.7106781186548","10","1","1e+07","2","23122.m"
"XE","23123","333","1e-04","0","70.7106781186548","10","1","1e+07","3","23123.m"
"XE","23131","333","1e-04","0","7071.06781186548","10","1","1e+07","1","23131.m"
"XE","23132","333","1e-04","0","7071.06781186548","10","1","1e+07","2","23132.m"
"XE","23133","333","1e-04","0","7071.06781186548","10","1","1e+07","3","23133.m"
"XE","23141","333","1e-04","0","707106.781186548","10","1","1e+07","1","23141.m"
"XE","23142","333","1e-04","0","707106.781186548","10","1","1e+07","2","23142.m"
"XE","23143","333","1e-04","0","707106.781186548","10","1","1e+07","3","23143.m"
"XE","23151","333","1e-04","0","70710678.1186548","10","1","1e+07","1","23151.m"
"XE","23152","333","1e-04","0","70710678.1186548","10","1","1e+07","2","23152.m"
"XE","23153","333","1e-04","0","70710678.1186548","10","1","1e+07","3","23153.m"
"XE","23161","333","1e-04","0","-1","10","1","1e+07","1","23161.m"
"XE","23162","333","1e-04","0","-1","10","1","1e+07","2","23162.m"
"XE","23163","333","1e-04","0","-1","10","1","1e+07","3","23163.m"
"XE","23211","333","1e-04","0.5","0.707106781186548","10","1","1e+07","1","23211.m"
"XE","23212","333","1e-04","0.5","0.707106781186548","10","1","1e+07","2","23212.m"
"XE","23213","333","1e-04","0.5","0.707106781186548","10","1","1e+07","3","23213.m"
"XE","23221","333","1e-04","0.5","70.7106781186548","10","1","1e+07","1","23221.m"
"XE","23222","333","1e-04","0.5","70.7106781186548","10","1","1e+07","2","23222.m"
"XE","23223","333","1e-04","0.5","70.7106781186548","10","1","1e+07","3","23223.m"
"XE","23231","333","1e-04","0.5","7071.06781186548","10","1","1e+07","1","23231.m"
"XE","23232","333","1e-04","0.5","7071.06781186548","10","1","1e+07","2","23232.m"
"XE","23233","333","1e-04","0.5","7071.06781186548","10","1","1e+07","3","23233.m"
"XE","23241","333","1e-04","0.5","707106.781186548","10","1","1e+07","1","23241.m"
"XE","23242","333","1e-04","0.5","707106.781186548","10","1","1e+07","2","23242.m"
"XE","23243","333","1e-04","0.5","707106.781186548","10","1","1e+07","3","23243.m"
"XE","23251","333","1e-04","0.5","70710678.1186548","10","1","1e+07","1","23251.m"
"XE","23252","333","1e-04","0.5","70710678.1186548","10","1","1e+07","2","23252.m"
"XE","23253","333","1e-04","0.5","70710678.1186548","10","1","1e+07","3","23253.m"
"XE","23261","333","1e-04","0.5","-1","10","1","1e+07","1","23261.m"
"XE","23262","333","1e-04","0.5","-1","10","1","1e+07","2","23262.m"
"XE","23263","333","1e-04","0.5","-1","10","1","1e+07","3","23263.m"
"XE","23311","333","1e-04","1","0.707106781186548","10","1","1e+07","1","23311.m"
"XE","23312","333","1e-04","1","0.707106781186548","10","1","1e+07","2","23312.m"
"XE","23313","333","1e-04","1","0.707106781186548","10","1","1e+07","3","23313.m"
"XE","23321","333","1e-04","1","70.7106781186548","10","1","1e+07","1","23321.m"
"XE","23322","333","1e-04","1","70.7106781186548","10","1","1e+07","2","23322.m"
"XE","23323","333","1e-04","1","70.7106781186548","10","1","1e+07","3","23323.m"
"XE","23331","333","1e-04","1","7071.06781186548","10","1","1e+07","1","23331.m"
"XE","23332","333","1e-04","1","7071.06781186548","10","1","1e+07","2","23332.m"
"XE","23333","333","1e-04","1","7071.06781186548","10","1","1e+07","3","23333.m"
"XE","23341","333","1e-04","1","707106.781186548","10","1","1e+07","1","23341.m"
"XE","23342","333","1e-04","1","707106.781186548","10","1","1e+07","2","23342.m"
"XE","23343","333","1e-04","1","707106.781186548","10","1","1e+07","3","23343.m"
"XE","23351","333","1e-04","1","70710678.1186548","10","1","1e+07","1","23351.m"
"XE","23352","333","1e-04","1","70710678.1186548","10","1","1e+07","2","23352.m"
"XE","23353","333","1e-04","1","70710678.1186548","10","1","1e+07","3","23353.m"
"XE","23361","333","1e-04","1","-1","10","1","1e+07","1","23361.m"
"XE","23362","333","1e-04","1","-1","10","1","1e+07","2","23362.m"
"XE","23363","333","1e-04","1","-1","10","1","1e+07","3","23363.m"
"XE","23411","333","1e-04","0.25","0.707106781186548","10","1","1e+07","1","23411.m"
"XE","23412","333","1e-04","0.25","0.707106781186548","10","1","1e+07","2","23412.m"
"XE","23413","333","1e-04","0.25","0.707106781186548","10","1","1e+07","3","23413.m"
"XE","23421","333","1e-04","0.25","70.7106781186548","10","1","1e+07","1","23421.m"
"XE","23422","333","1e-04","0.25","70.7106781186548","10","1","1e+07","2","23422.m"
"XE","23423","333","1e-04","0.25","70.7106781186548","10","1","1e+07","3","23423.m"
"XE","23431","333","1e-04","0.25","7071.06781186548","10","1","1e+07","1","23431.m"
"XE","23432","333","1e-04","0.25","7071.06781186548","10","1","1e+07","2","23432.m"
"XE","23433","333","1e-04","0.25","7071.06781186548","10","1","1e+07","3","23433.m"
"XE","23441","333","1e-04","0.25","707106.781186548","10","1","1e+07","1","23441.m"
"XE","23442","333","1e-04","0.25","707106.781186548","10","1","1e+07","2","23442.m"
"XE","23443","333","1e-04","0.25","707106.781186548","10","1","1e+07","3","23443.m"
"XE","23451","333","1e-04","0.25","70710678.1186548","10","1","1e+07","1","23451.m"
"XE","23452","333","1e-04","0.25","70710678.1186548","10","1","1e+07","2","23452.m"
"XE","23453","333","1e-04","0.25","70710678.1186548","10","1","1e+07","3","23453.m"
"XE","23461","333","1e-04","0.25","-1","10","1","1e+07","1","23461.m"
"XE","23462","333","1e-04","0.25","-1","10","1","1e+07","2","23462.m"
"XE","23463","333","1e-04","0.25","-1","10","1","1e+07","3","23463.m"
"XE","23511","333","1e-04","0.75","0.707106781186548","10","1","1e+07","1","23511.m"
"XE","23512","333","1e-04","0.75","0.707106781186548","10","1","1e+07","2","23512.m"
"XE","23513","333","1e-04","0.75","0.707106781186548","10","1","1e+07","3","23513.m"
"XE","23521","333","1e-04","0.75","70.7106781186548","10","1","1e+07","1","23521.m"
"XE","23522","333","1e-04","0.75","70.7106781186548","10","1","1e+07","2","23522.m"
"XE","23523","333","1e-04","0.75","70.7106781186548","10","1","1e+07","3","23523.m"
"XE","23531","333","1e-04","0.75","7071.06781186548","10","1","1e+07","1","23531.m"
"XE","23532","333","1e-04","0.75","7071.06781186548","10","1","1e+07","2","23532.m"
"XE","23533","333","1e-04","0.75","7071.06781186548","10","1","1e+07","3","23533.m"
"XE","23541","333","1e-04","0.75","707106.781186548","10","1","1e+07","1","23541.m"
"XE","23542","333","1e-04","0.75","707106.781186548","10","1","1e+07","2","23542.m"
"XE","23543","333","1e-04","0.75","707106.781186548","10","1","1e+07","3","23543.m"
"XE","23551","333","1e-04","0.75","70710678.1186548","10","1","1e+07","1","23551.m"
"XE","23552","333","1e-04","0.75","70710678.1186548","10","1","1e+07","2","23552.m"
"XE","23553","333","1e-04","0.75","70710678.1186548","10","1","1e+07","3","23553.m"
"XE","23561","333","1e-04","0.75","-1","10","1","1e+07","1","23561.m"
"XE","23562","333","1e-04","0.75","-1","10","1","1e+07","2","23562.m"
"XE","23563","333","1e-04","0.75","-1","10","1","1e+07","3","23563.m"
"XE","31111","333","1e-04","0","0.707106781186548","0.1","10","1e+07","1","31111.m"
"XE","31112","333","1e-04","0","0.707106781186548","0.1","10","1e+07","2","31112.m"
"XE","31113","333","1e-04","0","0.707106781186548","0.1","10","1e+07","3","31113.m"
"XE","31121","333","1e-04","0","70.7106781186548","0.1","10","1e+07","1","31121.m"
"XE","31122","333","1e-04","0","70.7106781186548","0.1","10","1e+07","2","31122.m"
"XE","31123","333","1e-04","0","70.7106781186548","0.1","10","1e+07","3","31123.m"
"XE","31131","333","1e-04","0","7071.06781186548","0.1","10","1e+07","1","31131.m"
"XE","31132","333","1e-04","0","7071.06781186548","0.1","10","1e+07","2","31132.m"
"XE","31133","333","1e-04","0","7071.06781186548","0.1","10","1e+07","3","31133.m"
"XE","31141","333","1e-04","0","707106.781186548","0.1","10","1e+07","1","31141.m"
"XE","31142","333","1e-04","0","707106.781186548","0.1","10","1e+07","2","31142.m"
"XE","31143","333","1e-04","0","707106.781186548","0.1","10","1e+07","3","31143.m"
"XE","31151","333","1e-04","0","70710678.1186548","0.1","10","1e+07","1","31151.m"
"XE","31152","333","1e-04","0","70710678.1186548","0.1","10","1e+07","2","31152.m"
"XE","31153","333","1e-04","0","70710678.1186548","0.1","10","1e+07","3","31153.m"
"XE","31161","333","1e-04","0","-1","0.1","10","1e+07","1","31161.m"
"XE","31162","333","1e-04","0","-1","0.1","10","1e+07","2","31162.m"
"XE","31163","333","1e-04","0","-1","0.1","10","1e+07","3","31163.m"
"XE","31211","333","1e-04","0.5","0.707106781186548","0.1","10","1e+07","1","31211.m"
"XE","31212","333","1e-04","0.5","0.707106781186548","0.1","10","1e+07","2","31212.m"
"XE","31213","333","1e-04","0.5","0.707106781186548","0.1","10","1e+07","3","31213.m"
"XE","31221","333","1e-04","0.5","70.7106781186548","0.1","10","1e+07","1","31221.m"
"XE","31222","333","1e-04","0.5","70.7106781186548","0.1","10","1e+07","2","31222.m"
"XE","31223","333","1e-04","0.5","70.7106781186548","0.1","10","1e+07","3","31223.m"
"XE","31231","333","1e-04","0.5","7071.06781186548","0.1","10","1e+07","1","31231.m"
"XE","31232","333","1e-04","0.5","7071.06781186548","0.1","10","1e+07","2","31232.m"
"XE","31233","333","1e-04","0.5","7071.06781186548","0.1","10","1e+07","3","31233.m"
"XE","31241","333","1e-04","0.5","707106.781186548","0.1","10","1e+07","1","31241.m"
"XE","31242","333","1e-04","0.5","707106.781186548","0.1","10","1e+07","2","31242.m"
"XE","31243","333","1e-04","0.5","707106.781186548","0.1","10","1e+07","3","31243.m"
"XE","31251","333","1e-04","0.5","70710678.1186548","0.1","10","1e+07","1","31251.m"
"XE","31252","333","1e-04","0.5","70710678.1186548","0.1","10","1e+07","2","31252.m"
"XE","31253","333","1e-04","0.5","70710678.1186548","0.1","10","1e+07","3","31253.m"
"XE","31261","333","1e-04","0.5","-1","0.1","10","1e+07","1","31261.m"
"XE","31262","333","1e-04","0.5","-1","0.1","10","1e+07","2","31262.m"
"XE","31263","333","1e-04","0.5","-1","0.1","10","1e+07","3","31263.m"
"XE","31311","333","1e-04","1","0.707106781186548","0.1","10","1e+07","1","31311.m"
"XE","31312","333","1e-04","1","0.707106781186548","0.1","10","1e+07","2","31312.m"
"XE","31313","333","1e-04","1","0.707106781186548","0.1","10","1e+07","3","31313.m"
"XE","31321","333","1e-04","1","70.7106781186548","0.1","10","1e+07","1","31321.m"
"XE","31322","333","1e-04","1","70.7106781186548","0.1","10","1e+07","2","31322.m"
"XE","31323","333","1e-04","1","70.7106781186548","0.1","10","1e+07","3","31323.m"
"XE","31331","333","1e-04","1","7071.06781186548","0.1","10","1e+07","1","31331.m"
"XE","31332","333","1e-04","1","7071.06781186548","0.1","10","1e+07","2","31332.m"
"XE","31333","333","1e-04","1","7071.06781186548","0.1","10","1e+07","3","31333.m"
"XE","31341","333","1e-04","1","707106.781186548","0.1","10","1e+07","1","31341.m"
"XE","31342","333","1e-04","1","707106.781186548","0.1","10","1e+07","2","31342.m"
"XE","31343","333","1e-04","1","707106.781186548","0.1","10","1e+07","3","31343.m"
"XE","31351","333","1e-04","1","70710678.1186548","0.1","10","1e+07","1","31351.m"
"XE","31352","333","1e-04","1","70710678.1186548","0.1","10","1e+07","2","31352.m"
"XE","31353","333","1e-04","1","70710678.1186548","0.1","10","1e+07","3","31353.m"
"XE","31361","333","1e-04","1","-1","0.1","10","1e+07","1","31361.m"
"XE","31362","333","1e-04","1","-1","0.1","10","1e+07","2","31362.m"
"XE","31363","333","1e-04","1","-1","0.1","10","1e+07","3","31363.m"
"XE","31411","333","1e-04","0.25","0.707106781186548","0.1","10","1e+07","1","31411.m"
"XE","31412","333","1e-04","0.25","0.707106781186548","0.1","10","1e+07","2","31412.m"
"XE","31413","333","1e-04","0.25","0.707106781186548","0.1","10","1e+07","3","31413.m"
"XE","31421","333","1e-04","0.25","70.7106781186548","0.1","10","1e+07","1","31421.m"
"XE","31422","333","1e-04","0.25","70.7106781186548","0.1","10","1e+07","2","31422.m"
"XE","31423","333","1e-04","0.25","70.7106781186548","0.1","10","1e+07","3","31423.m"
"XE","31431","333","1e-04","0.25","7071.06781186548","0.1","10","1e+07","1","31431.m"
"XE","31432","333","1e-04","0.25","7071.06781186548","0.1","10","1e+07","2","31432.m"
"XE","31433","333","1e-04","0.25","7071.06781186548","0.1","10","1e+07","3","31433.m"
"XE","31441","333","1e-04","0.25","707106.781186548","0.1","10","1e+07","1","31441.m"
"XE","31442","333","1e-04","0.25","707106.781186548","0.1","10","1e+07","2","31442.m"
"XE","31443","333","1e-04","0.25","707106.781186548","0.1","10","1e+07","3","31443.m"
"XE","31451","333","1e-04","0.25","70710678.1186548","0.1","10","1e+07","1","31451.m"
"XE","31452","333","1e-04","0.25","70710678.1186548","0.1","10","1e+07","2","31452.m"
"XE","31453","333","1e-04","0.25","70710678.1186548","0.1","10","1e+07","3","31453.m"
"XE","31461","333","1e-04","0.25","-1","0.1","10","1e+07","1","31461.m"
"XE","31462","333","1e-04","0.25","-1","0.1","10","1e+07","2","31462.m"
"XE","31463","333","1e-04","0.25","-1","0.1","10","1e+07","3","31463.m"
"XE","31511","333","1e-04","0.75","0.707106781186548","0.1","10","1e+07","1","31511.m"
"XE","31512","333","1e-04","0.75","0.707106781186548","0.1","10","1e+07","2","31512.m"
"XE","31513","333","1e-04","0.75","0.707106781186548","0.1","10","1e+07","3","31513.m"
"XE","31521","333","1e-04","0.75","70.7106781186548","0.1","10","1e+07","1","31521.m"
"XE","31522","333","1e-04","0.75","70.7106781186548","0.1","10","1e+07","2","31522.m"
"XE","31523","333","1e-04","0.75","70.7106781186548","0.1","10","1e+07","3","31523.m"
"XE","31531","333","1e-04","0.75","7071.06781186548","0.1","10","1e+07","1","31531.m"
"XE","31532","333","1e-04","0.75","7071.06781186548","0.1","10","1e+07","2","31532.m"
"XE","31533","333","1e-04","0.75","7071.06781186548","0.1","10","1e+07","3","31533.m"
"XE","31541","333","1e-04","0.75","707106.781186548","0.1","10","1e+07","1","31541.m"
"XE","31542","333","1e-04","0.75","707106.781186548","0.1","10","1e+07","2","31542.m"
"XE","31543","333","1e-04","0.75","707106.781186548","0.1","10","1e+07","3","31543.m"
"XE","31551","333","1e-04","0.75","70710678.1186548","0.1","10","1e+07","1","31551.m"
"XE","31552","333","1e-04","0.75","70710678.1186548","0.1","10","1e+07","2","31552.m"
"XE","31553","333","1e-04","0.75","70710678.1186548","0.1","10","1e+07","3","31553.m"
"XE","31561","333","1e-04","0.75","-1","0.1","10","1e+07","1","31561.m"
"XE","31562","333","1e-04","0.75","-1","0.1","10","1e+07","2","31562.m"
"XE","31563","333","1e-04","0.75","-1","0.1","10","1e+07","3","31563.m"
"XE","32111","333","1e-04","0","0.707106781186548","1","10","1e+07","1","32111.m"
"XE","32112","333","1e-04","0","0.707106781186548","1","10","1e+07","2","32112.m"
"XE","32113","333","1e-04","0","0.707106781186548","1","10","1e+07","3","32113.m"
"XE","32121","333","1e-04","0","70.7106781186548","1","10","1e+07","1","32121.m"
"XE","32122","333","1e-04","0","70.7106781186548","1","10","1e+07","2","32122.m"
"XE","32123","333","1e-04","0","70.7106781186548","1","10","1e+07","3","32123.m"
"XE","32131","333","1e-04","0","7071.06781186548","1","10","1e+07","1","32131.m"
"XE","32132","333","1e-04","0","7071.06781186548","1","10","1e+07","2","32132.m"
"XE","32133","333","1e-04","0","7071.06781186548","1","10","1e+07","3","32133.m"
"XE","32141","333","1e-04","0","707106.781186548","1","10","1e+07","1","32141.m"
"XE","32142","333","1e-04","0","707106.781186548","1","10","1e+07","2","32142.m"
"XE","32143","333","1e-04","0","707106.781186548","1","10","1e+07","3","32143.m"
"XE","32151","333","1e-04","0","70710678.1186548","1","10","1e+07","1","32151.m"
"XE","32152","333","1e-04","0","70710678.1186548","1","10","1e+07","2","32152.m"
"XE","32153","333","1e-04","0","70710678.1186548","1","10","1e+07","3","32153.m"
"XE","32161","333","1e-04","0","-1","1","10","1e+07","1","32161.m"
"XE","32162","333","1e-04","0","-1","1","10","1e+07","2","32162.m"
"XE","32163","333","1e-04","0","-1","1","10","1e+07","3","32163.m"
"XE","32211","333","1e-04","0.5","0.707106781186548","1","10","1e+07","1","32211.m"
"XE","32212","333","1e-04","0.5","0.707106781186548","1","10","1e+07","2","32212.m"
"XE","32213","333","1e-04","0.5","0.707106781186548","1","10","1e+07","3","32213.m"
"XE","32221","333","1e-04","0.5","70.7106781186548","1","10","1e+07","1","32221.m"
"XE","32222","333","1e-04","0.5","70.7106781186548","1","10","1e+07","2","32222.m"
"XE","32223","333","1e-04","0.5","70.7106781186548","1","10","1e+07","3","32223.m"
"XE","32231","333","1e-04","0.5","7071.06781186548","1","10","1e+07","1","32231.m"
"XE","32232","333","1e-04","0.5","7071.06781186548","1","10","1e+07","2","32232.m"
"XE","32233","333","1e-04","0.5","7071.06781186548","1","10","1e+07","3","32233.m"
"XE","32241","333","1e-04","0.5","707106.781186548","1","10","1e+07","1","32241.m"
"XE","32242","333","1e-04","0.5","707106.781186548","1","10","1e+07","2","32242.m"
"XE","32243","333","1e-04","0.5","707106.781186548","1","10","1e+07","3","32243.m"
"XE","32251","333","1e-04","0.5","70710678.1186548","1","10","1e+07","1","32251.m"
"XE","32252","333","1e-04","0.5","70710678.1186548","1","10","1e+07","2","32252.m"
"XE","32253","333","1e-04","0.5","70710678.1186548","1","10","1e+07","3","32253.m"
"XE","32261","333","1e-04","0.5","-1","1","10","1e+07","1","32261.m"
"XE","32262","333","1e-04","0.5","-1","1","10","1e+07","2","32262.m"
"XE","32263","333","1e-04","0.5","-1","1","10","1e+07","3","32263.m"
"XE","32311","333","1e-04","1","0.707106781186548","1","10","1e+07","1","32311.m"
"XE","32312","333","1e-04","1","0.707106781186548","1","10","1e+07","2","32312.m"
"XE","32313","333","1e-04","1","0.707106781186548","1","10","1e+07","3","32313.m"
"XE","32321","333","1e-04","1","70.7106781186548","1","10","1e+07","1","32321.m"
"XE","32322","333","1e-04","1","70.7106781186548","1","10","1e+07","2","32322.m"
"XE","32323","333","1e-04","1","70.7106781186548","1","10","1e+07","3","32323.m"
"XE","32331","333","1e-04","1","7071.06781186548","1","10","1e+07","1","32331.m"
"XE","32332","333","1e-04","1","7071.06781186548","1","10","1e+07","2","32332.m"
"XE","32333","333","1e-04","1","7071.06781186548","1","10","1e+07","3","32333.m"
"XE","32341","333","1e-04","1","707106.781186548","1","10","1e+07","1","32341.m"
"XE","32342","333","1e-04","1","707106.781186548","1","10","1e+07","2","32342.m"
"XE","32343","333","1e-04","1","707106.781186548","1","10","1e+07","3","32343.m"
"XE","32351","333","1e-04","1","70710678.1186548","1","10","1e+07","1","32351.m"
"XE","32352","333","1e-04","1","70710678.1186548","1","10","1e+07","2","32352.m"
"XE","32353","333","1e-04","1","70710678.1186548","1","10","1e+07","3","32353.m"
"XE","32361","333","1e-04","1","-1","1","10","1e+07","1","32361.m"
"XE","32362","333","1e-04","1","-1","1","10","1e+07","2","32362.m"
"XE","32363","333","1e-04","1","-1","1","10","1e+07","3","32363.m"
"XE","32411","333","1e-04","0.25","0.707106781186548","1","10","1e+07","1","32411.m"
"XE","32412","333","1e-04","0.25","0.707106781186548","1","10","1e+07","2","32412.m"
"XE","32413","333","1e-04","0.25","0.707106781186548","1","10","1e+07","3","32413.m"
"XE","32421","333","1e-04","0.25","70.7106781186548","1","10","1e+07","1","32421.m"
"XE","32422","333","1e-04","0.25","70.7106781186548","1","10","1e+07","2","32422.m"
"XE","32423","333","1e-04","0.25","70.7106781186548","1","10","1e+07","3","32423.m"
"XE","32431","333","1e-04","0.25","7071.06781186548","1","10","1e+07","1","32431.m"
"XE","32432","333","1e-04","0.25","7071.06781186548","1","10","1e+07","2","32432.m"
"XE","32433","333","1e-04","0.25","7071.06781186548","1","10","1e+07","3","32433.m"
"XE","32441","333","1e-04","0.25","707106.781186548","1","10","1e+07","1","32441.m"
"XE","32442","333","1e-04","0.25","707106.781186548","1","10","1e+07","2","32442.m"
"XE","32443","333","1e-04","0.25","707106.781186548","1","10","1e+07","3","32443.m"
"XE","32451","333","1e-04","0.25","70710678.1186548","1","10","1e+07","1","32451.m"
"XE","32452","333","1e-04","0.25","70710678.1186548","1","10","1e+07","2","32452.m"
"XE","32453","333","1e-04","0.25","70710678.1186548","1","10","1e+07","3","32453.m"
"XE","32461","333","1e-04","0.25","-1","1","10","1e+07","1","32461.m"
"XE","32462","333","1e-04","0.25","-1","1","10","1e+07","2","32462.m"
"XE","32463","333","1e-04","0.25","-1","1","10","1e+07","3","32463.m"
"XE","32511","333","1e-04","0.75","0.707106781186548","1","10","1e+07","1","32511.m"
"XE","32512","333","1e-04","0.75","0.707106781186548","1","10","1e+07","2","32512.m"
"XE","32513","333","1e-04","0.75","0.707106781186548","1","10","1e+07","3","32513.m"
"XE","32521","333","1e-04","0.75","70.7106781186548","1","10","1e+07","1","32521.m"
"XE","32522","333","1e-04","0.75","70.7106781186548","1","10","1e+07","2","32522.m"
"XE","32523","333","1e-04","0.75","70.7106781186548","1","10","1e+07","3","32523.m"
"XE","32531","333","1e-04","0.75","7071.06781186548","1","10","1e+07","1","32531.m"
"XE","32532","333","1e-04","0.75","7071.06781186548","1","10","1e+07","2","32532.m"
"XE","32533","333","1e-04","0.75","7071.06781186548","1","10","1e+07","3","32533.m"
"XE","32541","333","1e-04","0.75","707106.781186548","1","10","1e+07","1","32541.m"
"XE","32542","333","1e-04","0.75","707106.781186548","1","10","1e+07","2","32542.m"
"XE","32543","333","1e-04","0.75","707106.781186548","1","10","1e+07","3","32543.m"
"XE","32551","333","1e-04","0.75","70710678.1186548","1","10","1e+07","1","32551.m"
"XE","32552","333","1e-04","0.75","70710678.1186548","1","10","1e+07","2","32552.m"
"XE","32553","333","1e-04","0.75","70710678.1186548","1","10","1e+07","3","32553.m"
"XE","32561","333","1e-04","0.75","-1","1","10","1e+07","1","32561.m"
"XE","32562","333","1e-04","0.75","-1","1","10","1e+07","2","32562.m"
"XE","32563","333","1e-04","0.75","-1","1","10","1e+07","3","32563.m"
"XE","33111","333","1e-04","0","0.707106781186548","10","10","1e+07","1","33111.m"
"XE","33112","333","1e-04","0","0.707106781186548","10","10","1e+07","2","33112.m"
"XE","33113","333","1e-04","0","0.707106781186548","10","10","1e+07","3","33113.m"
"XE","33121","333","1e-04","0","70.7106781186548","10","10","1e+07","1","33121.m"
"XE","33122","333","1e-04","0","70.7106781186548","10","10","1e+07","2","33122.m"
"XE","33123","333","1e-04","0","70.7106781186548","10","10","1e+07","3","33123.m"
"XE","33131","333","1e-04","0","7071.06781186548","10","10","1e+07","1","33131.m"
"XE","33132","333","1e-04","0","7071.06781186548","10","10","1e+07","2","33132.m"
"XE","33133","333","1e-04","0","7071.06781186548","10","10","1e+07","3","33133.m"
"XE","33141","333","1e-04","0","707106.781186548","10","10","1e+07","1","33141.m"
"XE","33142","333","1e-04","0","707106.781186548","10","10","1e+07","2","33142.m"
"XE","33143","333","1e-04","0","707106.781186548","10","10","1e+07","3","33143.m"
"XE","33151","333","1e-04","0","70710678.1186548","10","10","1e+07","1","33151.m"
"XE","33152","333","1e-04","0","70710678.1186548","10","10","1e+07","2","33152.m"
"XE","33153","333","1e-04","0","70710678.1186548","10","10","1e+07","3","33153.m"
"XE","33161","333","1e-04","0","-1","10","10","1e+07","1","33161.m"
"XE","33162","333","1e-04","0","-1","10","10","1e+07","2","33162.m"
"XE","33163","333","1e-04","0","-1","10","10","1e+07","3","33163.m"
"XE","33211","333","1e-04","0.5","0.707106781186548","10","10","1e+07","1","33211.m"
"XE","33212","333","1e-04","0.5","0.707106781186548","10","10","1e+07","2","33212.m"
"XE","33213","333","1e-04","0.5","0.707106781186548","10","10","1e+07","3","33213.m"
"XE","33221","333","1e-04","0.5","70.7106781186548","10","10","1e+07","1","33221.m"
"XE","33222","333","1e-04","0.5","70.7106781186548","10","10","1e+07","2","33222.m"
"XE","33223","333","1e-04","0.5","70.7106781186548","10","10","1e+07","3","33223.m"
"XE","33231","333","1e-04","0.5","7071.06781186548","10","10","1e+07","1","33231.m"
"XE","33232","333","1e-04","0.5","7071.06781186548","10","10","1e+07","2","33232.m"
"XE","33233","333","1e-04","0.5","7071.06781186548","10","10","1e+07","3","33233.m"
"XE","33241","333","1e-04","0.5","707106.781186548","10","10","1e+07","1","33241.m"
"XE","33242","333","1e-04","0.5","707106.781186548","10","10","1e+07","2","33242.m"
"XE","33243","333","1e-04","0.5","707106.781186548","10","10","1e+07","3","33243.m"
"XE","33251","333","1e-04","0.5","70710678.1186548","10","10","1e+07","1","33251.m"
"XE","33252","333","1e-04","0.5","70710678.1186548","10","10","1e+07","2","33252.m"
"XE","33253","333","1e-04","0.5","70710678.1186548","10","10","1e+07","3","33253.m"
"XE","33261","333","1e-04","0.5","-1","10","10","1e+07","1","33261.m"
"XE","33262","333","1e-04","0.5","-1","10","10","1e+07","2","33262.m"
"XE","33263","333","1e-04","0.5","-1","10","10","1e+07","3","33263.m"
"XE","33311","333","1e-04","1","0.707106781186548","10","10","1e+07","1","33311.m"
"XE","33312","333","1e-04","1","0.707106781186548","10","10","1e+07","2","33312.m"
"XE","33313","333","1e-04","1","0.707106781186548","10","10","1e+07","3","33313.m"
"XE","33321","333","1e-04","1","70.7106781186548","10","10","1e+07","1","33321.m"
"XE","33322","333","1e-04","1","70.7106781186548","10","10","1e+07","2","33322.m"
"XE","33323","333","1e-04","1","70.7106781186548","10","10","1e+07","3","33323.m"
"XE","33331","333","1e-04","1","7071.06781186548","10","10","1e+07","1","33331.m"
"XE","33332","333","1e-04","1","7071.06781186548","10","10","1e+07","2","33332.m"
"XE","33333","333","1e-04","1","7071.06781186548","10","10","1e+07","3","33333.m"
"XE","33341","333","1e-04","1","707106.781186548","10","10","1e+07","1","33341.m"
"XE","33342","333","1e-04","1","707106.781186548","10","10","1e+07","2","33342.m"
"XE","33343","333","1e-04","1","707106.781186548","10","10","1e+07","3","33343.m"
"XE","33351","333","1e-04","1","70710678.1186548","10","10","1e+07","1","33351.m"
"XE","33352","333","1e-04","1","70710678.1186548","10","10","1e+07","2","33352.m"
"XE","33353","333","1e-04","1","70710678.1186548","10","10","1e+07","3","33353.m"
"XE","33361","333","1e-04","1","-1","10","10","1e+07","1","33361.m"
"XE","33362","333","1e-04","1","-1","10","10","1e+07","2","33362.m"
"XE","33363","333","1e-04","1","-1","10","10","1e+07","3","33363.m"
"XE","33411","333","1e-04","0.25","0.707106781186548","10","10","1e+07","1","33411.m"
"XE","33412","333","1e-04","0.25","0.707106781186548","10","10","1e+07","2","33412.m"
"XE","33413","333","1e-04","0.25","0.707106781186548","10","10","1e+07","3","33413.m"
"XE","33421","333","1e-04","0.25","70.7106781186548","10","10","1e+07","1","33421.m"
"XE","33422","333","1e-04","0.25","70.7106781186548","10","10","1e+07","2","33422.m"
"XE","33423","333","1e-04","0.25","70.7106781186548","10","10","1e+07","3","33423.m"
"XE","33431","333","1e-04","0.25","7071.06781186548","10","10","1e+07","1","33431.m"
"XE","33432","333","1e-04","0.25","7071.06781186548","10","10","1e+07","2","33432.m"
"XE","33433","333","1e-04","0.25","7071.06781186548","10","10","1e+07","3","33433.m"
"XE","33441","333","1e-04","0.25","707106.781186548","10","10","1e+07","1","33441.m"
"XE","33442","333","1e-04","0.25","707106.781186548","10","10","1e+07","2","33442.m"
"XE","33443","333","1e-04","0.25","707106.781186548","10","10","1e+07","3","33443.m"
"XE","33451","333","1e-04","0.25","70710678.1186548","10","10","1e+07","1","33451.m"
"XE","33452","333","1e-04","0.25","70710678.1186548","10","10","1e+07","2","33452.m"
"XE","33453","333","1e-04","0.25","70710678.1186548","10","10","1e+07","3","33453.m"
"XE","33461","333","1e-04","0.25","-1","10","10","1e+07","1","33461.m"
"XE","33462","333","1e-04","0.25","-1","10","10","1e+07","2","33462.m"
"XE","33463","333","1e-04","0.25","-1","10","10","1e+07","3","33463.m"
"XE","33511","333","1e-04","0.75","0.707106781186548","10","10","1e+07","1","33511.m"
"XE","33512","333","1e-04","0.75","0.707106781186548","10","10","1e+07","2","33512.m"
"XE","33513","333","1e-04","0.75","0.707106781186548","10","10","1e+07","3","33513.m"
"XE","33521","333","1e-04","0.75","70.7106781186548","10","10","1e+07","1","33521.m"
"XE","33522","333","1e-04","0.75","70.7106781186548","10","10","1e+07","2","33522.m"
"XE","33523","333","1e-04","0.75","70.7106781186548","10","10","1e+07","3","33523.m"
"XE","33531","333","1e-04","0.75","7071.06781186548","10","10","1e+07","1","33531.m"
"XE","33532","333","1e-04","0.75","7071.06781186548","10","10","1e+07","2","33532.m"
"XE","33533","333","1e-04","0.75","7071.06781186548","10","10","1e+07","3","33533.m"
"XE","33541","333","1e-04","0.75","707106.781186548","10","10","1e+07","1","33541.m"
"XE","33542","333","1e-04","0.75","707106.781186548","10","10","1e+07","2","33542.m"
"XE","33543","333","1e-04","0.75","707106.781186548","10","10","1e+07","3","33543.m"
"XE","33551","333","1e-04","0.75","70710678.1186548","10","10","1e+07","1","33551.m"
"XE","33552","333","1e-04","0.75","70710678.1186548","10","10","1e+07","2","33552.m"
"XE","33553","333","1e-04","0.75","70710678.1186548","10","10","1e+07","3","33553.m"
"XE","33561","333","1e-04","0.75","-1","10","10","1e+07","1","33561.m"
"XE","33562","333","1e-04","0.75","-1","10","10","1e+07","2","33562.m"
"XE","33563","333","1e-04","0.75","-1","10","10","1e+07","3","33563.m"
