"","spp.name","region"
"1",15168,1
"2",21841,1
"3",23671,1
"4",25169,1
"5",45154,1
"6",49497,1
"7",52646,1
"8",53345,1
"9",54474,1
"10",57266,1
"11",57402,1
"12",58543,1
"13",60090,1
"14",61911,1
"15",65923,3
"16",67430,1
"17",67933,2
"18",69265,1
"19",70253,2
"20",73506,1
"21",74369,2
"22",76930,1
"23",77049,1
"24",77360,2
"25",77581,1
"26",77882,2
"27",79416,3
"28",79920,1
"29",81433,1
"30",81513,3
"31",81783,1
"32",82141,1
"33",82232,2
"34",82573,1
"35",82765,1
"36",83431,2
"37",83674,1
"38",83745,1
"39",85270,2
"40",86374,1
"41",86683,1
"42",86896,4
"43",87647,1
"44",88004,2
"45",88233,1
"46",89182,1
"47",89390,2
"48",89434,1
"49",89743,5
"50",90371,1
"51",91178,4
"52",91276,1
"53",91304,2
"54",91450,4
"55",91582,1
"56",92038,3
"57",92265,2
"58",92368,4
"59",92471,1
"60",92703,1
"61",92731,1
"62",92892,2
"63",93681,2
"64",94005,3
"65",94139,2
"66",94351,2
"67",94437,1
"68",94683,4
"69",94925,2
"70",95028,1
"71",95047,1
"72",95324,1
"73",95673,3
"74",95756,1
"75",95784,1
"76",95917,3
"77",97017,1
"78",97073,3
"79",97152,4
"80",97435,2
"81",97454,2
"82",97665,3
"83",97956,2
"84",98223,2
"85",98313,2
"86",98332,2
"87",98464,4
"88",98600,1
"89",98691,5
"90",99170,5
"91",99254,3
"92",99296,1
"93",99745,1
"94",99846,1
"95",100017,2
"96",100328,6
"97",100349,1
"98",100430,3
"99",100465,2
"100",100551,4
"101",100578,2
"102",100909,4
"103",100921,3
"104",101096,4
"105",101378,1
"106",101496,3
"107",101560,2
"108",101816,1
"109",102070,1
"110",102490,2
"111",102641,2
"112",102810,3
"113",102954,1
"114",103099,2
"115",103135,7
"116",103214,2
"117",103257,1
"118",103292,2
"119",103305,1
"120",103485,6
"121",103499,6
"122",103553,1
"123",103856,2
"124",104082,4
"125",104151,1
"126",104226,8
"127",104295,2
"128",104343,2
"129",104403,3
"130",104586,2
"131",104760,1
"132",104939,3
"133",105023,5
"134",105093,3
"135",105181,4
"136",105438,2
"137",105551,3
"138",105591,1
"139",105616,5
"140",105931,2
"141",105951,2
"142",105970,3
"143",106160,2
"144",106402,2
"145",106443,1
"146",106454,4
"147",106552,5
"148",106603,2
"149",106648,5
"150",106827,3
"151",106889,3
"152",107001,3
"153",107085,1
"154",107102,2
"155",107333,2
"156",107392,1
"157",107544,3
"158",107566,4
"159",107617,1
"160",107629,1
"161",107636,6
"162",107665,6
"163",107671,4
"164",108090,3
"165",108251,1
"166",108390,2
"167",108465,3
"168",108466,2
"169",108488,3
"170",108542,1
"171",108556,7
"172",108653,4
"173",108657,8
"174",108711,1
"175",108734,3
"176",108751,3
"177",108770,5
"178",108772,1
"179",108786,1
"180",108792,2
"181",108870,1
"182",108972,9
"183",109009,5
"184",109058,2
"185",109085,1
"186",109116,8
"187",109158,2
"188",109201,4
"189",109235,3
"190",109244,1
"191",109284,1
"192",109332,3
"193",109345,5
"194",109430,4
"195",109490,7
"196",109524,4
"197",109534,1
"198",109539,2
"199",109612,6
"200",109655,4
"201",109709,5
"202",109800,2
"203",109912,1
"204",109980,5
"205",109986,5
"206",109987,3
"207",110021,9
"208",110081,4
"209",110125,2
"210",110202,8
"211",110211,2
"212",110272,7
"213",110394,1
"214",110500,1
"215",110504,3
"216",110580,5
"217",110676,4
"218",110703,5
"219",110724,1
"220",110753,8
"221",110795,4
"222",110797,1
"223",110803,1
"224",110809,4
"225",110836,5
"226",110852,7
"227",110908,4
"228",110945,3
"229",110954,6
"230",111001,6
"231",111032,1
"232",111067,9
"233",111122,3
"234",111151,1
"235",111271,5
"236",111276,7
"237",111301,2
"238",111382,8
"239",111412,1
"240",111479,6
"241",111551,2
"242",111704,4
"243",111706,4
"244",111724,4
"245",111938,8
"246",112026,2
"247",112029,4
"248",112061,2
"249",112074,2
"250",112158,2
"251",112175,4
"252",112198,2
"253",112237,3
"254",112238,1
"255",112239,1
"256",112382,7
"257",112406,1
"258",112407,2
"259",112421,5
"260",112427,5
"261",112520,2
"262",112535,2
"263",112580,2
"264",112610,1
"265",112649,7
"266",112702,4
"267",112722,2
"268",112737,4
"269",112749,2
"270",112757,3
"271",112787,1
"272",112828,1
"273",112841,6
"274",112864,1
"275",112936,2
"276",113017,6
"277",113043,2
"278",113047,3
"279",113102,2
"280",113167,3
"281",113191,7
"282",113227,1
"283",113229,3
"284",113241,1
"285",113262,1
"286",113326,2
"287",113411,3
"288",113438,9
"289",113494,3
"290",113540,4
"291",113612,4
"292",113644,4
"293",113694,4
"294",113742,2
"295",113798,6
"296",113829,5
"297",113834,1
"298",113865,1
"299",113866,2
"300",113903,1
"301",113905,2
"302",113918,4
"303",113920,2
"304",113922,7
"305",113948,6
"306",113956,1
"307",113957,4
"308",114011,8
"309",114037,4
"310",114046,7
"311",114086,3
"312",114122,1
"313",114123,1
"314",114168,5
"315",114228,2
"316",114301,9
"317",114342,6
"318",114495,1
"319",114520,5
"320",114570,7
"321",114585,2
"322",114588,3
"323",114590,7
"324",114606,2
"325",114647,4
"326",114653,5
"327",114700,5
"328",114761,4
"329",114800,1
"330",114815,10
"331",114819,4
"332",114856,2
"333",114859,2
"334",114932,5
"335",114943,8
"336",115065,8
"337",115068,5
"338",115116,4
"339",115131,3
"340",115137,9
"341",115151,7
"342",115153,1
"343",115159,9
"344",115163,1
"345",115224,1
"346",115279,2
"347",115287,2
"348",115308,5
"349",115352,4
"350",115397,9
"351",115431,2
"352",115436,7
"353",115445,3
"354",115460,1
"355",115465,7
"356",115468,7
"357",115474,8
"358",115490,9
"359",115508,3
"360",115608,6
"361",115661,10
"362",115708,4
"363",115788,1
"364",115822,7
"365",115834,5
"366",115874,2
"367",115887,3
"368",115894,4
"369",115919,2
"370",115930,5
"371",115933,3
"372",115944,4
"373",115968,4
"374",115974,5
"375",115996,8
"376",116000,2
"377",116016,2
"378",116057,1
"379",116103,1
"380",116104,2
"381",116120,1
"382",116234,10
"383",116246,8
"384",116275,3
"385",116349,2
"386",116361,1
"387",116423,2
"388",116424,4
"389",116438,8
"390",116457,6
"391",116462,1
"392",116466,3
"393",116506,7
"394",116529,2
"395",116612,3
"396",116628,6
"397",116638,1
"398",116699,8
"399",116708,3
"400",116710,3
"401",116713,7
"402",116740,7
"403",116769,6
"404",116774,6
"405",116777,5
"406",116794,4
"407",116810,5
"408",116826,1
"409",116829,6
"410",116896,2
"411",116897,2
"412",116914,2
"413",116975,6
"414",116977,3
"415",117032,8
"416",117067,1
"417",117130,2
"418",117146,2
"419",117195,7
"420",117262,6
"421",117271,3
"422",117336,7
"423",117344,4
"424",117392,7
"425",117427,6
"426",117451,5
"427",117453,5
"428",117487,2
"429",117514,3
"430",117528,3
"431",117541,1
"432",117545,6
"433",117574,9
"434",117585,2
"435",117603,6
"436",117619,6
"437",117638,9
"438",117641,1
"439",117652,2
"440",117661,7
"441",117675,9
"442",117688,2
"443",117689,2
"444",117707,2
"445",117729,1
"446",117747,1
"447",117778,5
"448",117782,4
"449",117784,8
"450",117795,8
"451",117800,3
"452",117815,2
"453",117816,3
"454",117824,1
"455",117830,4
"456",117878,7
"457",117924,1
"458",117941,2
"459",117969,2
"460",117981,2
"461",118035,5
"462",118038,4
"463",118061,9
"464",118073,8
"465",118083,4
"466",118152,10
"467",118181,7
"468",118184,8
"469",118190,1
"470",118215,2
"471",118221,7
"472",118225,10
"473",118227,3
"474",118250,3
"475",118253,7
"476",118267,7
"477",118327,5
"478",118338,5
"479",118355,4
"480",118407,5
"481",118426,5
"482",118432,1
"483",118457,10
"484",118470,2
"485",118482,7
"486",118505,10
"487",118558,4
"488",118565,9
"489",118576,1
"490",118577,1
"491",118590,1
"492",118599,2
"493",118625,3
"494",118626,6
"495",118640,3
"496",118662,5
"497",118668,4
"498",118684,3
"499",118691,1
"500",118708,2
"501",118709,10
"502",118716,6
"503",118750,4
"504",118782,9
"505",118787,3
"506",118804,3
"507",118845,1
"508",118860,2
"509",118865,6
"510",118877,10
"511",118893,7
"512",118900,2
"513",118919,1
"514",118948,4
"515",118976,5
"516",119021,10
"517",119024,4
"518",119046,9
"519",119071,3
"520",119073,6
"521",119078,5
"522",119099,5
"523",119107,1
"524",119145,4
"525",119153,2
"526",119192,4
"527",119225,1
"528",119246,2
"529",119311,1
"530",119324,6
"531",119340,9
"532",119356,9
"533",119361,3
"534",119380,2
"535",119401,9
"536",119412,5
"537",119415,4
"538",119416,7
"539",119436,1
"540",119445,4
"541",119448,4
"542",119460,1
"543",119482,6
"544",119489,9
"545",119491,5
"546",119494,7
"547",119510,6
"548",119512,7
"549",119517,6
"550",119525,8
"551",119546,2
"552",119549,10
"553",119552,8
"554",119557,2
"555",119563,1
"556",119587,1
"557",119599,9
"558",119628,7
"559",119640,4
"560",119646,9
"561",119647,3
"562",119654,7
"563",119658,7
"564",119667,3
"565",119669,4
"566",119687,1
"567",119723,8
"568",119725,1
"569",119736,1
"570",119764,2
"571",119765,2
"572",119767,8
"573",119793,1
"574",119795,4
"575",119803,10
"576",119805,4
"577",119811,8
"578",119855,1
"579",119871,2
"580",119874,9
"581",119882,4
"582",119884,10
"583",119911,5
"584",119932,9
"585",119947,8
"586",119997,7
"587",120017,5
"588",120033,8
"589",120036,3
"590",120040,3
"591",120049,1
"592",120054,1
"593",120070,9
"594",120079,10
"595",120083,4
"596",120104,2
"597",120119,4
"598",120121,10
"599",120130,8
"600",120150,8
"601",120165,3
"602",120170,5
"603",120187,1
"604",120189,7
"605",120208,7
"606",120222,1
"607",120232,5
"608",120255,9
"609",120258,3
"610",120267,1
"611",120273,5
"612",120283,2
"613",120295,7
"614",120302,4
"615",120303,3
"616",120305,7
"617",120337,3
"618",120350,5
"619",120351,6
"620",120352,4
"621",120371,3
"622",120372,5
"623",120379,1
"624",120393,3
"625",120417,3
"626",120437,6
"627",120440,8
"628",120446,10
"629",120457,6
"630",120459,8
"631",120471,2
"632",120473,9
"633",120494,1
"634",120513,6
"635",120514,7
"636",120519,1
"637",120520,10
"638",120534,5
"639",120561,2
"640",120563,4
"641",120583,4
"642",120609,4
"643",120610,5
"644",120623,9
"645",120624,10
"646",120625,7
"647",120626,8
"648",120631,7
"649",120646,5
"650",120658,2
"651",120659,10
"652",120682,2
"653",120685,2
"654",120690,3
"655",120700,4
"656",120703,3
"657",120718,5
"658",120733,3
"659",120739,2
"660",120741,10
"661",120759,8
"662",120777,5
"663",120801,6
"664",120804,4
"665",120830,8
"666",120835,1
"667",120842,10
"668",120845,2
"669",120862,7
"670",120863,9
"671",120864,3
"672",120865,7
"673",120878,8
"674",120919,3
"675",120926,6
"676",120935,8
"677",120936,8
"678",120942,6
"679",120946,1
"680",120953,5
"681",120959,9
"682",120962,4
"683",120963,8
"684",120969,4
"685",120972,2
"686",121005,3
"687",121026,6
"688",121027,7
"689",121034,6
"690",121058,9
"691",121064,2
"692",121073,3
"693",121076,6
"694",121090,2
"695",121094,8
"696",121121,1
"697",121124,5
"698",121130,2
"699",121151,9
"700",121157,9
"701",121187,7
"702",121196,6
"703",121201,2
"704",121203,4
"705",121207,2
"706",121213,7
"707",121215,4
"708",121227,5
"709",121231,7
"710",121233,2
"711",121242,2
"712",121247,8
"713",121260,1
"714",121274,10
"715",121282,4
"716",121288,3
"717",121290,3
"718",121303,7
"719",121305,1
"720",121307,2
"721",121308,5
"722",121311,3
"723",121322,5
"724",121326,1
"725",121344,5
"726",121349,10
"727",121369,6
"728",121372,6
"729",121388,7
"730",121395,5
"731",121405,1
"732",121413,5
"733",121423,2
"734",121425,4
"735",121436,5
"736",121442,9
"737",121453,5
"738",121468,2
"739",121478,8
"740",121487,9
"741",121495,6
"742",121512,9
"743",121514,6
"744",121527,3
"745",121532,8
"746",121537,3
"747",121558,4
"748",121571,3
"749",121587,5
"750",121592,8
"751",121601,6
"752",121603,3
"753",121605,5
"754",121612,5
"755",121625,2
"756",121633,9
"757",121646,2
"758",121649,4
"759",121665,3
"760",121674,4
"761",121677,6
"762",121692,5
"763",121707,4
"764",121733,10
"765",121734,6
"766",121753,2
"767",121757,5
"768",121777,9
"769",121792,8
"770",121799,5
"771",121814,4
"772",121822,6
"773",121828,1
"774",121838,6
"775",121856,1
"776",121857,5
"777",121859,5
"778",121863,6
"779",121877,6
"780",121889,8
"781",121896,9
"782",121907,1
"783",121911,5
"784",121920,7
"785",121927,4
"786",121938,8
"787",121944,5
"788",121952,6
"789",121961,3
"790",121970,5
"791",121978,3
"792",121980,7
"793",121989,3
"794",121991,6
"795",121992,3
"796",122027,1
"797",122048,8
"798",122050,6
"799",122056,5
"800",122061,4
"801",122082,5
"802",122090,8
"803",122103,3
"804",122127,3
"805",122133,5
"806",122143,3
"807",122145,7
"808",122150,5
"809",122155,10
"810",122169,8
"811",122181,8
"812",122191,4
"813",122192,4
"814",122196,10
"815",122199,9
"816",122201,8
"817",122207,7
"818",122209,2
"819",122213,1
"820",122215,8
"821",122221,2
"822",122222,4
"823",122228,3
"824",122229,1
"825",122230,5
"826",122240,3
"827",122259,7
"828",122267,1
"829",122276,5
"830",122277,6
"831",122279,7
"832",122280,9
"833",122283,9
"834",122285,6
"835",122286,10
"836",122299,5
"837",122303,8
"838",122304,2
"839",122305,4
"840",122306,6
"841",122309,3
"842",122311,8
"843",122325,5
"844",122331,7
"845",122340,3
"846",122347,6
"847",122353,10
"848",122361,7
"849",122367,2
"850",122372,5
"851",122380,8
"852",122383,3
"853",122390,10
"854",122403,1
"855",122411,7
"856",122434,7
"857",122442,5
"858",122445,7
"859",122446,7
"860",122448,8
"861",122456,8
"862",122457,2
"863",122469,7
"864",122473,8
"865",122484,8
"866",122493,4
"867",122496,9
"868",122518,3
"869",122522,4
"870",122523,8
"871",122526,9
"872",122537,8
"873",122538,10
"874",122545,2
"875",122546,7
"876",122573,7
"877",122587,6
"878",122589,9
"879",122592,3
"880",122609,4
"881",122610,7
"882",122612,3
"883",122628,5
"884",122632,10
"885",122638,5
"886",122658,4
"887",122662,10
"888",122674,9
"889",122675,2
"890",122697,9
"891",122703,4
"892",122707,9
"893",122709,10
"894",122710,6
"895",122711,8
"896",122714,8
"897",122727,1
"898",122735,10
"899",122739,10
"900",122741,1
"901",122743,6
"902",122748,7
"903",122757,4
"904",122784,7
"905",122800,4
"906",122809,7
"907",122824,3
"908",122825,3
"909",122845,10
"910",122846,6
"911",122859,9
"912",122860,9
"913",122866,3
"914",122874,8
"915",122876,1
"916",122891,9
"917",122898,9
"918",122915,6
"919",122918,7
"920",122928,2
"921",122931,10
"922",122933,6
"923",122942,10
"924",122943,4
"925",122964,6
"926",122971,6
"927",122974,6
"928",122978,3
"929",122982,9
"930",122983,3
"931",122988,3
"932",122992,2
"933",122993,3
"934",123000,1
"935",123006,4
"936",123010,8
"937",123026,7
"938",123048,10
"939",123050,5
"940",123057,9
"941",123058,2
"942",123063,9
"943",123068,4
"944",123075,5
"945",123077,8
"946",123081,7
"947",123087,10
"948",123094,9
"949",123106,9
"950",123107,10
"951",123110,10
"952",123111,8
"953",123116,8
"954",123128,9
"955",123130,6
"956",123133,1
"957",123146,4
"958",123150,5
"959",123151,4
"960",123160,2
"961",123162,2
"962",123167,2
"963",123169,7
"964",123175,8
"965",123191,5
"966",123195,5
"967",123204,3
"968",123210,7
"969",123211,9
"970",123227,3
"971",123228,8
"972",123229,5
"973",123232,10
"974",123241,4
"975",123246,1
"976",123247,10
"977",123249,3
"978",123250,5
"979",123255,6
"980",123260,8
"981",123262,6
"982",123267,5
"983",123268,9
"984",123270,10
"985",123271,4
"986",123273,7
"987",123274,9
"988",123283,1
"989",123286,6
"990",123310,3
"991",123314,3
"992",123322,5
"993",123335,1
"994",123340,1
"995",123366,3
"996",123381,4
"997",123388,10
"998",123390,8
"999",123391,7
"1000",123395,4
"1001",123399,10
"1002",123402,3
"1003",123407,3
"1004",123409,10
"1005",123426,7
"1006",123428,5
"1007",123447,7
"1008",123449,9
"1009",123458,4
"1010",123479,6
"1011",123483,5
"1012",123486,1
"1013",123488,9
"1014",123493,8
"1015",123500,6
"1016",123509,9
"1017",123518,9
"1018",123528,10
"1019",123531,8
"1020",123533,5
"1021",123541,1
"1022",123543,9
"1023",123547,6
"1024",123549,7
"1025",123555,10
"1026",123560,9
"1027",123566,3
"1028",123570,2
"1029",123576,7
"1030",123590,6
"1031",123595,5
"1032",123600,5
"1033",123602,2
"1034",123603,3
"1035",123608,6
"1036",123612,3
"1037",123621,6
"1038",123630,3
"1039",123636,9
"1040",123642,4
"1041",123650,1
"1042",123656,9
"1043",123670,6
"1044",123672,9
"1045",123687,2
"1046",123688,5
"1047",123690,8
"1048",123692,3
"1049",123694,9
"1050",123701,8
"1051",123723,8
"1052",123724,10
"1053",123729,6
"1054",123730,7
"1055",123734,8
"1056",123736,2
"1057",123739,10
"1058",123742,3
"1059",123743,5
"1060",123751,5
"1061",123753,8
"1062",123760,1
"1063",123765,6
"1064",123766,9
"1065",123768,3
"1066",123769,8
"1067",123775,5
"1068",123781,7
"1069",123800,7
"1070",123802,10
"1071",123804,4
"1072",123816,9
"1073",123821,9
"1074",123825,4
"1075",123829,10
"1076",123830,4
"1077",123832,6
"1078",123833,5
"1079",123838,7
"1080",123840,1
"1081",123844,5
"1082",123846,10
"1083",123850,7
"1084",123853,4
"1085",123855,5
"1086",123857,4
"1087",123858,9
"1088",123864,3
"1089",123876,5
"1090",123879,3
"1091",123880,3
"1092",123887,8
"1093",123893,9
"1094",123903,8
"1095",123918,10
"1096",123919,4
"1097",123929,8
"1098",123931,4
"1099",123935,5
"1100",123938,9
"1101",123940,6
"1102",123945,2
"1103",123947,5
"1104",123950,4
"1105",123951,8
"1106",123952,6
"1107",123973,10
"1108",123977,4
"1109",123981,10
"1110",123984,5
"1111",123985,5
"1112",124000,7
"1113",124004,9
"1114",124005,7
"1115",124007,10
"1116",124008,7
"1117",124018,6
"1118",124021,6
"1119",124027,7
"1120",124030,6
"1121",124036,7
"1122",124045,6
"1123",124046,10
"1124",124048,9
"1125",124054,3
"1126",124058,1
"1127",124060,5
"1128",124079,4
"1129",124082,1
"1130",124083,2
"1131",124089,7
"1132",124093,5
"1133",124121,1
"1134",124127,1
"1135",124135,7
"1136",124147,8
"1137",124149,4
"1138",124151,7
"1139",124154,6
"1140",124156,3
"1141",124160,8
"1142",124165,5
"1143",124169,7
"1144",124171,4
"1145",124172,8
"1146",124175,5
"1147",124183,4
"1148",124189,9
"1149",124195,9
"1150",124215,3
"1151",124216,6
"1152",124221,3
"1153",124222,8
"1154",124227,7
"1155",124230,4
"1156",124231,6
"1157",124234,8
"1158",124242,8
"1159",124247,3
"1160",124249,8
"1161",124259,2
"1162",124260,6
"1163",124261,6
"1164",124272,9
"1165",124273,9
"1166",124275,7
"1167",124276,7
"1168",124286,2
"1169",124289,10
"1170",124292,5
"1171",124295,9
"1172",124305,2
"1173",124306,5
"1174",124310,8
"1175",124316,8
"1176",124319,9
"1177",124323,3
"1178",124330,10
"1179",124332,6
"1180",124335,3
"1181",124336,9
"1182",124337,10
"1183",124339,8
"1184",124356,3
"1185",124359,5
"1186",124360,3
"1187",124370,8
"1188",124372,8
"1189",124374,7
"1190",124377,4
"1191",124382,10
"1192",124394,9
"1193",124408,6
"1194",124431,10
"1195",124434,4
"1196",124438,6
"1197",124441,9
"1198",124445,7
"1199",124452,7
"1200",124455,6
"1201",124456,6
"1202",124465,6
"1203",124473,3
"1204",124478,9
"1205",124491,8
"1206",124493,10
"1207",124503,3
"1208",124505,6
"1209",124506,7
"1210",124507,4
"1211",124509,6
"1212",124521,5
"1213",124522,6
"1214",124529,4
"1215",124530,4
"1216",124533,10
"1217",124539,5
"1218",124544,4
"1219",124552,6
"1220",124553,5
"1221",124556,4
"1222",124562,3
"1223",124568,2
"1224",124573,6
"1225",124574,7
"1226",124581,7
"1227",124586,6
"1228",124587,7
"1229",124593,5
"1230",124595,9
"1231",124598,8
"1232",124600,1
"1233",124602,7
"1234",124608,4
"1235",124610,9
"1236",124611,2
"1237",124624,2
"1238",124627,7
"1239",124629,4
"1240",124631,3
"1241",124632,7
"1242",124636,3
"1243",124637,6
"1244",124653,5
"1245",124654,5
"1246",124658,9
"1247",124666,3
"1248",124667,3
"1249",124684,5
"1250",124686,9
"1251",124691,6
"1252",124692,8
"1253",124696,8
"1254",124700,10
"1255",124712,10
"1256",124716,9
"1257",124722,7
"1258",124726,3
"1259",124728,7
"1260",124731,2
"1261",124735,10
"1262",124737,8
"1263",124738,2
"1264",124739,5
"1265",124740,8
"1266",124745,2
"1267",124747,4
"1268",124748,9
"1269",124753,7
"1270",124757,4
"1271",124764,9
"1272",124765,4
"1273",124769,4
"1274",124773,8
"1275",124783,8
"1276",124789,2
"1277",124793,5
"1278",124794,3
"1279",124796,9
"1280",124798,9
"1281",124799,6
"1282",124804,5
"1283",124811,10
"1284",124817,6
"1285",124822,7
"1286",124823,10
"1287",124828,7
"1288",124831,8
"1289",124838,4
"1290",124841,6
"1291",124847,3
"1292",124848,4
"1293",124851,1
"1294",124857,8
"1295",124864,8
"1296",124865,5
"1297",124871,6
"1298",124873,8
"1299",124875,2
"1300",124885,10
"1301",124886,6
"1302",124888,10
"1303",124891,7
"1304",124897,7
"1305",124900,5
"1306",124904,6
"1307",124910,5
"1308",124916,1
"1309",124918,6
"1310",124920,10
"1311",124925,3
"1312",124935,4
"1313",124943,4
"1314",124953,10
"1315",124957,5
"1316",124964,8
"1317",124971,10
"1318",124972,6
"1319",124975,7
"1320",124977,2
"1321",124980,8
"1322",124996,1
"1323",124999,10
"1324",125004,5
"1325",125008,8
"1326",125010,2
"1327",125011,4
"1328",125019,4
"1329",125029,9
"1330",125032,8
"1331",125035,9
"1332",125044,2
"1333",125048,2
"1334",125049,3
"1335",125051,5
"1336",125057,10
"1337",125058,9
"1338",125060,7
"1339",125072,7
"1340",125073,9
"1341",125076,6
"1342",125079,1
"1343",125082,6
"1344",125084,4
"1345",125088,5
"1346",125090,2
"1347",125091,7
"1348",125095,9
"1349",125107,8
"1350",125110,1
"1351",125121,5
"1352",125122,6
"1353",125125,1
"1354",125126,4
"1355",125129,6
"1356",125131,2
"1357",125139,1
"1358",125142,2
"1359",125144,9
"1360",125151,4
"1361",125153,7
"1362",125156,7
"1363",125161,10
"1364",125162,2
"1365",125167,7
"1366",125168,3
"1367",125171,3
"1368",125180,4
"1369",125181,5
"1370",125183,8
"1371",125184,9
"1372",125188,5
"1373",125191,7
"1374",125193,10
"1375",125196,4
"1376",125199,4
"1377",125201,8
"1378",125204,2
"1379",125207,3
"1380",125216,10
"1381",125217,10
"1382",125224,10
"1383",125230,8
"1384",125233,9
"1385",125238,7
"1386",125240,10
"1387",125246,5
"1388",125253,6
"1389",125254,7
"1390",125263,9
"1391",125275,6
"1392",125277,8
"1393",125289,10
"1394",125293,1
"1395",125297,6
"1396",125298,3
"1397",125301,8
"1398",125302,10
"1399",125303,6
"1400",125304,2
"1401",125320,8
"1402",125322,10
"1403",125332,6
"1404",125335,9
"1405",125339,8
"1406",125342,7
"1407",125349,1
"1408",125352,8
"1409",125355,5
"1410",125356,5
"1411",125360,5
"1412",125362,6
"1413",125364,9
"1414",125366,3
"1415",125370,6
"1416",125371,8
"1417",125372,10
"1418",125375,3
"1419",125380,7
"1420",125383,6
"1421",125384,6
"1422",125387,4
"1423",125393,6
"1424",125394,5
"1425",125395,10
"1426",125396,7
"1427",125397,9
"1428",125401,10
"1429",125416,5
"1430",125417,4
"1431",125418,7
"1432",125419,9
"1433",125422,8
"1434",125429,3
"1435",125430,7
"1436",125436,9
"1437",125438,1
"1438",125439,2
"1439",125442,7
"1440",125447,9
"1441",125448,4
"1442",125454,10
"1443",125459,9
"1444",125463,10
"1445",125466,2
"1446",125468,3
"1447",125469,8
"1448",125470,8
"1449",125471,2
"1450",125476,5
"1451",125477,7
"1452",125478,9
"1453",125480,7
"1454",125481,8
"1455",125489,9
"1456",125491,7
"1457",125496,5
"1458",125501,2
"1459",125506,4
"1460",125517,5
"1461",125521,9
"1462",125522,10
"1463",125524,6
"1464",125525,10
"1465",125528,2
"1466",125531,8
"1467",125532,8
"1468",125533,10
"1469",125535,2
"1470",125538,2
"1471",125539,9
"1472",125545,8
"1473",125546,10
"1474",125547,1
"1475",125548,7
"1476",125552,4
"1477",125553,4
"1478",125560,4
"1479",125565,6
"1480",125566,9
"1481",125568,1
"1482",125574,8
"1483",125576,6
"1484",125577,7
"1485",125579,9
"1486",125581,10
"1487",125582,4
"1488",125584,4
"1489",125592,10
"1490",125595,6
"1491",125599,10
"1492",125604,8
"1493",125607,9
"1494",125608,7
"1495",125610,4
"1496",125612,9
"1497",125615,5
"1498",125619,10
"1499",125624,9
"1500",125632,8
"1501",125636,9
"1502",125640,7
"1503",125642,8
"1504",125643,10
"1505",125645,9
"1506",125647,2
"1507",125662,10
"1508",125663,10
"1509",125664,10
"1510",125667,8
"1511",125671,10
"1512",125672,6
"1513",125673,4
"1514",125675,8
"1515",125678,9
"1516",125679,6
"1517",125683,3
"1518",125684,6
"1519",125688,5
"1520",125693,3
"1521",125698,6
"1522",125700,6
"1523",125701,10
"1524",125704,4
"1525",125708,4
"1526",125711,3
"1527",125712,6
"1528",125718,5
"1529",125719,4
"1530",125721,8
"1531",125722,9
"1532",125730,8
"1533",125732,2
"1534",125736,10
"1535",125739,10
"1536",125748,8
"1537",125753,7
"1538",125755,5
"1539",125756,8
"1540",125760,7
"1541",125762,7
"1542",125763,10
"1543",125765,9
"1544",125767,2
"1545",125769,8
"1546",125770,1
"1547",125771,6
"1548",125773,5
"1549",125775,9
"1550",125777,8
"1551",125778,3
"1552",125783,8
"1553",125786,7
"1554",125789,7
"1555",125800,7
"1556",125803,6
"1557",125808,9
"1558",125815,4
"1559",125819,8
"1560",125820,9
"1561",125823,5
"1562",125824,7
"1563",125826,8
"1564",125827,9
"1565",125831,7
"1566",125833,4
"1567",125837,8
"1568",125840,2
"1569",125844,9
"1570",125847,1
"1571",125848,9
"1572",125849,5
"1573",125851,6
"1574",125854,3
"1575",125858,8
"1576",125860,3
"1577",125862,8
"1578",125863,6
"1579",125864,7
"1580",125873,7
"1581",125875,9
"1582",125877,8
"1583",125878,8
"1584",125884,9
"1585",125887,2
"1586",125891,8
"1587",125894,8
"1588",125898,8
"1589",125899,4
"1590",125901,4
"1591",125907,1
"1592",125908,7
"1593",125912,8
"1594",125914,9
"1595",125916,4
"1596",125920,8
"1597",125922,8
"1598",125928,5
"1599",125944,4
"1600",125947,10
"1601",125951,2
"1602",125955,9
"1603",125957,1
"1604",125958,6
"1605",125960,9
"1606",125963,8
"1607",125964,10
"1608",125969,10
"1609",125970,3
"1610",125973,2
"1611",125979,1
"1612",125980,5
"1613",125988,10
"1614",125994,4
"1615",125998,2
"1616",126002,3
"1617",126004,3
"1618",126008,2
"1619",126009,3
"1620",126016,2
"1621",126019,10
"1622",126022,10
"1623",126025,3
"1624",126027,6
"1625",126028,10
"1626",126030,2
"1627",126035,10
"1628",126036,8
"1629",126037,10
"1630",126040,10
"1631",126044,8
"1632",126045,8
"1633",126046,7
"1634",126048,10
"1635",126054,5
"1636",126055,6
"1637",126056,8
"1638",126057,9
"1639",126061,8
"1640",126063,9
"1641",126064,3
"1642",126065,3
"1643",126069,10
"1644",126083,6
"1645",126084,2
"1646",126087,2
"1647",126088,8
"1648",126089,10
"1649",126092,10
"1650",126093,1
"1651",126094,6
"1652",126096,10
"1653",126103,7
"1654",126106,10
"1655",126107,2
"1656",126109,3
"1657",126113,5
"1658",126117,9
"1659",126118,7
"1660",126119,9
"1661",126121,1
"1662",126122,7
"1663",126125,1
"1664",126126,2
"1665",126128,5
"1666",126134,9
"1667",126136,1
"1668",126137,10
"1669",126143,2
"1670",126153,5
"1671",126156,1
"1672",126163,6
"1673",126166,10
"1674",126168,6
"1675",126172,3
"1676",126175,10
"1677",126180,8
"1678",126182,7
"1679",126183,8
"1680",126186,7
"1681",126188,5
"1682",126189,3
"1683",126190,2
"1684",126200,7
"1685",126204,4
"1686",126205,5
"1687",126206,2
"1688",126208,5
"1689",126210,1
"1690",126212,9
"1691",126213,5
"1692",126218,10
"1693",126219,1
"1694",126220,3
"1695",126221,6
"1696",126224,3
"1697",126226,7
"1698",126230,10
"1699",126232,8
"1700",126238,7
"1701",126241,3
"1702",126247,7
"1703",126249,6
"1704",126250,10
"1705",126253,7
"1706",126254,1
"1707",126262,7
"1708",126263,8
"1709",126268,8
"1710",126271,4
"1711",126272,8
"1712",126277,8
"1713",126278,4
"1714",126287,10
"1715",126290,2
"1716",126292,5
"1717",126294,7
"1718",126295,1
"1719",126300,10
"1720",126304,4
"1721",126305,4
"1722",126308,6
"1723",126309,7
"1724",126310,4
"1725",126311,8
"1726",126312,4
"1727",126314,7
"1728",126316,3
"1729",126317,5
"1730",126318,5
"1731",126326,5
"1732",126331,6
"1733",126333,7
"1734",126336,10
"1735",126339,5
"1736",126343,6
"1737",126345,7
"1738",126347,3
"1739",126348,10
"1740",126351,6
"1741",126352,5
"1742",126355,6
"1743",126356,10
"1744",126362,3
"1745",126363,9
"1746",126368,9
"1747",126369,4
"1748",126370,8
"1749",126380,8
"1750",126382,5
"1751",126384,1
"1752",126386,9
"1753",126388,8
"1754",126392,3
"1755",126396,8
"1756",126403,2
"1757",126404,6
"1758",126405,7
"1759",126410,9
"1760",126413,9
"1761",126415,2
"1762",126421,8
"1763",126422,9
"1764",126423,10
"1765",126426,7
"1766",126428,7
"1767",126431,6
"1768",126433,4
"1769",126435,6
"1770",126439,8
"1771",126440,10
"1772",126442,6
"1773",126443,10
"1774",126444,10
"1775",126447,8
"1776",126451,6
"1777",126453,8
"1778",126456,9
"1779",126458,9
"1780",126461,4
"1781",126465,9
"1782",126466,9
"1783",126469,7
"1784",126470,4
"1785",126475,6
"1786",126484,5
"1787",126487,8
"1788",126495,9
"1789",126497,3
"1790",126498,7
"1791",126500,9
"1792",126501,7
"1793",126502,7
"1794",126506,6
"1795",126508,10
"1796",126509,4
"1797",126510,4
"1798",126514,10
"1799",126518,9
"1800",126527,3
"1801",126529,10
"1802",126537,4
"1803",126540,6
"1804",126544,2
"1805",126546,7
"1806",126550,8
"1807",126552,6
"1808",126553,6
"1809",126555,2
"1810",126564,3
"1811",126565,3
"1812",126566,4
"1813",126569,10
"1814",126571,10
"1815",126572,10
"1816",126574,5
"1817",126575,7
"1818",126576,8
"1819",126583,10
"1820",126585,10
"1821",126586,4
"1822",126587,9
"1823",126589,5
"1824",126591,6
"1825",126592,9
"1826",126596,6
"1827",126599,5
"1828",126600,4
"1829",126602,7
"1830",126605,2
"1831",126607,5
"1832",126609,6
"1833",126610,8
"1834",126612,7
"1835",126614,3
"1836",126615,4
"1837",126618,5
"1838",126622,3
"1839",126626,6
"1840",126627,3
"1841",126630,4
"1842",126639,10
"1843",126640,6
"1844",126641,5
"1845",126642,7
"1846",126644,6
"1847",126646,4
"1848",126647,9
"1849",126651,6
"1850",126655,7
"1851",126659,7
"1852",126660,6
"1853",126661,4
"1854",126663,1
"1855",126666,10
"1856",126668,6
"1857",126669,10
"1858",126670,7
"1859",126672,8
"1860",126673,5
"1861",126676,3
"1862",126678,10
"1863",126681,6
"1864",126682,5
"1865",126683,6
"1866",126684,7
"1867",126691,6
"1868",126692,5
"1869",126693,5
"1870",126695,6
"1871",126697,3
"1872",126699,9
"1873",126701,10
"1874",126702,8
"1875",126708,6
"1876",126709,6
"1877",126714,8
"1878",126715,2
"1879",126717,4
"1880",126720,3
"1881",126721,7
"1882",126726,3
"1883",126730,1
"1884",126731,1
"1885",126734,5
"1886",126738,7
"1887",126740,5
"1888",126742,6
"1889",126746,8
"1890",126747,9
"1891",126749,10
"1892",126751,2
"1893",126752,9
"1894",126757,5
"1895",126758,4
"1896",126759,6
"1897",126761,10
"1898",126762,7
"1899",126764,4
"1900",126768,7
"1901",126770,7
"1902",126774,10
"1903",126775,8
"1904",126777,6
"1905",126778,6
"1906",126779,9
"1907",126782,10
"1908",126787,10
"1909",126788,10
"1910",126793,8
"1911",126795,8
"1912",126796,4
"1913",126799,6
"1914",126800,3
"1915",126801,9
"1916",126802,9
"1917",126805,7
"1918",126807,6
"1919",126808,10
"1920",126811,3
"1921",126819,4
"1922",126820,6
"1923",126825,6
"1924",126826,8
"1925",126830,3
"1926",126832,8
"1927",126834,9
"1928",126837,9
"1929",126838,9
"1930",126845,4
"1931",126851,7
"1932",126852,8
"1933",126855,10
"1934",126856,10
"1935",126858,10
"1936",126859,1
"1937",126860,7
"1938",126861,1
"1939",126864,4
"1940",126865,5
"1941",126866,8
"1942",126869,10
"1943",126872,6
"1944",126878,6
"1945",126880,5
"1946",126882,9
"1947",126883,10
"1948",126885,6
"1949",126886,9
"1950",126888,8
"1951",126890,10
"1952",126891,7
"1953",126894,9
"1954",126896,4
"1955",126900,10
"1956",126901,8
"1957",126905,3
"1958",126906,10
"1959",126912,9
"1960",126913,9
"1961",126927,5
"1962",126930,6
"1963",126931,6
"1964",126934,7
"1965",126935,9
"1966",126936,4
"1967",126937,5
"1968",126938,9
"1969",126939,3
"1970",126940,9
"1971",126941,10
"1972",126943,2
"1973",126944,8
"1974",126945,9
"1975",126946,5
"1976",126947,3
"1977",126950,3
"1978",126951,1
"1979",126952,3
"1980",126954,6
"1981",126955,6
"1982",126956,7
"1983",126957,7
"1984",126958,5
"1985",126959,8
"1986",126962,8
"1987",126963,10
"1988",126969,8
"1989",126970,9
"1990",126972,6
"1991",126975,1
"1992",126978,5
"1993",126979,7
"1994",126980,8
"1995",126981,1
"1996",126984,4
"1997",126985,5
"1998",126986,1
"1999",126987,4
"2000",126988,6
"2001",126990,4
"2002",126993,6
"2003",126996,5
"2004",126997,10
"2005",127001,9
"2006",127003,3
"2007",127004,4
"2008",127007,6
"2009",127008,7
"2010",127009,9
"2011",127010,5
"2012",127015,6
"2013",127016,9
"2014",127018,9
"2015",127021,10
"2016",127023,3
"2017",127024,9
"2018",127026,10
"2019",127027,8
"2020",127028,8
"2021",127029,2
"2022",127031,5
"2023",127033,3
"2024",127038,10
"2025",127040,9
"2026",127042,8
"2027",127045,5
"2028",127049,9
"2029",127051,5
"2030",127054,9
"2031",127055,10
"2032",127059,9
"2033",127061,6
"2034",127062,6
"2035",127063,2
"2036",127065,4
"2037",127066,9
"2038",127067,4
"2039",127068,9
"2040",127072,5
"2041",127073,5
"2042",127075,10
"2043",127079,6
"2044",127087,3
"2045",127089,10
"2046",127093,10
"2047",127097,1
"2048",127098,7
"2049",127100,10
"2050",127103,8
"2051",127106,10
"2052",127110,7
"2053",127111,3
"2054",127113,8
"2055",127114,5
"2056",127123,1
"2057",127124,2
"2058",127125,2
"2059",127126,5
"2060",127127,10
"2061",127128,3
"2062",127130,9
"2063",127133,3
"2064",127134,9
"2065",127136,9
"2066",127139,10
"2067",127141,7
"2068",127143,8
"2069",127144,9
"2070",127145,10
"2071",127148,7
"2072",127150,2
"2073",127152,1
"2074",127153,8
"2075",127154,8
"2076",127157,8
"2077",127160,2
"2078",127161,9
"2079",127162,10
"2080",127163,2
"2081",127164,5
"2082",127167,10
"2083",127169,10
"2084",127171,6
"2085",127174,2
"2086",127175,3
"2087",127176,3
"2088",127177,5
"2089",127178,6
"2090",127179,10
"2091",127180,3
"2092",127184,3
"2093",127186,8
"2094",127187,7
"2095",127188,1
"2096",127189,10
"2097",127191,10
"2098",127193,7
"2099",127195,8
"2100",127198,7
"2101",127199,4
"2102",127201,9
"2103",127203,7
"2104",127204,9
"2105",127208,9
"2106",127209,10
"2107",127215,5
"2108",127216,6
"2109",127217,2
"2110",127219,9
"2111",127221,4
"2112",127222,7
"2113",127226,6
"2114",127227,7
"2115",127229,10
"2116",127230,4
"2117",127231,6
"2118",127234,10
"2119",127236,10
"2120",127239,6
"2121",127241,10
"2122",127246,7
"2123",127248,7
"2124",127249,1
"2125",127251,7
"2126",127252,2
"2127",127253,3
"2128",127257,10
"2129",127259,8
"2130",127262,8
"2131",127263,9
"2132",127265,2
"2133",127266,3
"2134",127267,6
"2135",127273,8
"2136",127275,8
"2137",127278,8
"2138",127280,3
"2139",127281,7
"2140",127282,7
"2141",127283,8
"2142",127285,6
"2143",127286,9
"2144",127289,2
"2145",127291,4
"2146",127294,6
"2147",127295,8
"2148",127296,5
"2149",127297,6
"2150",127299,4
"2151",127303,8
"2152",127304,3
"2153",127305,7
"2154",127307,2
"2155",127308,8
"2156",127313,9
"2157",127314,10
"2158",127315,10
"2159",127316,9
"2160",127318,3
"2161",127319,4
"2162",127324,7
"2163",127326,10
"2164",127327,7
"2165",127329,3
"2166",127333,9
"2167",127334,2
"2168",127335,6
"2169",127336,8
"2170",127339,7
"2171",127340,4
"2172",127342,9
"2173",127343,7
"2174",127344,4
"2175",127346,2
"2176",127347,3
"2177",127349,9
"2178",127352,8
"2179",127353,8
"2180",127354,2
"2181",127355,9
"2182",127356,4
"2183",127358,4
"2184",127359,6
"2185",127361,9
"2186",127362,7
"2187",127363,7
"2188",127365,1
"2189",127367,9
"2190",127368,10
"2191",127369,2
"2192",127370,5
"2193",127371,8
"2194",127372,10
"2195",127373,8
"2196",127376,5
"2197",127377,5
"2198",127379,5
"2199",127382,4
"2200",127383,7
"2201",127384,8
"2202",127386,7
"2203",127389,9
"2204",127392,3
"2205",127393,6
"2206",127399,7
"2207",127401,5
"2208",127403,1
"2209",127407,10
"2210",127408,8
"2211",127409,8
"2212",127410,10
"2213",127416,10
"2214",127417,10
"2215",127418,10
"2216",127419,4
"2217",127421,9
"2218",127422,9
"2219",127423,5
"2220",127424,8
"2221",127429,8
"2222",127431,5
"2223",127432,8
"2224",127433,6
"2225",127435,2
"2226",127436,10
"2227",127438,7
"2228",127442,10
"2229",127443,9
"2230",127447,9
"2231",127449,4
"2232",127452,9
"2233",127453,1
"2234",127454,3
"2235",127457,2
"2236",127458,3
"2237",127459,8
"2238",127460,6
"2239",127462,9
"2240",127464,9
"2241",127465,3
"2242",127466,8
"2243",127470,6
"2244",127471,7
"2245",127472,7
"2246",127473,8
"2247",127477,7
"2248",127478,8
"2249",127479,10
"2250",127482,6
"2251",127483,9
"2252",127485,5
"2253",127486,5
"2254",127488,9
"2255",127496,8
"2256",127497,10
"2257",127501,3
"2258",127502,8
"2259",127503,10
"2260",127504,5
"2261",127505,7
"2262",127507,7
"2263",127509,4
"2264",127511,4
"2265",127515,7
"2266",127516,5
"2267",127518,7
"2268",127522,8
"2269",127525,9
"2270",127527,6
"2271",127528,9
"2272",127529,5
"2273",127531,4
"2274",127533,8
"2275",127536,8
"2276",127537,5
"2277",127538,7
"2278",127540,7
"2279",127542,4
"2280",127543,6
"2281",127548,10
"2282",127550,5
"2283",127551,10
"2284",127553,9
"2285",127554,5
"2286",127556,10
"2287",127557,7
"2288",127558,10
"2289",127559,3
"2290",127560,5
"2291",127561,10
"2292",127563,10
"2293",127567,3
"2294",127568,10
"2295",127569,10
"2296",127570,7
"2297",127571,8
"2298",127572,9
"2299",127573,5
"2300",127574,9
"2301",127575,6
"2302",127577,4
"2303",127581,4
"2304",127582,7
"2305",127584,4
"2306",127585,6
"2307",127586,7
"2308",127587,9
"2309",127588,5
"2310",127590,10
"2311",127591,5
"2312",127592,10
"2313",127593,10
"2314",127594,2
"2315",127596,8
"2316",127597,7
"2317",127598,7
"2318",127599,7
"2319",127600,1
"2320",127601,9
"2321",127603,4
"2322",127604,4
"2323",127605,10
"2324",127607,4
"2325",127608,8
"2326",127609,9
"2327",127610,9
"2328",127611,10
"2329",127612,10
"2330",127614,10
"2331",127616,2
"2332",127619,10
"2333",127620,10
"2334",127622,4
"2335",127623,7
"2336",127624,8
"2337",127625,8
"2338",127626,9
"2339",127627,5
"2340",127628,8
"2341",127629,3
"2342",127631,10
"2343",127633,5
"2344",127634,8
"2345",127636,8
"2346",127637,8
"2347",127638,9
"2348",127640,10
"2349",127641,10
"2350",127645,10
"2351",127651,10
"2352",127654,5
"2353",127655,6
"2354",127656,5
"2355",127657,10
"2356",127658,3
"2357",127659,5
"2358",127660,6
"2359",127661,8
"2360",127663,9
"2361",127664,8
"2362",127665,8
"2363",127666,7
"2364",127668,10
"2365",127669,9
"2366",127670,3
"2367",127672,7
"2368",127676,10
"2369",127678,4
"2370",127679,7
"2371",127681,10
"2372",127682,7
"2373",127683,5
"2374",127686,5
"2375",127687,6
"2376",127690,9
"2377",127692,6
"2378",127693,8
"2379",127694,10
"2380",127696,5
"2381",127697,10
"2382",127698,5
"2383",127699,5
"2384",127702,4
"2385",127706,10
"2386",127707,7
"2387",127711,5
"2388",127712,2
"2389",127714,8
"2390",127715,7
"2391",127716,9
"2392",127717,5
"2393",127720,7
"2394",127721,10
"2395",127722,5
"2396",127723,8
"2397",127724,8
"2398",127725,1
"2399",127726,10
"2400",127727,3
"2401",127728,9
"2402",127729,4
"2403",127731,9
"2404",127736,4
"2405",127737,6
"2406",127738,9
"2407",127739,10
"2408",127742,7
"2409",127743,4
"2410",127745,10
"2411",127746,4
"2412",127747,10
"2413",127749,9
"2414",127750,10
"2415",127753,6
"2416",127754,9
"2417",127755,10
"2418",127757,10
"2419",127758,4
"2420",127759,6
"2421",127760,7
"2422",127761,10
"2423",127762,5
"2424",127764,10
"2425",127765,1
"2426",127768,2
"2427",127769,10
"2428",127770,4
"2429",127771,5
"2430",127773,6
"2431",127774,4
"2432",127775,5
"2433",127776,8
"2434",127777,10
"2435",127778,10
"2436",127785,7
"2437",127787,9
"2438",127788,6
"2439",127789,5
"2440",127790,7
"2441",127791,8
"2442",127792,8
"2443",127793,7
"2444",127794,2
"2445",127796,6
"2446",127797,6
"2447",127798,6
"2448",127802,6
"2449",127804,6
"2450",127805,6
"2451",127808,5
"2452",127809,3
"2453",127812,7
"2454",127813,4
"2455",127815,6
"2456",127816,8
"2457",127818,5
"2458",127819,9
"2459",127820,10
"2460",127822,10
"2461",127823,10
"2462",127826,5
"2463",127827,6
"2464",127828,9
"2465",127830,3
"2466",127832,6
"2467",127833,7
"2468",127834,9
"2469",127835,5
"2470",127836,8
"2471",127838,5
"2472",127839,9
"2473",127841,3
"2474",127842,8
"2475",127843,4
"2476",127845,1
"2477",127846,5
"2478",127847,8
"2479",127848,4
"2480",127849,10
"2481",127850,3
"2482",127851,3
"2483",127852,6
"2484",127855,10
"2485",127856,6
"2486",127857,7
"2487",127858,9
"2488",127859,9
"2489",127860,9
"2490",127862,6
"2491",127863,4
"2492",127864,8
"2493",127865,10
"2494",127867,10
"2495",127868,9
"2496",127869,7
"2497",127870,9
"2498",127871,9
"2499",127872,8
"2500",127874,10
"2501",127875,1
"2502",127876,3
"2503",127877,7
"2504",127878,10
"2505",127880,8
"2506",127882,3
"2507",127883,6
"2508",127884,3
"2509",127885,6
"2510",127887,10
"2511",127889,5
"2512",127890,9
"2513",127891,2
"2514",127892,7
"2515",127894,10
"2516",127896,6
"2517",127897,10
"2518",127898,9
"2519",127899,8
"2520",127900,8
"2521",127901,6
"2522",127903,7
"2523",127905,8
"2524",127907,5
"2525",127908,9
"2526",127909,10
"2527",127910,6
"2528",127911,6
"2529",127912,6
"2530",127916,10
"2531",127917,6
"2532",127918,8
"2533",127919,5
"2534",127921,6
"2535",127922,8
"2536",127924,8
"2537",127925,6
"2538",127926,1
"2539",127927,2
"2540",127928,4
"2541",127929,2
"2542",127930,7
"2543",127931,10
"2544",127933,9
"2545",127935,10
"2546",127936,10
"2547",127938,5
"2548",127939,9
"2549",127941,2
"2550",127942,4
"2551",127943,6
"2552",127945,8
"2553",127947,9
"2554",127948,10
"2555",127949,6
"2556",127950,8
"2557",127951,10
"2558",127953,8
"2559",127954,9
"2560",127955,10
"2561",127958,3
"2562",127960,8
"2563",127961,5
"2564",127962,7
"2565",127965,6
"2566",127968,3
"2567",127969,10
"2568",127970,5
"2569",127971,4
"2570",127972,7
"2571",127973,8
"2572",127975,10
"2573",127976,6
"2574",127977,9
"2575",127978,10
"2576",127979,10
"2577",127981,1
"2578",127982,4
"2579",127985,6
"2580",127986,9
"2581",127987,6
"2582",127989,6
"2583",127990,7
"2584",127991,4
"2585",127992,5
"2586",127993,9
"2587",127996,9
"2588",127997,5
"2589",127998,10
"2590",127999,10
"2591",128003,9
"2592",128004,10
"2593",128005,10
"2594",128006,4
"2595",128007,7
"2596",128009,7
"2597",128010,8
"2598",128011,6
"2599",128012,8
"2600",128013,3
"2601",128014,3
"2602",128015,6
"2603",128016,9
"2604",128017,6
"2605",128019,7
"2606",128020,2
"2607",128021,7
"2608",128022,7
"2609",128023,9
"2610",128024,7
"2611",128027,10
"2612",128028,1
"2613",128029,5
"2614",128030,6
"2615",128031,3
"2616",128032,6
"2617",128033,6
"2618",128036,7
"2619",128037,5
"2620",128038,4
"2621",128039,10
"2622",128041,9
"2623",128042,8
"2624",128044,10
"2625",128045,8
"2626",128046,9
"2627",128047,4
"2628",128048,10
"2629",128049,8
"2630",128050,9
"2631",128051,9
"2632",128052,9
"2633",128054,8
"2634",128055,7
"2635",128056,8
"2636",128057,10
"2637",128058,2
"2638",128059,5
"2639",128060,5
"2640",128061,9
"2641",128063,3
"2642",128064,2
"2643",128066,10
"2644",128067,4
"2645",128068,8
"2646",128069,4
"2647",128070,8
"2648",128071,9
"2649",128072,5
"2650",128073,10
"2651",128075,4
"2652",128076,9
"2653",128078,4
"2654",128079,7
"2655",128080,8
"2656",128082,2
"2657",128083,7
"2658",128085,3
"2659",128086,6
"2660",128087,9
"2661",128088,9
"2662",128090,6
"2663",128091,7
"2664",128093,8
"2665",128094,9
"2666",128096,5
"2667",128097,5
"2668",128098,10
"2669",128099,3
"2670",128100,8
"2671",128101,5
"2672",128102,9
"2673",128103,3
"2674",128104,9
"2675",128106,2
"2676",128107,10
"2677",128108,9
"2678",128109,9
"2679",128110,9
"2680",128112,4
"2681",128114,3
"2682",128115,9
"2683",128116,6
"2684",128117,6
"2685",128118,6
"2686",128119,2
"2687",128121,5
"2688",128123,4
"2689",128124,4
"2690",128125,5
"2691",128126,10
"2692",128127,10
"2693",128128,8
"2694",128130,4
"2695",128131,9
"2696",128132,9
"2697",128133,10
"2698",128134,2
"2699",128135,10
"2700",128136,4
"2701",128137,3
"2702",128138,5
"2703",128139,8
